[2026-05-26T15:39:39.337+0000] {manager.py:470} INFO - Processing files using up to 2 processes at a time 
[2026-05-26T15:39:39.338+0000] {manager.py:471} INFO - Process each file at most once every 30 seconds
[2026-05-26T15:39:39.338+0000] {manager.py:472} INFO - Checking for new files in /opt/airflow/dags every 300 seconds
[2026-05-26T15:39:39.338+0000] {manager.py:737} INFO - Searching for files in /opt/airflow/dags
[2026-05-26T15:39:39.339+0000] {manager.py:740} INFO - There are 0 files in /opt/airflow/dags
[2026-05-26T15:44:39.583+0000] {manager.py:737} INFO - Searching for files in /opt/airflow/dags
[2026-05-26T15:44:39.588+0000] {manager.py:740} INFO - There are 0 files in /opt/airflow/dags
[2026-05-26T15:49:39.868+0000] {manager.py:737} INFO - Searching for files in /opt/airflow/dags
[2026-05-26T15:49:39.873+0000] {manager.py:740} INFO - There are 0 files in /opt/airflow/dags
[2026-05-26T16:52:52.705+0000] {manager.py:470} INFO - Processing files using up to 2 processes at a time 
[2026-05-26T16:52:52.706+0000] {manager.py:471} INFO - Process each file at most once every 30 seconds
[2026-05-26T16:52:52.706+0000] {manager.py:472} INFO - Checking for new files in /opt/airflow/dags every 300 seconds
[2026-05-26T16:52:52.706+0000] {manager.py:737} INFO - Searching for files in /opt/airflow/dags
[2026-05-26T16:52:52.707+0000] {manager.py:740} INFO - There are 0 files in /opt/airflow/dags
[2026-05-26T16:57:53.196+0000] {manager.py:737} INFO - Searching for files in /opt/airflow/dags
[2026-05-26T16:57:53.200+0000] {manager.py:740} INFO - There are 0 files in /opt/airflow/dags
[2026-05-26T17:02:53.875+0000] {manager.py:737} INFO - Searching for files in /opt/airflow/dags
[2026-05-26T17:02:53.879+0000] {manager.py:740} INFO - There are 0 files in /opt/airflow/dags
[2026-05-26T17:07:54.406+0000] {manager.py:737} INFO - Searching for files in /opt/airflow/dags
[2026-05-26T17:07:54.408+0000] {manager.py:740} INFO - There are 0 files in /opt/airflow/dags
[2026-05-26T17:12:54.787+0000] {manager.py:737} INFO - Searching for files in /opt/airflow/dags
[2026-05-26T17:12:54.792+0000] {manager.py:740} INFO - There are 0 files in /opt/airflow/dags
[2026-05-26T17:17:55.022+0000] {manager.py:737} INFO - Searching for files in /opt/airflow/dags
[2026-05-26T17:17:55.026+0000] {manager.py:740} INFO - There are 0 files in /opt/airflow/dags
[2026-05-26T17:22:55.351+0000] {manager.py:737} INFO - Searching for files in /opt/airflow/dags
[2026-05-26T17:22:55.354+0000] {manager.py:740} INFO - There are 0 files in /opt/airflow/dags
[2026-05-26T17:27:55.992+0000] {manager.py:737} INFO - Searching for files in /opt/airflow/dags
[2026-05-26T17:27:55.995+0000] {manager.py:740} INFO - There are 0 files in /opt/airflow/dags
[2026-05-26T17:32:56.922+0000] {manager.py:737} INFO - Searching for files in /opt/airflow/dags
[2026-05-26T17:32:56.924+0000] {manager.py:740} INFO - There are 0 files in /opt/airflow/dags
[2026-05-26T17:37:57.619+0000] {manager.py:737} INFO - Searching for files in /opt/airflow/dags
[2026-05-26T17:37:57.624+0000] {manager.py:740} INFO - There are 0 files in /opt/airflow/dags
[2026-05-26T17:42:58.482+0000] {manager.py:737} INFO - Searching for files in /opt/airflow/dags
[2026-05-26T17:42:58.486+0000] {manager.py:740} INFO - There are 0 files in /opt/airflow/dags
[2026-05-26T17:47:58.601+0000] {manager.py:737} INFO - Searching for files in /opt/airflow/dags
[2026-05-26T17:47:58.605+0000] {manager.py:740} INFO - There are 0 files in /opt/airflow/dags
[2026-05-26T17:52:58.714+0000] {manager.py:737} INFO - Searching for files in /opt/airflow/dags
[2026-05-26T17:52:58.717+0000] {manager.py:740} INFO - There are 0 files in /opt/airflow/dags
[2026-05-26T17:57:59.592+0000] {manager.py:737} INFO - Searching for files in /opt/airflow/dags
[2026-05-26T17:57:59.597+0000] {manager.py:740} INFO - There are 0 files in /opt/airflow/dags
[2026-05-26T18:02:59.911+0000] {manager.py:737} INFO - Searching for files in /opt/airflow/dags
[2026-05-26T18:02:59.914+0000] {manager.py:740} INFO - There are 0 files in /opt/airflow/dags
[2026-05-26T18:08:00.421+0000] {manager.py:737} INFO - Searching for files in /opt/airflow/dags
[2026-05-26T18:08:00.424+0000] {manager.py:740} INFO - There are 0 files in /opt/airflow/dags
[2026-05-26T18:13:00.840+0000] {manager.py:737} INFO - Searching for files in /opt/airflow/dags
[2026-05-26T18:13:00.844+0000] {manager.py:740} INFO - There are 0 files in /opt/airflow/dags
[2026-05-26T18:18:01.220+0000] {manager.py:737} INFO - Searching for files in /opt/airflow/dags
[2026-05-26T18:18:01.224+0000] {manager.py:740} INFO - There are 0 files in /opt/airflow/dags
[2026-05-26T18:23:01.558+0000] {manager.py:737} INFO - Searching for files in /opt/airflow/dags
[2026-05-26T18:23:01.560+0000] {manager.py:740} INFO - There are 0 files in /opt/airflow/dags
[2026-05-26T18:28:01.894+0000] {manager.py:737} INFO - Searching for files in /opt/airflow/dags
[2026-05-26T18:28:01.898+0000] {manager.py:740} INFO - There are 0 files in /opt/airflow/dags
[2026-05-26T18:33:02.276+0000] {manager.py:737} INFO - Searching for files in /opt/airflow/dags
[2026-05-26T18:33:02.280+0000] {manager.py:740} INFO - There are 0 files in /opt/airflow/dags
[2026-05-26T18:38:02.767+0000] {manager.py:737} INFO - Searching for files in /opt/airflow/dags
[2026-05-26T18:38:02.770+0000] {manager.py:740} INFO - There are 0 files in /opt/airflow/dags
[2026-05-26T18:43:03.045+0000] {manager.py:737} INFO - Searching for files in /opt/airflow/dags
[2026-05-26T18:43:03.047+0000] {manager.py:740} INFO - There are 0 files in /opt/airflow/dags
[2026-05-26T18:48:03.418+0000] {manager.py:737} INFO - Searching for files in /opt/airflow/dags
[2026-05-26T18:48:03.422+0000] {manager.py:740} INFO - There are 0 files in /opt/airflow/dags
[2026-05-26T18:53:03.752+0000] {manager.py:737} INFO - Searching for files in /opt/airflow/dags
[2026-05-26T18:53:03.756+0000] {manager.py:740} INFO - There are 0 files in /opt/airflow/dags
[2026-05-26T18:58:04.070+0000] {manager.py:737} INFO - Searching for files in /opt/airflow/dags
[2026-05-26T18:58:04.074+0000] {manager.py:740} INFO - There are 0 files in /opt/airflow/dags
[2026-05-26T19:03:04.530+0000] {manager.py:737} INFO - Searching for files in /opt/airflow/dags
[2026-05-26T19:03:04.534+0000] {manager.py:740} INFO - There are 0 files in /opt/airflow/dags
[2026-05-26T19:08:04.824+0000] {manager.py:737} INFO - Searching for files in /opt/airflow/dags
[2026-05-26T19:08:04.829+0000] {manager.py:740} INFO - There are 0 files in /opt/airflow/dags
[2026-05-26T19:13:05.126+0000] {manager.py:737} INFO - Searching for files in /opt/airflow/dags
[2026-05-26T19:13:05.127+0000] {manager.py:740} INFO - There are 0 files in /opt/airflow/dags
[2026-05-26T19:18:05.844+0000] {manager.py:737} INFO - Searching for files in /opt/airflow/dags
[2026-05-26T19:18:05.845+0000] {manager.py:740} INFO - There are 0 files in /opt/airflow/dags
[2026-05-26T19:23:06.284+0000] {manager.py:737} INFO - Searching for files in /opt/airflow/dags
[2026-05-26T19:23:06.288+0000] {manager.py:740} INFO - There are 0 files in /opt/airflow/dags
[2026-05-26T19:28:06.798+0000] {manager.py:737} INFO - Searching for files in /opt/airflow/dags
[2026-05-26T19:28:06.801+0000] {manager.py:740} INFO - There are 0 files in /opt/airflow/dags
[2026-05-26T19:33:07.368+0000] {manager.py:737} INFO - Searching for files in /opt/airflow/dags
[2026-05-26T19:33:07.373+0000] {manager.py:740} INFO - There are 0 files in /opt/airflow/dags
[2026-05-26T19:38:08.315+0000] {manager.py:737} INFO - Searching for files in /opt/airflow/dags
[2026-05-26T19:38:08.317+0000] {manager.py:740} INFO - There are 0 files in /opt/airflow/dags
[2026-05-26T19:43:08.666+0000] {manager.py:737} INFO - Searching for files in /opt/airflow/dags
[2026-05-26T19:43:08.669+0000] {manager.py:740} INFO - There are 0 files in /opt/airflow/dags
[2026-05-26T19:48:08.968+0000] {manager.py:737} INFO - Searching for files in /opt/airflow/dags
[2026-05-26T19:48:08.972+0000] {manager.py:740} INFO - There are 0 files in /opt/airflow/dags
[2026-05-26T19:53:09.142+0000] {manager.py:737} INFO - Searching for files in /opt/airflow/dags
[2026-05-26T19:53:09.145+0000] {manager.py:740} INFO - There are 0 files in /opt/airflow/dags
[2026-05-26T19:58:09.380+0000] {manager.py:737} INFO - Searching for files in /opt/airflow/dags
[2026-05-26T19:58:09.381+0000] {manager.py:740} INFO - There are 0 files in /opt/airflow/dags
[2026-05-26T20:03:09.714+0000] {manager.py:737} INFO - Searching for files in /opt/airflow/dags
[2026-05-26T20:03:09.719+0000] {manager.py:740} INFO - There are 0 files in /opt/airflow/dags
[2026-05-26T20:08:10.112+0000] {manager.py:737} INFO - Searching for files in /opt/airflow/dags
[2026-05-26T20:08:10.118+0000] {manager.py:740} INFO - There are 0 files in /opt/airflow/dags
[2026-05-26T20:13:10.285+0000] {manager.py:737} INFO - Searching for files in /opt/airflow/dags
[2026-05-26T20:13:10.289+0000] {manager.py:740} INFO - There are 0 files in /opt/airflow/dags
[2026-05-26T20:18:10.679+0000] {manager.py:737} INFO - Searching for files in /opt/airflow/dags
[2026-05-26T20:18:10.681+0000] {manager.py:740} INFO - There are 0 files in /opt/airflow/dags
[2026-05-26T20:23:11.006+0000] {manager.py:737} INFO - Searching for files in /opt/airflow/dags
[2026-05-26T20:23:11.008+0000] {manager.py:740} INFO - There are 0 files in /opt/airflow/dags
[2026-05-26T20:28:11.206+0000] {manager.py:737} INFO - Searching for files in /opt/airflow/dags
[2026-05-26T20:28:11.210+0000] {manager.py:740} INFO - There are 0 files in /opt/airflow/dags
[2026-05-26T20:33:11.293+0000] {manager.py:737} INFO - Searching for files in /opt/airflow/dags
[2026-05-26T20:33:11.297+0000] {manager.py:740} INFO - There are 0 files in /opt/airflow/dags
[2026-05-26T20:38:11.483+0000] {manager.py:737} INFO - Searching for files in /opt/airflow/dags
[2026-05-26T20:38:11.485+0000] {manager.py:740} INFO - There are 0 files in /opt/airflow/dags
[2026-05-26T20:42:20.111+0000] {manager.py:452} INFO - Exiting gracefully upon receiving signal 15
[2026-05-27T09:47:53.819+0000] {manager.py:470} INFO - Processing files using up to 2 processes at a time 
[2026-05-27T09:47:53.819+0000] {manager.py:471} INFO - Process each file at most once every 30 seconds
[2026-05-27T09:47:53.819+0000] {manager.py:472} INFO - Checking for new files in /opt/airflow/dags every 300 seconds
[2026-05-27T09:47:53.820+0000] {manager.py:737} INFO - Searching for files in /opt/airflow/dags
[2026-05-27T09:47:53.821+0000] {manager.py:740} INFO - There are 0 files in /opt/airflow/dags
[2026-05-27T09:52:54.781+0000] {manager.py:737} INFO - Searching for files in /opt/airflow/dags
[2026-05-27T09:52:54.783+0000] {manager.py:740} INFO - There are 0 files in /opt/airflow/dags
[2026-05-27T09:57:55.057+0000] {manager.py:737} INFO - Searching for files in /opt/airflow/dags
[2026-05-27T09:57:55.059+0000] {manager.py:740} INFO - There are 0 files in /opt/airflow/dags
[2026-05-27T10:02:55.142+0000] {manager.py:737} INFO - Searching for files in /opt/airflow/dags
[2026-05-27T10:02:55.144+0000] {manager.py:740} INFO - There are 0 files in /opt/airflow/dags
[2026-05-27T10:07:55.230+0000] {manager.py:737} INFO - Searching for files in /opt/airflow/dags
[2026-05-27T10:07:55.233+0000] {manager.py:740} INFO - There are 0 files in /opt/airflow/dags
[2026-05-27T10:12:55.246+0000] {manager.py:737} INFO - Searching for files in /opt/airflow/dags
[2026-05-27T10:12:55.249+0000] {manager.py:740} INFO - There are 0 files in /opt/airflow/dags
[2026-05-27T10:17:56.176+0000] {manager.py:737} INFO - Searching for files in /opt/airflow/dags
[2026-05-27T10:17:56.179+0000] {manager.py:740} INFO - There are 0 files in /opt/airflow/dags
[2026-05-27T10:22:56.188+0000] {manager.py:737} INFO - Searching for files in /opt/airflow/dags
[2026-05-27T10:22:56.192+0000] {manager.py:740} INFO - There are 0 files in /opt/airflow/dags
[2026-05-27T10:27:56.242+0000] {manager.py:737} INFO - Searching for files in /opt/airflow/dags
[2026-05-27T10:27:56.245+0000] {manager.py:740} INFO - There are 0 files in /opt/airflow/dags
[2026-05-27T10:32:56.267+0000] {manager.py:737} INFO - Searching for files in /opt/airflow/dags
[2026-05-27T10:32:56.271+0000] {manager.py:740} INFO - There are 0 files in /opt/airflow/dags
[2026-05-27T10:37:57.186+0000] {manager.py:737} INFO - Searching for files in /opt/airflow/dags
[2026-05-27T10:37:57.190+0000] {manager.py:740} INFO - There are 0 files in /opt/airflow/dags
[2026-05-27T10:42:58.021+0000] {manager.py:737} INFO - Searching for files in /opt/airflow/dags
[2026-05-27T10:42:58.025+0000] {manager.py:740} INFO - There are 0 files in /opt/airflow/dags
[2026-05-27T10:47:58.977+0000] {manager.py:737} INFO - Searching for files in /opt/airflow/dags
[2026-05-27T10:47:58.979+0000] {manager.py:740} INFO - There are 0 files in /opt/airflow/dags
[2026-05-27T10:52:59.086+0000] {manager.py:737} INFO - Searching for files in /opt/airflow/dags
[2026-05-27T10:52:59.090+0000] {manager.py:740} INFO - There are 0 files in /opt/airflow/dags
[2026-05-27T10:57:59.167+0000] {manager.py:737} INFO - Searching for files in /opt/airflow/dags
[2026-05-27T10:57:59.170+0000] {manager.py:740} INFO - There are 0 files in /opt/airflow/dags
[2026-05-27T11:02:59.302+0000] {manager.py:737} INFO - Searching for files in /opt/airflow/dags
[2026-05-27T11:02:59.306+0000] {manager.py:740} INFO - There are 0 files in /opt/airflow/dags
[2026-05-27T11:07:59.464+0000] {manager.py:737} INFO - Searching for files in /opt/airflow/dags
[2026-05-27T11:07:59.468+0000] {manager.py:740} INFO - There are 0 files in /opt/airflow/dags
[2026-05-27T11:12:59.557+0000] {manager.py:737} INFO - Searching for files in /opt/airflow/dags
[2026-05-27T11:12:59.561+0000] {manager.py:740} INFO - There are 0 files in /opt/airflow/dags
[2026-05-27T11:17:59.746+0000] {manager.py:737} INFO - Searching for files in /opt/airflow/dags
[2026-05-27T11:17:59.749+0000] {manager.py:740} INFO - There are 0 files in /opt/airflow/dags
[2026-05-27T11:23:00.642+0000] {manager.py:737} INFO - Searching for files in /opt/airflow/dags
[2026-05-27T11:23:00.645+0000] {manager.py:740} INFO - There are 0 files in /opt/airflow/dags
[2026-05-27T11:28:00.793+0000] {manager.py:737} INFO - Searching for files in /opt/airflow/dags
[2026-05-27T11:28:00.798+0000] {manager.py:740} INFO - There are 0 files in /opt/airflow/dags
[2026-05-27T11:33:00.970+0000] {manager.py:737} INFO - Searching for files in /opt/airflow/dags
[2026-05-27T11:33:00.973+0000] {manager.py:740} INFO - There are 0 files in /opt/airflow/dags
[2026-05-27T11:38:01.172+0000] {manager.py:737} INFO - Searching for files in /opt/airflow/dags
[2026-05-27T11:38:01.177+0000] {manager.py:740} INFO - There are 0 files in /opt/airflow/dags
[2026-05-27T11:43:01.441+0000] {manager.py:737} INFO - Searching for files in /opt/airflow/dags
[2026-05-27T11:43:01.446+0000] {manager.py:740} INFO - There are 0 files in /opt/airflow/dags
[2026-05-27T11:48:01.692+0000] {manager.py:737} INFO - Searching for files in /opt/airflow/dags
[2026-05-27T11:48:01.698+0000] {manager.py:740} INFO - There are 0 files in /opt/airflow/dags
[2026-05-27T11:53:02.478+0000] {manager.py:737} INFO - Searching for files in /opt/airflow/dags
[2026-05-27T11:53:02.482+0000] {manager.py:740} INFO - There are 0 files in /opt/airflow/dags
[2026-05-27T11:58:03.453+0000] {manager.py:737} INFO - Searching for files in /opt/airflow/dags
[2026-05-27T11:58:03.457+0000] {manager.py:740} INFO - There are 0 files in /opt/airflow/dags
[2026-05-27T12:03:04.171+0000] {manager.py:737} INFO - Searching for files in /opt/airflow/dags
[2026-05-27T12:03:04.173+0000] {manager.py:740} INFO - There are 0 files in /opt/airflow/dags
[2026-05-27T12:08:04.801+0000] {manager.py:737} INFO - Searching for files in /opt/airflow/dags
[2026-05-27T12:08:04.804+0000] {manager.py:740} INFO - There are 0 files in /opt/airflow/dags
[2026-05-27T12:13:05.160+0000] {manager.py:737} INFO - Searching for files in /opt/airflow/dags
[2026-05-27T12:13:05.164+0000] {manager.py:740} INFO - There are 0 files in /opt/airflow/dags
[2026-05-27T12:18:05.649+0000] {manager.py:737} INFO - Searching for files in /opt/airflow/dags
[2026-05-27T12:18:05.656+0000] {manager.py:740} INFO - There are 0 files in /opt/airflow/dags
[2026-05-27T12:23:06.279+0000] {manager.py:737} INFO - Searching for files in /opt/airflow/dags
[2026-05-27T12:23:06.285+0000] {manager.py:740} INFO - There are 1 files in /opt/airflow/dags
[2026-05-27T12:23:26.397+0000] {manager.py:878} INFO - 
================================================================================
DAG File Processing Stats

File Path                                    PID    Runtime      # DAGs    # Errors  Last Runtime    Last Run
-------------------------------------------  -----  ---------  --------  ----------  --------------  -------------------
/opt/airflow/dags/minio_to_snowflake_dag.py                           1           0  0.92s           2026-05-27T12:23:07
================================================================================
[2026-05-27T12:23:56.684+0000] {manager.py:878} INFO - 
================================================================================
DAG File Processing Stats

File Path                                    PID    Runtime      # DAGs    # Errors  Last Runtime    Last Run
-------------------------------------------  -----  ---------  --------  ----------  --------------  -------------------
/opt/airflow/dags/minio_to_snowflake_dag.py                           1           0  0.30s           2026-05-27T12:23:37
================================================================================
[2026-05-27T12:24:27.167+0000] {manager.py:878} INFO - 
================================================================================
DAG File Processing Stats

File Path                                    PID    Runtime      # DAGs    # Errors  Last Runtime    Last Run
-------------------------------------------  -----  ---------  --------  ----------  --------------  -------------------
/opt/airflow/dags/minio_to_snowflake_dag.py                           1           0  0.27s           2026-05-27T12:24:08
================================================================================
[2026-05-27T12:24:57.698+0000] {manager.py:878} INFO - 
================================================================================
DAG File Processing Stats

File Path                                    PID    Runtime      # DAGs    # Errors  Last Runtime    Last Run
-------------------------------------------  -----  ---------  --------  ----------  --------------  -------------------
/opt/airflow/dags/minio_to_snowflake_dag.py                           1           0  0.29s           2026-05-27T12:24:38
================================================================================
[2026-05-27T12:25:28.284+0000] {manager.py:878} INFO - 
================================================================================
DAG File Processing Stats

File Path                                    PID    Runtime      # DAGs    # Errors  Last Runtime    Last Run
-------------------------------------------  -----  ---------  --------  ----------  --------------  -------------------
/opt/airflow/dags/minio_to_snowflake_dag.py                           1           0  0.32s           2026-05-27T12:25:09
================================================================================
[2026-05-27T12:25:58.808+0000] {manager.py:878} INFO - 
================================================================================
DAG File Processing Stats

File Path                                    PID    Runtime      # DAGs    # Errors  Last Runtime    Last Run
-------------------------------------------  -----  ---------  --------  ----------  --------------  -------------------
/opt/airflow/dags/minio_to_snowflake_dag.py                           1           0  0.29s           2026-05-27T12:25:39
================================================================================
[2026-05-27T12:26:29.410+0000] {manager.py:878} INFO - 
================================================================================
DAG File Processing Stats

File Path                                    PID    Runtime      # DAGs    # Errors  Last Runtime    Last Run
-------------------------------------------  -----  ---------  --------  ----------  --------------  -------------------
/opt/airflow/dags/minio_to_snowflake_dag.py                           1           0  0.28s           2026-05-27T12:26:10
================================================================================
[2026-05-27T12:26:59.996+0000] {manager.py:878} INFO - 
================================================================================
DAG File Processing Stats

File Path                                    PID    Runtime      # DAGs    # Errors  Last Runtime    Last Run
-------------------------------------------  -----  ---------  --------  ----------  --------------  -------------------
/opt/airflow/dags/minio_to_snowflake_dag.py                           1           0  0.28s           2026-05-27T12:26:41
================================================================================
[2026-05-27T12:27:30.508+0000] {manager.py:878} INFO - 
================================================================================
DAG File Processing Stats

File Path                                    PID    Runtime      # DAGs    # Errors  Last Runtime    Last Run
-------------------------------------------  -----  ---------  --------  ----------  --------------  -------------------
/opt/airflow/dags/minio_to_snowflake_dag.py                           1           0  0.28s           2026-05-27T12:27:11
================================================================================
[2026-05-27T12:28:00.784+0000] {manager.py:878} INFO - 
================================================================================
DAG File Processing Stats

File Path                                    PID    Runtime      # DAGs    # Errors  Last Runtime    Last Run
-------------------------------------------  -----  ---------  --------  ----------  --------------  -------------------
/opt/airflow/dags/minio_to_snowflake_dag.py                           1           0  0.28s           2026-05-27T12:27:41
================================================================================
[2026-05-27T12:28:06.835+0000] {manager.py:737} INFO - Searching for files in /opt/airflow/dags
[2026-05-27T12:28:06.846+0000] {manager.py:740} INFO - There are 1 files in /opt/airflow/dags
[2026-05-27T12:28:31.304+0000] {manager.py:878} INFO - 
================================================================================
DAG File Processing Stats

File Path                                    PID    Runtime      # DAGs    # Errors  Last Runtime    Last Run
-------------------------------------------  -----  ---------  --------  ----------  --------------  -------------------
/opt/airflow/dags/minio_to_snowflake_dag.py                           1           0  0.27s           2026-05-27T12:28:12
================================================================================
[2026-05-27T12:29:01.585+0000] {manager.py:878} INFO - 
================================================================================
DAG File Processing Stats

File Path                                    PID    Runtime      # DAGs    # Errors  Last Runtime    Last Run
-------------------------------------------  -----  ---------  --------  ----------  --------------  -------------------
/opt/airflow/dags/minio_to_snowflake_dag.py                           1           0  0.29s           2026-05-27T12:28:42
================================================================================
[2026-05-27T12:29:32.117+0000] {manager.py:878} INFO - 
================================================================================
DAG File Processing Stats

File Path                                    PID    Runtime      # DAGs    # Errors  Last Runtime    Last Run
-------------------------------------------  -----  ---------  --------  ----------  --------------  -------------------
/opt/airflow/dags/minio_to_snowflake_dag.py                           1           0  0.26s           2026-05-27T12:29:13
================================================================================
[2026-05-27T12:30:02.647+0000] {manager.py:878} INFO - 
================================================================================
DAG File Processing Stats

File Path                                    PID    Runtime      # DAGs    # Errors  Last Runtime    Last Run
-------------------------------------------  -----  ---------  --------  ----------  --------------  -------------------
/opt/airflow/dags/minio_to_snowflake_dag.py                           1           0  0.24s           2026-05-27T12:29:43
================================================================================
[2026-05-27T12:30:33.153+0000] {manager.py:878} INFO - 
================================================================================
DAG File Processing Stats

File Path                                    PID    Runtime      # DAGs    # Errors  Last Runtime    Last Run
-------------------------------------------  -----  ---------  --------  ----------  --------------  -------------------
/opt/airflow/dags/minio_to_snowflake_dag.py                           1           0  0.26s           2026-05-27T12:30:13
================================================================================
[2026-05-27T12:31:03.408+0000] {manager.py:878} INFO - 
================================================================================
DAG File Processing Stats

File Path                                    PID    Runtime      # DAGs    # Errors  Last Runtime    Last Run
-------------------------------------------  -----  ---------  --------  ----------  --------------  -------------------
/opt/airflow/dags/minio_to_snowflake_dag.py                           1           0  0.28s           2026-05-27T12:30:44
================================================================================
[2026-05-27T12:31:33.964+0000] {manager.py:878} INFO - 
================================================================================
DAG File Processing Stats

File Path                                    PID    Runtime      # DAGs    # Errors  Last Runtime    Last Run
-------------------------------------------  -----  ---------  --------  ----------  --------------  -------------------
/opt/airflow/dags/minio_to_snowflake_dag.py                           1           0  0.27s           2026-05-27T12:31:15
================================================================================
[2026-05-27T12:32:04.453+0000] {manager.py:878} INFO - 
================================================================================
DAG File Processing Stats

File Path                                    PID    Runtime      # DAGs    # Errors  Last Runtime    Last Run
-------------------------------------------  -----  ---------  --------  ----------  --------------  -------------------
/opt/airflow/dags/minio_to_snowflake_dag.py                           1           0  0.29s           2026-05-27T12:31:45
================================================================================
[2026-05-27T12:32:34.688+0000] {manager.py:878} INFO - 
================================================================================
DAG File Processing Stats

File Path                                    PID    Runtime      # DAGs    # Errors  Last Runtime    Last Run
-------------------------------------------  -----  ---------  --------  ----------  --------------  -------------------
/opt/airflow/dags/minio_to_snowflake_dag.py                           1           0  0.25s           2026-05-27T12:32:15
================================================================================
[2026-05-27T12:33:05.286+0000] {manager.py:878} INFO - 
================================================================================
DAG File Processing Stats

File Path                                    PID    Runtime      # DAGs    # Errors  Last Runtime    Last Run
-------------------------------------------  -----  ---------  --------  ----------  --------------  -------------------
/opt/airflow/dags/minio_to_snowflake_dag.py                           1           0  0.26s           2026-05-27T12:32:46
================================================================================
[2026-05-27T12:33:07.310+0000] {manager.py:737} INFO - Searching for files in /opt/airflow/dags
[2026-05-27T12:33:07.319+0000] {manager.py:740} INFO - There are 1 files in /opt/airflow/dags
[2026-05-27T12:33:35.646+0000] {manager.py:878} INFO - 
================================================================================
DAG File Processing Stats

File Path                                    PID    Runtime      # DAGs    # Errors  Last Runtime    Last Run
-------------------------------------------  -----  ---------  --------  ----------  --------------  -------------------
/opt/airflow/dags/minio_to_snowflake_dag.py                           1           0  0.28s           2026-05-27T12:33:16
================================================================================
[2026-05-27T12:34:05.997+0000] {manager.py:878} INFO - 
================================================================================
DAG File Processing Stats

File Path                                    PID    Runtime      # DAGs    # Errors  Last Runtime    Last Run
-------------------------------------------  -----  ---------  --------  ----------  --------------  -------------------
/opt/airflow/dags/minio_to_snowflake_dag.py                           1           0  0.26s           2026-05-27T12:33:47
================================================================================
[2026-05-27T12:34:36.497+0000] {manager.py:878} INFO - 
================================================================================
DAG File Processing Stats

File Path                                    PID    Runtime      # DAGs    # Errors  Last Runtime    Last Run
-------------------------------------------  -----  ---------  --------  ----------  --------------  -------------------
/opt/airflow/dags/minio_to_snowflake_dag.py                           1           0  0.27s           2026-05-27T12:34:17
================================================================================
[2026-05-27T12:35:06.861+0000] {manager.py:878} INFO - 
================================================================================
DAG File Processing Stats

File Path                                    PID    Runtime      # DAGs    # Errors  Last Runtime    Last Run
-------------------------------------------  -----  ---------  --------  ----------  --------------  -------------------
/opt/airflow/dags/minio_to_snowflake_dag.py                           1           0  0.27s           2026-05-27T12:34:47
================================================================================
[2026-05-27T12:35:37.329+0000] {manager.py:878} INFO - 
================================================================================
DAG File Processing Stats

File Path                                    PID    Runtime      # DAGs    # Errors  Last Runtime    Last Run
-------------------------------------------  -----  ---------  --------  ----------  --------------  -------------------
/opt/airflow/dags/minio_to_snowflake_dag.py                           1           0  0.27s           2026-05-27T12:35:18
================================================================================
[2026-05-27T12:36:07.730+0000] {manager.py:878} INFO - 
================================================================================
DAG File Processing Stats

File Path                                    PID    Runtime      # DAGs    # Errors  Last Runtime    Last Run
-------------------------------------------  -----  ---------  --------  ----------  --------------  -------------------
/opt/airflow/dags/minio_to_snowflake_dag.py                           1           0  0.28s           2026-05-27T12:35:48
================================================================================
[2026-05-27T12:36:38.275+0000] {manager.py:878} INFO - 
================================================================================
DAG File Processing Stats

File Path                                    PID    Runtime      # DAGs    # Errors  Last Runtime    Last Run
-------------------------------------------  -----  ---------  --------  ----------  --------------  -------------------
/opt/airflow/dags/minio_to_snowflake_dag.py                           1           0  0.26s           2026-05-27T12:36:19
================================================================================
[2026-05-27T12:37:08.596+0000] {manager.py:878} INFO - 
================================================================================
DAG File Processing Stats

File Path                                    PID    Runtime      # DAGs    # Errors  Last Runtime    Last Run
-------------------------------------------  -----  ---------  --------  ----------  --------------  -------------------
/opt/airflow/dags/minio_to_snowflake_dag.py                           1           0  0.26s           2026-05-27T12:36:49
================================================================================
[2026-05-27T12:37:38.901+0000] {manager.py:878} INFO - 
================================================================================
DAG File Processing Stats

File Path                                    PID    Runtime      # DAGs    # Errors  Last Runtime    Last Run
-------------------------------------------  -----  ---------  --------  ----------  --------------  -------------------
/opt/airflow/dags/minio_to_snowflake_dag.py                           1           0  0.26s           2026-05-27T12:37:19
================================================================================
[2026-05-27T12:38:07.438+0000] {manager.py:737} INFO - Searching for files in /opt/airflow/dags
[2026-05-27T12:38:07.447+0000] {manager.py:740} INFO - There are 1 files in /opt/airflow/dags
[2026-05-27T12:38:09.477+0000] {manager.py:878} INFO - 
================================================================================
DAG File Processing Stats

File Path                                    PID    Runtime      # DAGs    # Errors  Last Runtime    Last Run
-------------------------------------------  -----  ---------  --------  ----------  --------------  -------------------
/opt/airflow/dags/minio_to_snowflake_dag.py                           1           0  0.30s           2026-05-27T12:37:50
================================================================================
[2026-05-27T12:38:39.744+0000] {manager.py:878} INFO - 
================================================================================
DAG File Processing Stats

File Path                                    PID    Runtime      # DAGs    # Errors  Last Runtime    Last Run
-------------------------------------------  -----  ---------  --------  ----------  --------------  -------------------
/opt/airflow/dags/minio_to_snowflake_dag.py                           1           0  0.27s           2026-05-27T12:38:20
================================================================================
[2026-05-27T12:39:10.387+0000] {manager.py:878} INFO - 
================================================================================
DAG File Processing Stats

File Path                                    PID    Runtime      # DAGs    # Errors  Last Runtime    Last Run
-------------------------------------------  -----  ---------  --------  ----------  --------------  -------------------
/opt/airflow/dags/minio_to_snowflake_dag.py                           1           0  0.27s           2026-05-27T12:38:51
================================================================================
[2026-05-27T12:39:40.923+0000] {manager.py:878} INFO - 
================================================================================
DAG File Processing Stats

File Path                                    PID    Runtime      # DAGs    # Errors  Last Runtime    Last Run
-------------------------------------------  -----  ---------  --------  ----------  --------------  -------------------
/opt/airflow/dags/minio_to_snowflake_dag.py                           1           0  0.27s           2026-05-27T12:39:21
================================================================================
[2026-05-27T12:40:11.170+0000] {manager.py:878} INFO - 
================================================================================
DAG File Processing Stats

File Path                                    PID    Runtime      # DAGs    # Errors  Last Runtime    Last Run
-------------------------------------------  -----  ---------  --------  ----------  --------------  -------------------
/opt/airflow/dags/minio_to_snowflake_dag.py                           1           0  0.26s           2026-05-27T12:39:52
================================================================================
[2026-05-27T12:40:41.778+0000] {manager.py:878} INFO - 
================================================================================
DAG File Processing Stats

File Path                                    PID    Runtime      # DAGs    # Errors  Last Runtime    Last Run
-------------------------------------------  -----  ---------  --------  ----------  --------------  -------------------
/opt/airflow/dags/minio_to_snowflake_dag.py                           1           0  0.26s           2026-05-27T12:40:22
================================================================================
[2026-05-27T12:41:12.061+0000] {manager.py:878} INFO - 
================================================================================
DAG File Processing Stats

File Path                                    PID    Runtime      # DAGs    # Errors  Last Runtime    Last Run
-------------------------------------------  -----  ---------  --------  ----------  --------------  -------------------
/opt/airflow/dags/minio_to_snowflake_dag.py                           1           0  0.27s           2026-05-27T12:40:53
================================================================================
[2026-05-27T12:41:42.720+0000] {manager.py:878} INFO - 
================================================================================
DAG File Processing Stats

File Path                                    PID    Runtime      # DAGs    # Errors  Last Runtime    Last Run
-------------------------------------------  -----  ---------  --------  ----------  --------------  -------------------
/opt/airflow/dags/minio_to_snowflake_dag.py                           1           0  0.28s           2026-05-27T12:41:23
================================================================================
[2026-05-27T12:42:13.313+0000] {manager.py:878} INFO - 
================================================================================
DAG File Processing Stats

File Path                                    PID    Runtime      # DAGs    # Errors  Last Runtime    Last Run
-------------------------------------------  -----  ---------  --------  ----------  --------------  -------------------
/opt/airflow/dags/minio_to_snowflake_dag.py                           1           0  0.28s           2026-05-27T12:41:54
================================================================================
[2026-05-27T12:42:43.651+0000] {manager.py:878} INFO - 
================================================================================
DAG File Processing Stats

File Path                                    PID    Runtime      # DAGs    # Errors  Last Runtime    Last Run
-------------------------------------------  -----  ---------  --------  ----------  --------------  -------------------
/opt/airflow/dags/minio_to_snowflake_dag.py                           1           0  0.27s           2026-05-27T12:42:24
================================================================================
[2026-05-27T12:43:07.881+0000] {manager.py:737} INFO - Searching for files in /opt/airflow/dags
[2026-05-27T12:43:07.892+0000] {manager.py:740} INFO - There are 1 files in /opt/airflow/dags
[2026-05-27T12:43:13.944+0000] {manager.py:878} INFO - 
================================================================================
DAG File Processing Stats

File Path                                    PID    Runtime      # DAGs    # Errors  Last Runtime    Last Run
-------------------------------------------  -----  ---------  --------  ----------  --------------  -------------------
/opt/airflow/dags/minio_to_snowflake_dag.py                           1           0  0.27s           2026-05-27T12:42:55
================================================================================
[2026-05-27T12:43:44.238+0000] {manager.py:878} INFO - 
================================================================================
DAG File Processing Stats

File Path                                    PID    Runtime      # DAGs    # Errors  Last Runtime    Last Run
-------------------------------------------  -----  ---------  --------  ----------  --------------  -------------------
/opt/airflow/dags/minio_to_snowflake_dag.py                           1           0  0.27s           2026-05-27T12:43:25
================================================================================
[2026-05-27T12:44:14.837+0000] {manager.py:878} INFO - 
================================================================================
DAG File Processing Stats

File Path                                    PID    Runtime      # DAGs    # Errors  Last Runtime    Last Run
-------------------------------------------  -----  ---------  --------  ----------  --------------  -------------------
/opt/airflow/dags/minio_to_snowflake_dag.py                           1           0  0.28s           2026-05-27T12:43:55
================================================================================
[2026-05-27T12:44:45.192+0000] {manager.py:878} INFO - 
================================================================================
DAG File Processing Stats

File Path                                    PID    Runtime      # DAGs    # Errors  Last Runtime    Last Run
-------------------------------------------  -----  ---------  --------  ----------  --------------  -------------------
/opt/airflow/dags/minio_to_snowflake_dag.py                           1           0  0.27s           2026-05-27T12:44:26
================================================================================
[2026-05-27T12:45:15.771+0000] {manager.py:878} INFO - 
================================================================================
DAG File Processing Stats

File Path                                    PID    Runtime      # DAGs    # Errors  Last Runtime    Last Run
-------------------------------------------  -----  ---------  --------  ----------  --------------  -------------------
/opt/airflow/dags/minio_to_snowflake_dag.py                           1           0  0.31s           2026-05-27T12:44:56
================================================================================
[2026-05-27T12:45:46.084+0000] {manager.py:878} INFO - 
================================================================================
DAG File Processing Stats

File Path                                    PID    Runtime      # DAGs    # Errors  Last Runtime    Last Run
-------------------------------------------  -----  ---------  --------  ----------  --------------  -------------------
/opt/airflow/dags/minio_to_snowflake_dag.py                           1           0  0.28s           2026-05-27T12:45:27
================================================================================
[2026-05-27T12:46:16.413+0000] {manager.py:878} INFO - 
================================================================================
DAG File Processing Stats

File Path                                    PID    Runtime      # DAGs    # Errors  Last Runtime    Last Run
-------------------------------------------  -----  ---------  --------  ----------  --------------  -------------------
/opt/airflow/dags/minio_to_snowflake_dag.py                           1           0  0.27s           2026-05-27T12:45:57
================================================================================
[2026-05-27T12:46:46.672+0000] {manager.py:878} INFO - 
================================================================================
DAG File Processing Stats

File Path                                    PID    Runtime      # DAGs    # Errors  Last Runtime    Last Run
-------------------------------------------  -----  ---------  --------  ----------  --------------  -------------------
/opt/airflow/dags/minio_to_snowflake_dag.py                           1           0  0.27s           2026-05-27T12:46:27
================================================================================
[2026-05-27T12:47:17.340+0000] {manager.py:878} INFO - 
================================================================================
DAG File Processing Stats

File Path                                    PID    Runtime      # DAGs    # Errors  Last Runtime    Last Run
-------------------------------------------  -----  ---------  --------  ----------  --------------  -------------------
/opt/airflow/dags/minio_to_snowflake_dag.py                           1           0  0.27s           2026-05-27T12:46:58
================================================================================
[2026-05-27T12:47:47.916+0000] {manager.py:878} INFO - 
================================================================================
DAG File Processing Stats

File Path                                    PID    Runtime      # DAGs    # Errors  Last Runtime    Last Run
-------------------------------------------  -----  ---------  --------  ----------  --------------  -------------------
/opt/airflow/dags/minio_to_snowflake_dag.py                           1           0  0.27s           2026-05-27T12:47:28
================================================================================
[2026-05-27T12:48:08.177+0000] {manager.py:737} INFO - Searching for files in /opt/airflow/dags
[2026-05-27T12:48:08.183+0000] {manager.py:740} INFO - There are 1 files in /opt/airflow/dags
[2026-05-27T12:48:18.302+0000] {manager.py:878} INFO - 
================================================================================
DAG File Processing Stats

File Path                                    PID    Runtime      # DAGs    # Errors  Last Runtime    Last Run
-------------------------------------------  -----  ---------  --------  ----------  --------------  -------------------
/opt/airflow/dags/minio_to_snowflake_dag.py                           1           0  0.27s           2026-05-27T12:47:59
================================================================================
[2026-05-27T12:48:48.866+0000] {manager.py:878} INFO - 
================================================================================
DAG File Processing Stats

File Path                                    PID    Runtime      # DAGs    # Errors  Last Runtime    Last Run
-------------------------------------------  -----  ---------  --------  ----------  --------------  -------------------
/opt/airflow/dags/minio_to_snowflake_dag.py                           1           0  0.28s           2026-05-27T12:48:29
================================================================================
[2026-05-27T12:49:19.219+0000] {manager.py:878} INFO - 
================================================================================
DAG File Processing Stats

File Path                                    PID    Runtime      # DAGs    # Errors  Last Runtime    Last Run
-------------------------------------------  -----  ---------  --------  ----------  --------------  -------------------
/opt/airflow/dags/minio_to_snowflake_dag.py                           1           0  0.29s           2026-05-27T12:49:00
================================================================================
[2026-05-27T12:49:49.848+0000] {manager.py:878} INFO - 
================================================================================
DAG File Processing Stats

File Path                                    PID    Runtime      # DAGs    # Errors  Last Runtime    Last Run
-------------------------------------------  -----  ---------  --------  ----------  --------------  -------------------
/opt/airflow/dags/minio_to_snowflake_dag.py                           1           0  0.27s           2026-05-27T12:49:30
================================================================================
[2026-05-27T12:50:20.216+0000] {manager.py:878} INFO - 
================================================================================
DAG File Processing Stats

File Path                                    PID    Runtime      # DAGs    # Errors  Last Runtime    Last Run
-------------------------------------------  -----  ---------  --------  ----------  --------------  -------------------
/opt/airflow/dags/minio_to_snowflake_dag.py                           1           0  0.27s           2026-05-27T12:50:01
================================================================================
[2026-05-27T12:50:50.790+0000] {manager.py:878} INFO - 
================================================================================
DAG File Processing Stats

File Path                                    PID    Runtime      # DAGs    # Errors  Last Runtime    Last Run
-------------------------------------------  -----  ---------  --------  ----------  --------------  -------------------
/opt/airflow/dags/minio_to_snowflake_dag.py                           1           0  0.28s           2026-05-27T12:50:31
================================================================================
[2026-05-27T12:51:21.204+0000] {manager.py:878} INFO - 
================================================================================
DAG File Processing Stats

File Path                                    PID    Runtime      # DAGs    # Errors  Last Runtime    Last Run
-------------------------------------------  -----  ---------  --------  ----------  --------------  -------------------
/opt/airflow/dags/minio_to_snowflake_dag.py                           1           0  0.27s           2026-05-27T12:51:02
================================================================================
[2026-05-27T12:51:51.808+0000] {manager.py:878} INFO - 
================================================================================
DAG File Processing Stats

File Path                                    PID    Runtime      # DAGs    # Errors  Last Runtime    Last Run
-------------------------------------------  -----  ---------  --------  ----------  --------------  -------------------
/opt/airflow/dags/minio_to_snowflake_dag.py                           1           0  0.27s           2026-05-27T12:51:32
================================================================================
[2026-05-27T12:52:22.134+0000] {manager.py:878} INFO - 
================================================================================
DAG File Processing Stats

File Path                                    PID    Runtime      # DAGs    # Errors  Last Runtime    Last Run
-------------------------------------------  -----  ---------  --------  ----------  --------------  -------------------
/opt/airflow/dags/minio_to_snowflake_dag.py                           1           0  0.27s           2026-05-27T12:52:03
================================================================================
[2026-05-27T12:52:52.446+0000] {manager.py:878} INFO - 
================================================================================
DAG File Processing Stats

File Path                                    PID    Runtime      # DAGs    # Errors  Last Runtime    Last Run
-------------------------------------------  -----  ---------  --------  ----------  --------------  -------------------
/opt/airflow/dags/minio_to_snowflake_dag.py                           1           0  0.27s           2026-05-27T12:52:33
================================================================================
[2026-05-27T12:53:08.883+0000] {manager.py:737} INFO - Searching for files in /opt/airflow/dags
[2026-05-27T12:53:08.893+0000] {manager.py:740} INFO - There are 1 files in /opt/airflow/dags
[2026-05-27T12:53:23.063+0000] {manager.py:878} INFO - 
================================================================================
DAG File Processing Stats

File Path                                    PID    Runtime      # DAGs    # Errors  Last Runtime    Last Run
-------------------------------------------  -----  ---------  --------  ----------  --------------  -------------------
/opt/airflow/dags/minio_to_snowflake_dag.py                           1           0  0.28s           2026-05-27T12:53:03
================================================================================
[2026-05-27T12:53:53.315+0000] {manager.py:878} INFO - 
================================================================================
DAG File Processing Stats

File Path                                    PID    Runtime      # DAGs    # Errors  Last Runtime    Last Run
-------------------------------------------  -----  ---------  --------  ----------  --------------  -------------------
/opt/airflow/dags/minio_to_snowflake_dag.py                           1           0  0.29s           2026-05-27T12:53:34
================================================================================
[2026-05-27T12:54:23.918+0000] {manager.py:878} INFO - 
================================================================================
DAG File Processing Stats

File Path                                    PID    Runtime      # DAGs    # Errors  Last Runtime    Last Run
-------------------------------------------  -----  ---------  --------  ----------  --------------  -------------------
/opt/airflow/dags/minio_to_snowflake_dag.py                           1           0  0.27s           2026-05-27T12:54:05
================================================================================
[2026-05-27T12:54:54.418+0000] {manager.py:878} INFO - 
================================================================================
DAG File Processing Stats

File Path                                    PID    Runtime      # DAGs    # Errors  Last Runtime    Last Run
-------------------------------------------  -----  ---------  --------  ----------  --------------  -------------------
/opt/airflow/dags/minio_to_snowflake_dag.py                           1           0  0.26s           2026-05-27T12:54:35
================================================================================
[2026-05-27T12:55:24.680+0000] {manager.py:878} INFO - 
================================================================================
DAG File Processing Stats

File Path                                    PID    Runtime      # DAGs    # Errors  Last Runtime    Last Run
-------------------------------------------  -----  ---------  --------  ----------  --------------  -------------------
/opt/airflow/dags/minio_to_snowflake_dag.py                           1           0  0.28s           2026-05-27T12:55:05
================================================================================
[2026-05-27T12:55:55.210+0000] {manager.py:878} INFO - 
================================================================================
DAG File Processing Stats

File Path                                    PID    Runtime      # DAGs    # Errors  Last Runtime    Last Run
-------------------------------------------  -----  ---------  --------  ----------  --------------  -------------------
/opt/airflow/dags/minio_to_snowflake_dag.py                           1           0  0.28s           2026-05-27T12:55:36
================================================================================
[2026-05-27T12:56:25.655+0000] {manager.py:878} INFO - 
================================================================================
DAG File Processing Stats

File Path                                    PID    Runtime      # DAGs    # Errors  Last Runtime    Last Run
-------------------------------------------  -----  ---------  --------  ----------  --------------  -------------------
/opt/airflow/dags/minio_to_snowflake_dag.py                           1           0  0.29s           2026-05-27T12:56:06
================================================================================
[2026-05-27T12:56:56.172+0000] {manager.py:878} INFO - 
================================================================================
DAG File Processing Stats

File Path                                    PID    Runtime      # DAGs    # Errors  Last Runtime    Last Run
-------------------------------------------  -----  ---------  --------  ----------  --------------  -------------------
/opt/airflow/dags/minio_to_snowflake_dag.py                           1           0  0.27s           2026-05-27T12:56:37
================================================================================
[2026-05-27T12:57:26.699+0000] {manager.py:878} INFO - 
================================================================================
DAG File Processing Stats

File Path                                    PID    Runtime      # DAGs    # Errors  Last Runtime    Last Run
-------------------------------------------  -----  ---------  --------  ----------  --------------  -------------------
/opt/airflow/dags/minio_to_snowflake_dag.py                           1           0  0.26s           2026-05-27T12:57:07
================================================================================
[2026-05-27T12:57:57.136+0000] {manager.py:878} INFO - 
================================================================================
DAG File Processing Stats

File Path                                    PID    Runtime      # DAGs    # Errors  Last Runtime    Last Run
-------------------------------------------  -----  ---------  --------  ----------  --------------  -------------------
/opt/airflow/dags/minio_to_snowflake_dag.py                           1           0  0.27s           2026-05-27T12:57:38
================================================================================
[2026-05-27T12:58:09.264+0000] {manager.py:737} INFO - Searching for files in /opt/airflow/dags
[2026-05-27T12:58:09.268+0000] {manager.py:740} INFO - There are 1 files in /opt/airflow/dags
[2026-05-27T12:58:27.397+0000] {manager.py:878} INFO - 
================================================================================
DAG File Processing Stats

File Path                                    PID    Runtime      # DAGs    # Errors  Last Runtime    Last Run
-------------------------------------------  -----  ---------  --------  ----------  --------------  -------------------
/opt/airflow/dags/minio_to_snowflake_dag.py                           1           0  0.26s           2026-05-27T12:58:08
================================================================================
[2026-05-27T12:58:57.925+0000] {manager.py:878} INFO - 
================================================================================
DAG File Processing Stats

File Path                                    PID    Runtime      # DAGs    # Errors  Last Runtime    Last Run
-------------------------------------------  -----  ---------  --------  ----------  --------------  -------------------
/opt/airflow/dags/minio_to_snowflake_dag.py                           1           0  0.27s           2026-05-27T12:58:39
================================================================================
[2026-05-27T12:59:28.452+0000] {manager.py:878} INFO - 
================================================================================
DAG File Processing Stats

File Path                                    PID    Runtime      # DAGs    # Errors  Last Runtime    Last Run
-------------------------------------------  -----  ---------  --------  ----------  --------------  -------------------
/opt/airflow/dags/minio_to_snowflake_dag.py                           1           0  0.26s           2026-05-27T12:59:09
================================================================================
[2026-05-27T12:59:58.708+0000] {manager.py:878} INFO - 
================================================================================
DAG File Processing Stats

File Path                                    PID    Runtime      # DAGs    # Errors  Last Runtime    Last Run
-------------------------------------------  -----  ---------  --------  ----------  --------------  -------------------
/opt/airflow/dags/minio_to_snowflake_dag.py                           1           0  0.26s           2026-05-27T12:59:39
================================================================================
[2026-05-27T13:00:29.241+0000] {manager.py:878} INFO - 
================================================================================
DAG File Processing Stats

File Path                                    PID    Runtime      # DAGs    # Errors  Last Runtime    Last Run
-------------------------------------------  -----  ---------  --------  ----------  --------------  -------------------
/opt/airflow/dags/minio_to_snowflake_dag.py                           1           0  0.30s           2026-05-27T13:00:10
================================================================================
[2026-05-27T13:00:59.728+0000] {manager.py:878} INFO - 
================================================================================
DAG File Processing Stats

File Path                                    PID    Runtime      # DAGs    # Errors  Last Runtime    Last Run
-------------------------------------------  -----  ---------  --------  ----------  --------------  -------------------
/opt/airflow/dags/minio_to_snowflake_dag.py                           1           0  0.30s           2026-05-27T13:00:40
================================================================================
[2026-05-27T13:01:30.289+0000] {manager.py:878} INFO - 
================================================================================
DAG File Processing Stats

File Path                                    PID    Runtime      # DAGs    # Errors  Last Runtime    Last Run
-------------------------------------------  -----  ---------  --------  ----------  --------------  -------------------
/opt/airflow/dags/minio_to_snowflake_dag.py                           1           0  0.28s           2026-05-27T13:01:11
================================================================================
[2026-05-27T13:02:00.758+0000] {manager.py:878} INFO - 
================================================================================
DAG File Processing Stats

File Path                                    PID    Runtime      # DAGs    # Errors  Last Runtime    Last Run
-------------------------------------------  -----  ---------  --------  ----------  --------------  -------------------
/opt/airflow/dags/minio_to_snowflake_dag.py                           1           0  0.30s           2026-05-27T13:01:41
================================================================================
[2026-05-27T13:02:31.294+0000] {manager.py:878} INFO - 
================================================================================
DAG File Processing Stats

File Path                                    PID    Runtime      # DAGs    # Errors  Last Runtime    Last Run
-------------------------------------------  -----  ---------  --------  ----------  --------------  -------------------
/opt/airflow/dags/minio_to_snowflake_dag.py                           1           0  0.29s           2026-05-27T13:02:12
================================================================================
[2026-05-27T13:03:01.813+0000] {manager.py:878} INFO - 
================================================================================
DAG File Processing Stats

File Path                                    PID    Runtime      # DAGs    # Errors  Last Runtime    Last Run
-------------------------------------------  -----  ---------  --------  ----------  --------------  -------------------
/opt/airflow/dags/minio_to_snowflake_dag.py                           1           0  0.30s           2026-05-27T13:02:42
================================================================================
[2026-05-27T13:03:09.877+0000] {manager.py:737} INFO - Searching for files in /opt/airflow/dags
[2026-05-27T13:03:09.882+0000] {manager.py:740} INFO - There are 1 files in /opt/airflow/dags
[2026-05-27T13:03:32.351+0000] {manager.py:878} INFO - 
================================================================================
DAG File Processing Stats

File Path                                    PID    Runtime      # DAGs    # Errors  Last Runtime    Last Run
-------------------------------------------  -----  ---------  --------  ----------  --------------  -------------------
/opt/airflow/dags/minio_to_snowflake_dag.py                           1           0  0.29s           2026-05-27T13:03:13
================================================================================
[2026-05-27T13:04:02.811+0000] {manager.py:878} INFO - 
================================================================================
DAG File Processing Stats

File Path                                    PID    Runtime      # DAGs    # Errors  Last Runtime    Last Run
-------------------------------------------  -----  ---------  --------  ----------  --------------  -------------------
/opt/airflow/dags/minio_to_snowflake_dag.py                           1           0  0.28s           2026-05-27T13:03:43
================================================================================
[2026-05-27T13:04:33.346+0000] {manager.py:878} INFO - 
================================================================================
DAG File Processing Stats

File Path                                    PID    Runtime      # DAGs    # Errors  Last Runtime    Last Run
-------------------------------------------  -----  ---------  --------  ----------  --------------  -------------------
/opt/airflow/dags/minio_to_snowflake_dag.py                           1           0  0.28s           2026-05-27T13:04:14
================================================================================
[2026-05-27T13:05:03.811+0000] {manager.py:878} INFO - 
================================================================================
DAG File Processing Stats

File Path                                    PID    Runtime      # DAGs    # Errors  Last Runtime    Last Run
-------------------------------------------  -----  ---------  --------  ----------  --------------  -------------------
/opt/airflow/dags/minio_to_snowflake_dag.py                           1           0  0.28s           2026-05-27T13:04:44
================================================================================
[2026-05-27T13:05:34.349+0000] {manager.py:878} INFO - 
================================================================================
DAG File Processing Stats

File Path                                    PID    Runtime      # DAGs    # Errors  Last Runtime    Last Run
-------------------------------------------  -----  ---------  --------  ----------  --------------  -------------------
/opt/airflow/dags/minio_to_snowflake_dag.py                           1           0  0.27s           2026-05-27T13:05:15
================================================================================
[2026-05-27T13:06:04.844+0000] {manager.py:878} INFO - 
================================================================================
DAG File Processing Stats

File Path                                    PID    Runtime      # DAGs    # Errors  Last Runtime    Last Run
-------------------------------------------  -----  ---------  --------  ----------  --------------  -------------------
/opt/airflow/dags/minio_to_snowflake_dag.py                           1           0  0.29s           2026-05-27T13:05:45
================================================================================
[2026-05-27T13:06:35.403+0000] {manager.py:878} INFO - 
================================================================================
DAG File Processing Stats

File Path                                    PID    Runtime      # DAGs    # Errors  Last Runtime    Last Run
-------------------------------------------  -----  ---------  --------  ----------  --------------  -------------------
/opt/airflow/dags/minio_to_snowflake_dag.py                           1           0  0.30s           2026-05-27T13:06:16
================================================================================
[2026-05-27T13:07:05.929+0000] {manager.py:878} INFO - 
================================================================================
DAG File Processing Stats

File Path                                    PID    Runtime      # DAGs    # Errors  Last Runtime    Last Run
-------------------------------------------  -----  ---------  --------  ----------  --------------  -------------------
/opt/airflow/dags/minio_to_snowflake_dag.py                           1           0  0.29s           2026-05-27T13:06:47
================================================================================
[2026-05-27T13:07:36.371+0000] {manager.py:878} INFO - 
================================================================================
DAG File Processing Stats

File Path                                    PID    Runtime      # DAGs    # Errors  Last Runtime    Last Run
-------------------------------------------  -----  ---------  --------  ----------  --------------  -------------------
/opt/airflow/dags/minio_to_snowflake_dag.py                           1           0  0.27s           2026-05-27T13:07:17
================================================================================
[2026-05-27T13:08:06.863+0000] {manager.py:878} INFO - 
================================================================================
DAG File Processing Stats

File Path                                    PID    Runtime      # DAGs    # Errors  Last Runtime    Last Run
-------------------------------------------  -----  ---------  --------  ----------  --------------  -------------------
/opt/airflow/dags/minio_to_snowflake_dag.py                           1           0  0.29s           2026-05-27T13:07:47
================================================================================
[2026-05-27T13:08:09.890+0000] {manager.py:737} INFO - Searching for files in /opt/airflow/dags
[2026-05-27T13:08:09.897+0000] {manager.py:740} INFO - There are 1 files in /opt/airflow/dags
[2026-05-27T13:08:37.393+0000] {manager.py:878} INFO - 
================================================================================
DAG File Processing Stats

File Path                                    PID    Runtime      # DAGs    # Errors  Last Runtime    Last Run
-------------------------------------------  -----  ---------  --------  ----------  --------------  -------------------
/opt/airflow/dags/minio_to_snowflake_dag.py                           1           0  0.28s           2026-05-27T13:08:18
================================================================================
[2026-05-27T13:09:07.911+0000] {manager.py:878} INFO - 
================================================================================
DAG File Processing Stats

File Path                                    PID    Runtime      # DAGs    # Errors  Last Runtime    Last Run
-------------------------------------------  -----  ---------  --------  ----------  --------------  -------------------
/opt/airflow/dags/minio_to_snowflake_dag.py                           1           0  0.28s           2026-05-27T13:08:49
================================================================================
[2026-05-27T13:09:38.484+0000] {manager.py:878} INFO - 
================================================================================
DAG File Processing Stats

File Path                                    PID    Runtime      # DAGs    # Errors  Last Runtime    Last Run
-------------------------------------------  -----  ---------  --------  ----------  --------------  -------------------
/opt/airflow/dags/minio_to_snowflake_dag.py                           1           0  0.28s           2026-05-27T13:09:19
================================================================================
[2026-05-27T13:10:08.949+0000] {manager.py:878} INFO - 
================================================================================
DAG File Processing Stats

File Path                                    PID    Runtime      # DAGs    # Errors  Last Runtime    Last Run
-------------------------------------------  -----  ---------  --------  ----------  --------------  -------------------
/opt/airflow/dags/minio_to_snowflake_dag.py                           1           0  0.28s           2026-05-27T13:09:50
================================================================================
[2026-05-27T13:10:39.457+0000] {manager.py:878} INFO - 
================================================================================
DAG File Processing Stats

File Path                                    PID    Runtime      # DAGs    # Errors  Last Runtime    Last Run
-------------------------------------------  -----  ---------  --------  ----------  --------------  -------------------
/opt/airflow/dags/minio_to_snowflake_dag.py                           1           0  0.30s           2026-05-27T13:10:20
================================================================================
[2026-05-27T13:11:09.958+0000] {manager.py:878} INFO - 
================================================================================
DAG File Processing Stats

File Path                                    PID    Runtime      # DAGs    # Errors  Last Runtime    Last Run
-------------------------------------------  -----  ---------  --------  ----------  --------------  -------------------
/opt/airflow/dags/minio_to_snowflake_dag.py                           1           0  0.30s           2026-05-27T13:10:51
================================================================================
[2026-05-27T13:11:40.521+0000] {manager.py:878} INFO - 
================================================================================
DAG File Processing Stats

File Path                                    PID    Runtime      # DAGs    # Errors  Last Runtime    Last Run
-------------------------------------------  -----  ---------  --------  ----------  --------------  -------------------
/opt/airflow/dags/minio_to_snowflake_dag.py                           1           0  0.28s           2026-05-27T13:11:21
================================================================================
[2026-05-27T13:12:11.017+0000] {manager.py:878} INFO - 
================================================================================
DAG File Processing Stats

File Path                                    PID    Runtime      # DAGs    # Errors  Last Runtime    Last Run
-------------------------------------------  -----  ---------  --------  ----------  --------------  -------------------
/opt/airflow/dags/minio_to_snowflake_dag.py                           1           0  0.30s           2026-05-27T13:11:52
================================================================================
[2026-05-27T13:12:41.559+0000] {manager.py:878} INFO - 
================================================================================
DAG File Processing Stats

File Path                                    PID    Runtime      # DAGs    # Errors  Last Runtime    Last Run
-------------------------------------------  -----  ---------  --------  ----------  --------------  -------------------
/opt/airflow/dags/minio_to_snowflake_dag.py                           1           0  0.28s           2026-05-27T13:12:22
================================================================================
[2026-05-27T13:13:10.023+0000] {manager.py:737} INFO - Searching for files in /opt/airflow/dags
[2026-05-27T13:13:10.030+0000] {manager.py:740} INFO - There are 1 files in /opt/airflow/dags
[2026-05-27T13:13:12.049+0000] {manager.py:878} INFO - 
================================================================================
DAG File Processing Stats

File Path                                    PID    Runtime      # DAGs    # Errors  Last Runtime    Last Run
-------------------------------------------  -----  ---------  --------  ----------  --------------  -------------------
/opt/airflow/dags/minio_to_snowflake_dag.py                           1           0  0.29s           2026-05-27T13:12:53
================================================================================
[2026-05-27T13:13:42.538+0000] {manager.py:878} INFO - 
================================================================================
DAG File Processing Stats

File Path                                    PID    Runtime      # DAGs    # Errors  Last Runtime    Last Run
-------------------------------------------  -----  ---------  --------  ----------  --------------  -------------------
/opt/airflow/dags/minio_to_snowflake_dag.py                           1           0  0.29s           2026-05-27T13:13:23
================================================================================
[2026-05-27T13:14:13.066+0000] {manager.py:878} INFO - 
================================================================================
DAG File Processing Stats

File Path                                    PID    Runtime      # DAGs    # Errors  Last Runtime    Last Run
-------------------------------------------  -----  ---------  --------  ----------  --------------  -------------------
/opt/airflow/dags/minio_to_snowflake_dag.py                           1           0  0.31s           2026-05-27T13:13:54
================================================================================
[2026-05-27T13:14:43.526+0000] {manager.py:878} INFO - 
================================================================================
DAG File Processing Stats

File Path                                    PID    Runtime      # DAGs    # Errors  Last Runtime    Last Run
-------------------------------------------  -----  ---------  --------  ----------  --------------  -------------------
/opt/airflow/dags/minio_to_snowflake_dag.py                           1           0  0.27s           2026-05-27T13:14:24
================================================================================
[2026-05-27T13:15:14.035+0000] {manager.py:878} INFO - 
================================================================================
DAG File Processing Stats

File Path                                    PID    Runtime      # DAGs    # Errors  Last Runtime    Last Run
-------------------------------------------  -----  ---------  --------  ----------  --------------  -------------------
/opt/airflow/dags/minio_to_snowflake_dag.py                           1           0  0.27s           2026-05-27T13:14:55
================================================================================
[2026-05-27T13:15:44.538+0000] {manager.py:878} INFO - 
================================================================================
DAG File Processing Stats

File Path                                    PID    Runtime      # DAGs    # Errors  Last Runtime    Last Run
-------------------------------------------  -----  ---------  --------  ----------  --------------  -------------------
/opt/airflow/dags/minio_to_snowflake_dag.py                           1           0  0.29s           2026-05-27T13:15:25
================================================================================
[2026-05-27T13:16:14.796+0000] {manager.py:878} INFO - 
================================================================================
DAG File Processing Stats

File Path                                    PID    Runtime      # DAGs    # Errors  Last Runtime    Last Run
-------------------------------------------  -----  ---------  --------  ----------  --------------  -------------------
/opt/airflow/dags/minio_to_snowflake_dag.py                           1           0  0.28s           2026-05-27T13:15:55
================================================================================
[2026-05-27T13:16:45.318+0000] {manager.py:878} INFO - 
================================================================================
DAG File Processing Stats

File Path                                    PID    Runtime      # DAGs    # Errors  Last Runtime    Last Run
-------------------------------------------  -----  ---------  --------  ----------  --------------  -------------------
/opt/airflow/dags/minio_to_snowflake_dag.py                           1           0  0.28s           2026-05-27T13:16:26
================================================================================
[2026-05-27T13:17:15.836+0000] {manager.py:878} INFO - 
================================================================================
DAG File Processing Stats

File Path                                    PID    Runtime      # DAGs    # Errors  Last Runtime    Last Run
-------------------------------------------  -----  ---------  --------  ----------  --------------  -------------------
/opt/airflow/dags/minio_to_snowflake_dag.py                           1           0  0.26s           2026-05-27T13:16:56
================================================================================
[2026-05-27T13:17:46.326+0000] {manager.py:878} INFO - 
================================================================================
DAG File Processing Stats

File Path                                    PID    Runtime      # DAGs    # Errors  Last Runtime    Last Run
-------------------------------------------  -----  ---------  --------  ----------  --------------  -------------------
/opt/airflow/dags/minio_to_snowflake_dag.py                           1           0  0.28s           2026-05-27T13:17:27
================================================================================
[2026-05-27T13:18:10.089+0000] {manager.py:737} INFO - Searching for files in /opt/airflow/dags
[2026-05-27T13:18:10.097+0000] {manager.py:740} INFO - There are 1 files in /opt/airflow/dags
[2026-05-27T13:18:16.877+0000] {manager.py:878} INFO - 
================================================================================
DAG File Processing Stats

File Path                                    PID    Runtime      # DAGs    # Errors  Last Runtime    Last Run
-------------------------------------------  -----  ---------  --------  ----------  --------------  -------------------
/opt/airflow/dags/minio_to_snowflake_dag.py                           1           0  0.29s           2026-05-27T13:17:57
================================================================================
[2026-05-27T13:18:47.435+0000] {manager.py:878} INFO - 
================================================================================
DAG File Processing Stats

File Path                                    PID    Runtime      # DAGs    # Errors  Last Runtime    Last Run
-------------------------------------------  -----  ---------  --------  ----------  --------------  -------------------
/opt/airflow/dags/minio_to_snowflake_dag.py                           1           0  0.28s           2026-05-27T13:18:28
================================================================================
[2026-05-27T13:19:17.703+0000] {manager.py:878} INFO - 
================================================================================
DAG File Processing Stats

File Path                                    PID    Runtime      # DAGs    # Errors  Last Runtime    Last Run
-------------------------------------------  -----  ---------  --------  ----------  --------------  -------------------
/opt/airflow/dags/minio_to_snowflake_dag.py                           1           0  0.28s           2026-05-27T13:18:58
================================================================================
[2026-05-27T13:19:48.179+0000] {manager.py:878} INFO - 
================================================================================
DAG File Processing Stats

File Path                                    PID    Runtime      # DAGs    # Errors  Last Runtime    Last Run
-------------------------------------------  -----  ---------  --------  ----------  --------------  -------------------
/opt/airflow/dags/minio_to_snowflake_dag.py                           1           0  0.28s           2026-05-27T13:19:29
================================================================================
[2026-05-27T13:20:18.745+0000] {manager.py:878} INFO - 
================================================================================
DAG File Processing Stats

File Path                                    PID    Runtime      # DAGs    # Errors  Last Runtime    Last Run
-------------------------------------------  -----  ---------  --------  ----------  --------------  -------------------
/opt/airflow/dags/minio_to_snowflake_dag.py                           1           0  0.29s           2026-05-27T13:19:59
================================================================================
[2026-05-27T13:20:49.223+0000] {manager.py:878} INFO - 
================================================================================
DAG File Processing Stats

File Path                                    PID    Runtime      # DAGs    # Errors  Last Runtime    Last Run
-------------------------------------------  -----  ---------  --------  ----------  --------------  -------------------
/opt/airflow/dags/minio_to_snowflake_dag.py                           1           0  0.29s           2026-05-27T13:20:30
================================================================================
[2026-05-27T13:21:19.755+0000] {manager.py:878} INFO - 
================================================================================
DAG File Processing Stats

File Path                                    PID    Runtime      # DAGs    # Errors  Last Runtime    Last Run
-------------------------------------------  -----  ---------  --------  ----------  --------------  -------------------
/opt/airflow/dags/minio_to_snowflake_dag.py                           1           0  0.29s           2026-05-27T13:21:00
================================================================================
[2026-05-27T13:21:50.292+0000] {manager.py:878} INFO - 
================================================================================
DAG File Processing Stats

File Path                                    PID    Runtime      # DAGs    # Errors  Last Runtime    Last Run
-------------------------------------------  -----  ---------  --------  ----------  --------------  -------------------
/opt/airflow/dags/minio_to_snowflake_dag.py                           1           0  0.29s           2026-05-27T13:21:31
================================================================================
[2026-05-27T13:22:20.823+0000] {manager.py:878} INFO - 
================================================================================
DAG File Processing Stats

File Path                                    PID    Runtime      # DAGs    # Errors  Last Runtime    Last Run
-------------------------------------------  -----  ---------  --------  ----------  --------------  -------------------
/opt/airflow/dags/minio_to_snowflake_dag.py                           1           0  0.29s           2026-05-27T13:22:01
================================================================================
[2026-05-27T13:22:51.344+0000] {manager.py:878} INFO - 
================================================================================
DAG File Processing Stats

File Path                                    PID    Runtime      # DAGs    # Errors  Last Runtime    Last Run
-------------------------------------------  -----  ---------  --------  ----------  --------------  -------------------
/opt/airflow/dags/minio_to_snowflake_dag.py                           1           0  0.28s           2026-05-27T13:22:32
================================================================================
[2026-05-27T13:23:10.757+0000] {manager.py:737} INFO - Searching for files in /opt/airflow/dags
[2026-05-27T13:23:10.765+0000] {manager.py:740} INFO - There are 1 files in /opt/airflow/dags
[2026-05-27T13:23:21.859+0000] {manager.py:878} INFO - 
================================================================================
DAG File Processing Stats

File Path                                    PID    Runtime      # DAGs    # Errors  Last Runtime    Last Run
-------------------------------------------  -----  ---------  --------  ----------  --------------  -------------------
/opt/airflow/dags/minio_to_snowflake_dag.py                           1           0  0.29s           2026-05-27T13:23:02
================================================================================
[2026-05-27T13:23:52.348+0000] {manager.py:878} INFO - 
================================================================================
DAG File Processing Stats

File Path                                    PID    Runtime      # DAGs    # Errors  Last Runtime    Last Run
-------------------------------------------  -----  ---------  --------  ----------  --------------  -------------------
/opt/airflow/dags/minio_to_snowflake_dag.py                           1           0  0.28s           2026-05-27T13:23:33
================================================================================
[2026-05-27T13:24:22.813+0000] {manager.py:878} INFO - 
================================================================================
DAG File Processing Stats

File Path                                    PID    Runtime      # DAGs    # Errors  Last Runtime    Last Run
-------------------------------------------  -----  ---------  --------  ----------  --------------  -------------------
/opt/airflow/dags/minio_to_snowflake_dag.py                           1           0  0.28s           2026-05-27T13:24:03
================================================================================
[2026-05-27T13:24:53.353+0000] {manager.py:878} INFO - 
================================================================================
DAG File Processing Stats

File Path                                    PID    Runtime      # DAGs    # Errors  Last Runtime    Last Run
-------------------------------------------  -----  ---------  --------  ----------  --------------  -------------------
/opt/airflow/dags/minio_to_snowflake_dag.py                           1           0  0.28s           2026-05-27T13:24:34
================================================================================
[2026-05-27T13:25:23.896+0000] {manager.py:878} INFO - 
================================================================================
DAG File Processing Stats

File Path                                    PID    Runtime      # DAGs    # Errors  Last Runtime    Last Run
-------------------------------------------  -----  ---------  --------  ----------  --------------  -------------------
/opt/airflow/dags/minio_to_snowflake_dag.py                           1           0  0.30s           2026-05-27T13:25:05
================================================================================
[2026-05-27T13:25:54.420+0000] {manager.py:878} INFO - 
================================================================================
DAG File Processing Stats

File Path                                    PID    Runtime      # DAGs    # Errors  Last Runtime    Last Run
-------------------------------------------  -----  ---------  --------  ----------  --------------  -------------------
/opt/airflow/dags/minio_to_snowflake_dag.py                           1           0  0.30s           2026-05-27T13:25:35
================================================================================
[2026-05-27T13:26:24.920+0000] {manager.py:878} INFO - 
================================================================================
DAG File Processing Stats

File Path                                    PID    Runtime      # DAGs    # Errors  Last Runtime    Last Run
-------------------------------------------  -----  ---------  --------  ----------  --------------  -------------------
/opt/airflow/dags/minio_to_snowflake_dag.py                           1           0  0.32s           2026-05-27T13:26:06
================================================================================
[2026-05-27T13:26:55.524+0000] {manager.py:878} INFO - 
================================================================================
DAG File Processing Stats

File Path                                    PID    Runtime      # DAGs    # Errors  Last Runtime    Last Run
-------------------------------------------  -----  ---------  --------  ----------  --------------  -------------------
/opt/airflow/dags/minio_to_snowflake_dag.py                           1           0  0.28s           2026-05-27T13:26:36
================================================================================
[2026-05-27T13:27:26.051+0000] {manager.py:878} INFO - 
================================================================================
DAG File Processing Stats

File Path                                    PID    Runtime      # DAGs    # Errors  Last Runtime    Last Run
-------------------------------------------  -----  ---------  --------  ----------  --------------  -------------------
/opt/airflow/dags/minio_to_snowflake_dag.py                           1           0  0.27s           2026-05-27T13:27:07
================================================================================
[2026-05-27T13:27:56.517+0000] {manager.py:878} INFO - 
================================================================================
DAG File Processing Stats

File Path                                    PID    Runtime      # DAGs    # Errors  Last Runtime    Last Run
-------------------------------------------  -----  ---------  --------  ----------  --------------  -------------------
/opt/airflow/dags/minio_to_snowflake_dag.py                           1           0  0.28s           2026-05-27T13:27:37
================================================================================
[2026-05-27T13:28:10.923+0000] {manager.py:737} INFO - Searching for files in /opt/airflow/dags
[2026-05-27T13:28:10.932+0000] {manager.py:740} INFO - There are 1 files in /opt/airflow/dags
[2026-05-27T13:28:27.087+0000] {manager.py:878} INFO - 
================================================================================
DAG File Processing Stats

File Path                                    PID    Runtime      # DAGs    # Errors  Last Runtime    Last Run
-------------------------------------------  -----  ---------  --------  ----------  --------------  -------------------
/opt/airflow/dags/minio_to_snowflake_dag.py                           1           0  0.30s           2026-05-27T13:28:08
================================================================================
[2026-05-27T13:28:57.533+0000] {manager.py:878} INFO - 
================================================================================
DAG File Processing Stats

File Path                                    PID    Runtime      # DAGs    # Errors  Last Runtime    Last Run
-------------------------------------------  -----  ---------  --------  ----------  --------------  -------------------
/opt/airflow/dags/minio_to_snowflake_dag.py                           1           0  0.29s           2026-05-27T13:28:38
================================================================================
[2026-05-27T13:29:28.014+0000] {manager.py:878} INFO - 
================================================================================
DAG File Processing Stats

File Path                                    PID    Runtime      # DAGs    # Errors  Last Runtime    Last Run
-------------------------------------------  -----  ---------  --------  ----------  --------------  -------------------
/opt/airflow/dags/minio_to_snowflake_dag.py                           1           0  0.28s           2026-05-27T13:29:09
================================================================================
[2026-05-27T13:29:58.574+0000] {manager.py:878} INFO - 
================================================================================
DAG File Processing Stats

File Path                                    PID    Runtime      # DAGs    # Errors  Last Runtime    Last Run
-------------------------------------------  -----  ---------  --------  ----------  --------------  -------------------
/opt/airflow/dags/minio_to_snowflake_dag.py                           1           0  0.31s           2026-05-27T13:29:39
================================================================================
[2026-05-27T13:30:29.151+0000] {manager.py:878} INFO - 
================================================================================
DAG File Processing Stats

File Path                                    PID    Runtime      # DAGs    # Errors  Last Runtime    Last Run
-------------------------------------------  -----  ---------  --------  ----------  --------------  -------------------
/opt/airflow/dags/minio_to_snowflake_dag.py                           1           0  0.29s           2026-05-27T13:30:10
================================================================================
[2026-05-27T13:30:59.691+0000] {manager.py:878} INFO - 
================================================================================
DAG File Processing Stats

File Path                                    PID    Runtime      # DAGs    # Errors  Last Runtime    Last Run
-------------------------------------------  -----  ---------  --------  ----------  --------------  -------------------
/opt/airflow/dags/minio_to_snowflake_dag.py                           1           0  0.34s           2026-05-27T13:30:40
================================================================================
[2026-05-27T13:31:30.251+0000] {manager.py:878} INFO - 
================================================================================
DAG File Processing Stats

File Path                                    PID    Runtime      # DAGs    # Errors  Last Runtime    Last Run
-------------------------------------------  -----  ---------  --------  ----------  --------------  -------------------
/opt/airflow/dags/minio_to_snowflake_dag.py                           1           0  0.30s           2026-05-27T13:31:11
================================================================================
[2026-05-27T13:32:00.809+0000] {manager.py:878} INFO - 
================================================================================
DAG File Processing Stats

File Path                                    PID    Runtime      # DAGs    # Errors  Last Runtime    Last Run
-------------------------------------------  -----  ---------  --------  ----------  --------------  -------------------
/opt/airflow/dags/minio_to_snowflake_dag.py                           1           0  0.27s           2026-05-27T13:31:41
================================================================================
[2026-05-27T13:32:31.260+0000] {manager.py:878} INFO - 
================================================================================
DAG File Processing Stats

File Path                                    PID    Runtime      # DAGs    # Errors  Last Runtime    Last Run
-------------------------------------------  -----  ---------  --------  ----------  --------------  -------------------
/opt/airflow/dags/minio_to_snowflake_dag.py                           1           0  0.29s           2026-05-27T13:32:12
================================================================================
[2026-05-27T13:33:01.823+0000] {manager.py:878} INFO - 
================================================================================
DAG File Processing Stats

File Path                                    PID    Runtime      # DAGs    # Errors  Last Runtime    Last Run
-------------------------------------------  -----  ---------  --------  ----------  --------------  -------------------
/opt/airflow/dags/minio_to_snowflake_dag.py                           1           0  0.28s           2026-05-27T13:32:42
================================================================================
[2026-05-27T13:33:11.105+0000] {manager.py:737} INFO - Searching for files in /opt/airflow/dags
[2026-05-27T13:33:11.110+0000] {manager.py:740} INFO - There are 1 files in /opt/airflow/dags
[2026-05-27T13:33:32.299+0000] {manager.py:878} INFO - 
================================================================================
DAG File Processing Stats

File Path                                    PID    Runtime      # DAGs    # Errors  Last Runtime    Last Run
-------------------------------------------  -----  ---------  --------  ----------  --------------  -------------------
/opt/airflow/dags/minio_to_snowflake_dag.py                           1           0  0.28s           2026-05-27T13:33:13
================================================================================
[2026-05-27T13:34:02.821+0000] {manager.py:878} INFO - 
================================================================================
DAG File Processing Stats

File Path                                    PID    Runtime      # DAGs    # Errors  Last Runtime    Last Run
-------------------------------------------  -----  ---------  --------  ----------  --------------  -------------------
/opt/airflow/dags/minio_to_snowflake_dag.py                           1           0  0.28s           2026-05-27T13:33:43
================================================================================
[2026-05-27T13:34:33.242+0000] {manager.py:878} INFO - 
================================================================================
DAG File Processing Stats

File Path                                    PID    Runtime      # DAGs    # Errors  Last Runtime    Last Run
-------------------------------------------  -----  ---------  --------  ----------  --------------  -------------------
/opt/airflow/dags/minio_to_snowflake_dag.py                           1           0  0.30s           2026-05-27T13:34:14
================================================================================
[2026-05-27T13:35:03.818+0000] {manager.py:878} INFO - 
================================================================================
DAG File Processing Stats

File Path                                    PID    Runtime      # DAGs    # Errors  Last Runtime    Last Run
-------------------------------------------  -----  ---------  --------  ----------  --------------  -------------------
/opt/airflow/dags/minio_to_snowflake_dag.py                           1           0  0.29s           2026-05-27T13:34:44
================================================================================
[2026-05-27T13:35:34.361+0000] {manager.py:878} INFO - 
================================================================================
DAG File Processing Stats

File Path                                    PID    Runtime      # DAGs    # Errors  Last Runtime    Last Run
-------------------------------------------  -----  ---------  --------  ----------  --------------  -------------------
/opt/airflow/dags/minio_to_snowflake_dag.py                           1           0  0.31s           2026-05-27T13:35:15
================================================================================
[2026-05-27T13:36:04.900+0000] {manager.py:878} INFO - 
================================================================================
DAG File Processing Stats

File Path                                    PID    Runtime      # DAGs    # Errors  Last Runtime    Last Run
-------------------------------------------  -----  ---------  --------  ----------  --------------  -------------------
/opt/airflow/dags/minio_to_snowflake_dag.py                           1           0  0.27s           2026-05-27T13:35:46
================================================================================
[2026-05-27T13:36:35.398+0000] {manager.py:878} INFO - 
================================================================================
DAG File Processing Stats

File Path                                    PID    Runtime      # DAGs    # Errors  Last Runtime    Last Run
-------------------------------------------  -----  ---------  --------  ----------  --------------  -------------------
/opt/airflow/dags/minio_to_snowflake_dag.py                           1           0  0.29s           2026-05-27T13:36:16
================================================================================
[2026-05-27T13:37:05.933+0000] {manager.py:878} INFO - 
================================================================================
DAG File Processing Stats

File Path                                    PID    Runtime      # DAGs    # Errors  Last Runtime    Last Run
-------------------------------------------  -----  ---------  --------  ----------  --------------  -------------------
/opt/airflow/dags/minio_to_snowflake_dag.py                           1           0  0.30s           2026-05-27T13:36:47
================================================================================
[2026-05-27T13:37:36.469+0000] {manager.py:878} INFO - 
================================================================================
DAG File Processing Stats

File Path                                    PID    Runtime      # DAGs    # Errors  Last Runtime    Last Run
-------------------------------------------  -----  ---------  --------  ----------  --------------  -------------------
/opt/airflow/dags/minio_to_snowflake_dag.py                           1           0  0.29s           2026-05-27T13:37:17
================================================================================
[2026-05-27T13:38:07.038+0000] {manager.py:878} INFO - 
================================================================================
DAG File Processing Stats

File Path                                    PID    Runtime      # DAGs    # Errors  Last Runtime    Last Run
-------------------------------------------  -----  ---------  --------  ----------  --------------  -------------------
/opt/airflow/dags/minio_to_snowflake_dag.py                           1           0  0.29s           2026-05-27T13:37:48
================================================================================
[2026-05-27T13:38:11.309+0000] {manager.py:737} INFO - Searching for files in /opt/airflow/dags
[2026-05-27T13:38:11.315+0000] {manager.py:740} INFO - There are 1 files in /opt/airflow/dags
[2026-05-27T13:38:37.510+0000] {manager.py:878} INFO - 
================================================================================
DAG File Processing Stats

File Path                                    PID    Runtime      # DAGs    # Errors  Last Runtime    Last Run
-------------------------------------------  -----  ---------  --------  ----------  --------------  -------------------
/opt/airflow/dags/minio_to_snowflake_dag.py                           1           0  0.30s           2026-05-27T13:38:18
================================================================================
[2026-05-27T13:39:08.063+0000] {manager.py:878} INFO - 
================================================================================
DAG File Processing Stats

File Path                                    PID    Runtime      # DAGs    # Errors  Last Runtime    Last Run
-------------------------------------------  -----  ---------  --------  ----------  --------------  -------------------
/opt/airflow/dags/minio_to_snowflake_dag.py                           1           0  0.28s           2026-05-27T13:38:49
================================================================================
[2026-05-27T13:39:38.523+0000] {manager.py:878} INFO - 
================================================================================
DAG File Processing Stats

File Path                                    PID    Runtime      # DAGs    # Errors  Last Runtime    Last Run
-------------------------------------------  -----  ---------  --------  ----------  --------------  -------------------
/opt/airflow/dags/minio_to_snowflake_dag.py                           1           0  0.29s           2026-05-27T13:39:19
================================================================================
[2026-05-27T13:40:09.073+0000] {manager.py:878} INFO - 
================================================================================
DAG File Processing Stats

File Path                                    PID    Runtime      # DAGs    # Errors  Last Runtime    Last Run
-------------------------------------------  -----  ---------  --------  ----------  --------------  -------------------
/opt/airflow/dags/minio_to_snowflake_dag.py                           1           0  0.28s           2026-05-27T13:39:50
================================================================================
[2026-05-27T13:40:39.662+0000] {manager.py:878} INFO - 
================================================================================
DAG File Processing Stats

File Path                                    PID    Runtime      # DAGs    # Errors  Last Runtime    Last Run
-------------------------------------------  -----  ---------  --------  ----------  --------------  -------------------
/opt/airflow/dags/minio_to_snowflake_dag.py                           1           0  0.29s           2026-05-27T13:40:20
================================================================================
[2026-05-27T13:41:10.169+0000] {manager.py:878} INFO - 
================================================================================
DAG File Processing Stats

File Path                                    PID    Runtime      # DAGs    # Errors  Last Runtime    Last Run
-------------------------------------------  -----  ---------  --------  ----------  --------------  -------------------
/opt/airflow/dags/minio_to_snowflake_dag.py                           1           0  0.28s           2026-05-27T13:40:51
================================================================================
[2026-05-27T13:41:40.644+0000] {manager.py:878} INFO - 
================================================================================
DAG File Processing Stats

File Path                                    PID    Runtime      # DAGs    # Errors  Last Runtime    Last Run
-------------------------------------------  -----  ---------  --------  ----------  --------------  -------------------
/opt/airflow/dags/minio_to_snowflake_dag.py                           1           0  0.28s           2026-05-27T13:41:21
================================================================================
[2026-05-27T13:42:11.191+0000] {manager.py:878} INFO - 
================================================================================
DAG File Processing Stats

File Path                                    PID    Runtime      # DAGs    # Errors  Last Runtime    Last Run
-------------------------------------------  -----  ---------  --------  ----------  --------------  -------------------
/opt/airflow/dags/minio_to_snowflake_dag.py                           1           0  0.28s           2026-05-27T13:41:52
================================================================================
[2026-05-27T13:42:41.666+0000] {manager.py:878} INFO - 
================================================================================
DAG File Processing Stats

File Path                                    PID    Runtime      # DAGs    # Errors  Last Runtime    Last Run
-------------------------------------------  -----  ---------  --------  ----------  --------------  -------------------
/opt/airflow/dags/minio_to_snowflake_dag.py                           1           0  0.30s           2026-05-27T13:42:22
================================================================================
[2026-05-27T13:43:11.447+0000] {manager.py:737} INFO - Searching for files in /opt/airflow/dags
[2026-05-27T13:43:11.457+0000] {manager.py:740} INFO - There are 1 files in /opt/airflow/dags
[2026-05-27T13:43:12.157+0000] {manager.py:878} INFO - 
================================================================================
DAG File Processing Stats

File Path                                    PID    Runtime      # DAGs    # Errors  Last Runtime    Last Run
-------------------------------------------  -----  ---------  --------  ----------  --------------  -------------------
/opt/airflow/dags/minio_to_snowflake_dag.py                           1           0  0.28s           2026-05-27T13:42:53
================================================================================
[2026-05-27T13:43:42.697+0000] {manager.py:878} INFO - 
================================================================================
DAG File Processing Stats

File Path                                    PID    Runtime      # DAGs    # Errors  Last Runtime    Last Run
-------------------------------------------  -----  ---------  --------  ----------  --------------  -------------------
/opt/airflow/dags/minio_to_snowflake_dag.py                           1           0  0.28s           2026-05-27T13:43:23
================================================================================
[2026-05-27T13:44:13.187+0000] {manager.py:878} INFO - 
================================================================================
DAG File Processing Stats

File Path                                    PID    Runtime      # DAGs    # Errors  Last Runtime    Last Run
-------------------------------------------  -----  ---------  --------  ----------  --------------  -------------------
/opt/airflow/dags/minio_to_snowflake_dag.py                           1           0  0.31s           2026-05-27T13:43:54
================================================================================
[2026-05-27T13:44:43.645+0000] {manager.py:878} INFO - 
================================================================================
DAG File Processing Stats

File Path                                    PID    Runtime      # DAGs    # Errors  Last Runtime    Last Run
-------------------------------------------  -----  ---------  --------  ----------  --------------  -------------------
/opt/airflow/dags/minio_to_snowflake_dag.py                           1           0  0.29s           2026-05-27T13:44:24
================================================================================
[2026-05-27T13:45:14.253+0000] {manager.py:878} INFO - 
================================================================================
DAG File Processing Stats

File Path                                    PID    Runtime      # DAGs    # Errors  Last Runtime    Last Run
-------------------------------------------  -----  ---------  --------  ----------  --------------  -------------------
/opt/airflow/dags/minio_to_snowflake_dag.py                           1           0  0.28s           2026-05-27T13:44:55
================================================================================
[2026-05-27T13:45:44.727+0000] {manager.py:878} INFO - 
================================================================================
DAG File Processing Stats

File Path                                    PID    Runtime      # DAGs    # Errors  Last Runtime    Last Run
-------------------------------------------  -----  ---------  --------  ----------  --------------  -------------------
/opt/airflow/dags/minio_to_snowflake_dag.py                           1           0  0.27s           2026-05-27T13:45:25
================================================================================
[2026-05-27T13:46:15.258+0000] {manager.py:878} INFO - 
================================================================================
DAG File Processing Stats

File Path                                    PID    Runtime      # DAGs    # Errors  Last Runtime    Last Run
-------------------------------------------  -----  ---------  --------  ----------  --------------  -------------------
/opt/airflow/dags/minio_to_snowflake_dag.py                           1           0  0.31s           2026-05-27T13:45:56
================================================================================
[2026-05-27T13:46:45.764+0000] {manager.py:878} INFO - 
================================================================================
DAG File Processing Stats

File Path                                    PID    Runtime      # DAGs    # Errors  Last Runtime    Last Run
-------------------------------------------  -----  ---------  --------  ----------  --------------  -------------------
/opt/airflow/dags/minio_to_snowflake_dag.py                           1           0  0.28s           2026-05-27T13:46:26
================================================================================
[2026-05-27T13:47:16.318+0000] {manager.py:878} INFO - 
================================================================================
DAG File Processing Stats

File Path                                    PID    Runtime      # DAGs    # Errors  Last Runtime    Last Run
-------------------------------------------  -----  ---------  --------  ----------  --------------  -------------------
/opt/airflow/dags/minio_to_snowflake_dag.py                           1           0  0.31s           2026-05-27T13:46:57
================================================================================
[2026-05-27T13:47:46.839+0000] {manager.py:878} INFO - 
================================================================================
DAG File Processing Stats

File Path                                    PID    Runtime      # DAGs    # Errors  Last Runtime    Last Run
-------------------------------------------  -----  ---------  --------  ----------  --------------  -------------------
/opt/airflow/dags/minio_to_snowflake_dag.py                           1           0  0.28s           2026-05-27T13:47:27
================================================================================
[2026-05-27T13:48:11.582+0000] {manager.py:737} INFO - Searching for files in /opt/airflow/dags
[2026-05-27T13:48:11.590+0000] {manager.py:740} INFO - There are 1 files in /opt/airflow/dags
[2026-05-27T13:48:17.335+0000] {manager.py:878} INFO - 
================================================================================
DAG File Processing Stats

File Path                                    PID    Runtime      # DAGs    # Errors  Last Runtime    Last Run
-------------------------------------------  -----  ---------  --------  ----------  --------------  -------------------
/opt/airflow/dags/minio_to_snowflake_dag.py                           1           0  0.29s           2026-05-27T13:47:58
================================================================================
[2026-05-27T13:48:47.848+0000] {manager.py:878} INFO - 
================================================================================
DAG File Processing Stats

File Path                                    PID    Runtime      # DAGs    # Errors  Last Runtime    Last Run
-------------------------------------------  -----  ---------  --------  ----------  --------------  -------------------
/opt/airflow/dags/minio_to_snowflake_dag.py                           1           0  0.27s           2026-05-27T13:48:28
================================================================================
[2026-05-27T13:49:18.414+0000] {manager.py:878} INFO - 
================================================================================
DAG File Processing Stats

File Path                                    PID    Runtime      # DAGs    # Errors  Last Runtime    Last Run
-------------------------------------------  -----  ---------  --------  ----------  --------------  -------------------
/opt/airflow/dags/minio_to_snowflake_dag.py                           1           0  0.27s           2026-05-27T13:48:59
================================================================================
[2026-05-27T13:49:48.867+0000] {manager.py:878} INFO - 
================================================================================
DAG File Processing Stats

File Path                                    PID    Runtime      # DAGs    # Errors  Last Runtime    Last Run
-------------------------------------------  -----  ---------  --------  ----------  --------------  -------------------
/opt/airflow/dags/minio_to_snowflake_dag.py                           1           0  0.27s           2026-05-27T13:49:29
================================================================================
[2026-05-27T13:50:19.153+0000] {manager.py:878} INFO - 
================================================================================
DAG File Processing Stats

File Path                                    PID    Runtime      # DAGs    # Errors  Last Runtime    Last Run
-------------------------------------------  -----  ---------  --------  ----------  --------------  -------------------
/opt/airflow/dags/minio_to_snowflake_dag.py                           1           0  0.26s           2026-05-27T13:50:00
================================================================================
[2026-05-27T13:50:49.627+0000] {manager.py:878} INFO - 
================================================================================
DAG File Processing Stats

File Path                                    PID    Runtime      # DAGs    # Errors  Last Runtime    Last Run
-------------------------------------------  -----  ---------  --------  ----------  --------------  -------------------
/opt/airflow/dags/minio_to_snowflake_dag.py                           1           0  0.27s           2026-05-27T13:50:30
================================================================================
[2026-05-27T13:51:19.933+0000] {manager.py:878} INFO - 
================================================================================
DAG File Processing Stats

File Path                                    PID    Runtime      # DAGs    # Errors  Last Runtime    Last Run
-------------------------------------------  -----  ---------  --------  ----------  --------------  -------------------
/opt/airflow/dags/minio_to_snowflake_dag.py                           1           0  0.26s           2026-05-27T13:51:00
================================================================================
[2026-05-27T13:51:50.420+0000] {manager.py:878} INFO - 
================================================================================
DAG File Processing Stats

File Path                                    PID    Runtime      # DAGs    # Errors  Last Runtime    Last Run
-------------------------------------------  -----  ---------  --------  ----------  --------------  -------------------
/opt/airflow/dags/minio_to_snowflake_dag.py                           1           0  0.27s           2026-05-27T13:51:31
================================================================================
[2026-05-27T13:52:20.704+0000] {manager.py:878} INFO - 
================================================================================
DAG File Processing Stats

File Path                                    PID    Runtime      # DAGs    # Errors  Last Runtime    Last Run
-------------------------------------------  -----  ---------  --------  ----------  --------------  -------------------
/opt/airflow/dags/minio_to_snowflake_dag.py                           1           0  0.26s           2026-05-27T13:52:01
================================================================================
[2026-05-27T13:52:51.249+0000] {manager.py:878} INFO - 
================================================================================
DAG File Processing Stats

File Path                                    PID    Runtime      # DAGs    # Errors  Last Runtime    Last Run
-------------------------------------------  -----  ---------  --------  ----------  --------------  -------------------
/opt/airflow/dags/minio_to_snowflake_dag.py                           1           0  0.27s           2026-05-27T13:52:32
================================================================================
[2026-05-27T13:53:11.687+0000] {manager.py:737} INFO - Searching for files in /opt/airflow/dags
[2026-05-27T13:53:11.697+0000] {manager.py:740} INFO - There are 1 files in /opt/airflow/dags
[2026-05-27T13:53:21.480+0000] {manager.py:878} INFO - 
================================================================================
DAG File Processing Stats

File Path                                    PID    Runtime      # DAGs    # Errors  Last Runtime    Last Run
-------------------------------------------  -----  ---------  --------  ----------  --------------  -------------------
/opt/airflow/dags/minio_to_snowflake_dag.py                           1           0  0.26s           2026-05-27T13:53:02
================================================================================
[2026-05-27T13:53:52.059+0000] {manager.py:878} INFO - 
================================================================================
DAG File Processing Stats

File Path                                    PID    Runtime      # DAGs    # Errors  Last Runtime    Last Run
-------------------------------------------  -----  ---------  --------  ----------  --------------  -------------------
/opt/airflow/dags/minio_to_snowflake_dag.py                           1           0  0.26s           2026-05-27T13:53:33
================================================================================
[2026-05-27T13:54:22.578+0000] {manager.py:878} INFO - 
================================================================================
DAG File Processing Stats

File Path                                    PID    Runtime      # DAGs    # Errors  Last Runtime    Last Run
-------------------------------------------  -----  ---------  --------  ----------  --------------  -------------------
/opt/airflow/dags/minio_to_snowflake_dag.py                           1           0  0.27s           2026-05-27T13:54:03
================================================================================
[2026-05-27T13:54:52.858+0000] {manager.py:878} INFO - 
================================================================================
DAG File Processing Stats

File Path                                    PID    Runtime      # DAGs    # Errors  Last Runtime    Last Run
-------------------------------------------  -----  ---------  --------  ----------  --------------  -------------------
/opt/airflow/dags/minio_to_snowflake_dag.py                           1           0  0.26s           2026-05-27T13:54:33
================================================================================
[2026-05-27T13:55:23.400+0000] {manager.py:878} INFO - 
================================================================================
DAG File Processing Stats

File Path                                    PID    Runtime      # DAGs    # Errors  Last Runtime    Last Run
-------------------------------------------  -----  ---------  --------  ----------  --------------  -------------------
/opt/airflow/dags/minio_to_snowflake_dag.py                           1           0  0.28s           2026-05-27T13:55:04
================================================================================
[2026-05-27T13:55:53.700+0000] {manager.py:878} INFO - 
================================================================================
DAG File Processing Stats

File Path                                    PID    Runtime      # DAGs    # Errors  Last Runtime    Last Run
-------------------------------------------  -----  ---------  --------  ----------  --------------  -------------------
/opt/airflow/dags/minio_to_snowflake_dag.py                           1           0  0.26s           2026-05-27T13:55:34
================================================================================
[2026-05-27T13:56:23.990+0000] {manager.py:878} INFO - 
================================================================================
DAG File Processing Stats

File Path                                    PID    Runtime      # DAGs    # Errors  Last Runtime    Last Run
-------------------------------------------  -----  ---------  --------  ----------  --------------  -------------------
/opt/airflow/dags/minio_to_snowflake_dag.py                           1           0  0.27s           2026-05-27T13:56:05
================================================================================
[2026-05-27T13:56:54.323+0000] {manager.py:878} INFO - 
================================================================================
DAG File Processing Stats

File Path                                    PID    Runtime      # DAGs    # Errors  Last Runtime    Last Run
-------------------------------------------  -----  ---------  --------  ----------  --------------  -------------------
/opt/airflow/dags/minio_to_snowflake_dag.py                           1           0  0.26s           2026-05-27T13:56:35
================================================================================
[2026-05-27T13:57:24.882+0000] {manager.py:878} INFO - 
================================================================================
DAG File Processing Stats

File Path                                    PID    Runtime      # DAGs    # Errors  Last Runtime    Last Run
-------------------------------------------  -----  ---------  --------  ----------  --------------  -------------------
/opt/airflow/dags/minio_to_snowflake_dag.py                           1           0  0.26s           2026-05-27T13:57:05
================================================================================
[2026-05-27T13:57:55.250+0000] {manager.py:878} INFO - 
================================================================================
DAG File Processing Stats

File Path                                    PID    Runtime      # DAGs    # Errors  Last Runtime    Last Run
-------------------------------------------  -----  ---------  --------  ----------  --------------  -------------------
/opt/airflow/dags/minio_to_snowflake_dag.py                           1           0  0.26s           2026-05-27T13:57:36
================================================================================
[2026-05-27T13:58:12.628+0000] {manager.py:737} INFO - Searching for files in /opt/airflow/dags
[2026-05-27T13:58:12.634+0000] {manager.py:740} INFO - There are 1 files in /opt/airflow/dags
[2026-05-27T13:58:25.787+0000] {manager.py:878} INFO - 
================================================================================
DAG File Processing Stats

File Path                                    PID    Runtime      # DAGs    # Errors  Last Runtime    Last Run
-------------------------------------------  -----  ---------  --------  ----------  --------------  -------------------
/opt/airflow/dags/minio_to_snowflake_dag.py                           1           0  0.26s           2026-05-27T13:58:06
================================================================================
[2026-05-27T13:58:56.133+0000] {manager.py:878} INFO - 
================================================================================
DAG File Processing Stats

File Path                                    PID    Runtime      # DAGs    # Errors  Last Runtime    Last Run
-------------------------------------------  -----  ---------  --------  ----------  --------------  -------------------
/opt/airflow/dags/minio_to_snowflake_dag.py                           1           0  0.26s           2026-05-27T13:58:37
================================================================================
[2026-05-27T13:59:26.461+0000] {manager.py:878} INFO - 
================================================================================
DAG File Processing Stats

File Path                                    PID    Runtime      # DAGs    # Errors  Last Runtime    Last Run
-------------------------------------------  -----  ---------  --------  ----------  --------------  -------------------
/opt/airflow/dags/minio_to_snowflake_dag.py                           1           0  0.27s           2026-05-27T13:59:07
================================================================================
[2026-05-27T13:59:57.046+0000] {manager.py:878} INFO - 
================================================================================
DAG File Processing Stats

File Path                                    PID    Runtime      # DAGs    # Errors  Last Runtime    Last Run
-------------------------------------------  -----  ---------  --------  ----------  --------------  -------------------
/opt/airflow/dags/minio_to_snowflake_dag.py                           1           0  0.27s           2026-05-27T13:59:37
================================================================================
[2026-05-27T14:00:27.430+0000] {manager.py:878} INFO - 
================================================================================
DAG File Processing Stats

File Path                                    PID    Runtime      # DAGs    # Errors  Last Runtime    Last Run
-------------------------------------------  -----  ---------  --------  ----------  --------------  -------------------
/opt/airflow/dags/minio_to_snowflake_dag.py                           1           0  0.28s           2026-05-27T14:00:08
================================================================================
[2026-05-27T14:00:57.939+0000] {manager.py:878} INFO - 
================================================================================
DAG File Processing Stats

File Path                                    PID    Runtime      # DAGs    # Errors  Last Runtime    Last Run
-------------------------------------------  -----  ---------  --------  ----------  --------------  -------------------
/opt/airflow/dags/minio_to_snowflake_dag.py                           1           0  0.28s           2026-05-27T14:00:38
================================================================================
[2026-05-27T14:01:28.309+0000] {manager.py:878} INFO - 
================================================================================
DAG File Processing Stats

File Path                                    PID    Runtime      # DAGs    # Errors  Last Runtime    Last Run
-------------------------------------------  -----  ---------  --------  ----------  --------------  -------------------
/opt/airflow/dags/minio_to_snowflake_dag.py                           1           0  0.24s           2026-05-27T14:01:09
================================================================================
[2026-05-27T14:01:58.807+0000] {manager.py:878} INFO - 
================================================================================
DAG File Processing Stats

File Path                                    PID    Runtime      # DAGs    # Errors  Last Runtime    Last Run
-------------------------------------------  -----  ---------  --------  ----------  --------------  -------------------
/opt/airflow/dags/minio_to_snowflake_dag.py                           1           0  0.27s           2026-05-27T14:01:39
================================================================================
[2026-05-27T14:02:29.286+0000] {manager.py:878} INFO - 
================================================================================
DAG File Processing Stats

File Path                                    PID    Runtime      # DAGs    # Errors  Last Runtime    Last Run
-------------------------------------------  -----  ---------  --------  ----------  --------------  -------------------
/opt/airflow/dags/minio_to_snowflake_dag.py                           1           0  0.26s           2026-05-27T14:02:10
================================================================================
[2026-05-27T14:02:59.769+0000] {manager.py:878} INFO - 
================================================================================
DAG File Processing Stats

File Path                                    PID    Runtime      # DAGs    # Errors  Last Runtime    Last Run
-------------------------------------------  -----  ---------  --------  ----------  --------------  -------------------
/opt/airflow/dags/minio_to_snowflake_dag.py                           1           0  0.26s           2026-05-27T14:02:40
================================================================================
[2026-05-27T14:03:12.931+0000] {manager.py:737} INFO - Searching for files in /opt/airflow/dags
[2026-05-27T14:03:12.942+0000] {manager.py:740} INFO - There are 1 files in /opt/airflow/dags
[2026-05-27T14:03:30.102+0000] {manager.py:878} INFO - 
================================================================================
DAG File Processing Stats

File Path                                    PID    Runtime      # DAGs    # Errors  Last Runtime    Last Run
-------------------------------------------  -----  ---------  --------  ----------  --------------  -------------------
/opt/airflow/dags/minio_to_snowflake_dag.py                           1           0  0.27s           2026-05-27T14:03:11
================================================================================
[2026-05-27T14:04:00.605+0000] {manager.py:878} INFO - 
================================================================================
DAG File Processing Stats

File Path                                    PID    Runtime      # DAGs    # Errors  Last Runtime    Last Run
-------------------------------------------  -----  ---------  --------  ----------  --------------  -------------------
/opt/airflow/dags/minio_to_snowflake_dag.py                           1           0  0.26s           2026-05-27T14:03:41
================================================================================
[2026-05-27T14:04:30.907+0000] {manager.py:878} INFO - 
================================================================================
DAG File Processing Stats

File Path                                    PID    Runtime      # DAGs    # Errors  Last Runtime    Last Run
-------------------------------------------  -----  ---------  --------  ----------  --------------  -------------------
/opt/airflow/dags/minio_to_snowflake_dag.py                           1           0  0.26s           2026-05-27T14:04:11
================================================================================
[2026-05-27T14:05:01.492+0000] {manager.py:878} INFO - 
================================================================================
DAG File Processing Stats

File Path                                    PID    Runtime      # DAGs    # Errors  Last Runtime    Last Run
-------------------------------------------  -----  ---------  --------  ----------  --------------  -------------------
/opt/airflow/dags/minio_to_snowflake_dag.py                           1           0  0.29s           2026-05-27T14:04:42
================================================================================
[2026-05-27T14:05:31.864+0000] {manager.py:878} INFO - 
================================================================================
DAG File Processing Stats

File Path                                    PID    Runtime      # DAGs    # Errors  Last Runtime    Last Run
-------------------------------------------  -----  ---------  --------  ----------  --------------  -------------------
/opt/airflow/dags/minio_to_snowflake_dag.py                           1           0  0.27s           2026-05-27T14:05:12
================================================================================
[2026-05-27T14:06:02.314+0000] {manager.py:878} INFO - 
================================================================================
DAG File Processing Stats

File Path                                    PID    Runtime      # DAGs    # Errors  Last Runtime    Last Run
-------------------------------------------  -----  ---------  --------  ----------  --------------  -------------------
/opt/airflow/dags/minio_to_snowflake_dag.py                           1           0  0.28s           2026-05-27T14:05:43
================================================================================
[2026-05-27T14:06:32.772+0000] {manager.py:878} INFO - 
================================================================================
DAG File Processing Stats

File Path                                    PID    Runtime      # DAGs    # Errors  Last Runtime    Last Run
-------------------------------------------  -----  ---------  --------  ----------  --------------  -------------------
/opt/airflow/dags/minio_to_snowflake_dag.py                           1           0  0.27s           2026-05-27T14:06:13
================================================================================
[2026-05-27T14:07:03.192+0000] {manager.py:878} INFO - 
================================================================================
DAG File Processing Stats

File Path                                    PID    Runtime      # DAGs    # Errors  Last Runtime    Last Run
-------------------------------------------  -----  ---------  --------  ----------  --------------  -------------------
/opt/airflow/dags/minio_to_snowflake_dag.py                           1           0  0.29s           2026-05-27T14:06:44
================================================================================
[2026-05-27T14:07:33.699+0000] {manager.py:878} INFO - 
================================================================================
DAG File Processing Stats

File Path                                    PID    Runtime      # DAGs    # Errors  Last Runtime    Last Run
-------------------------------------------  -----  ---------  --------  ----------  --------------  -------------------
/opt/airflow/dags/minio_to_snowflake_dag.py                           1           0  0.27s           2026-05-27T14:07:14
================================================================================
[2026-05-27T14:08:04.059+0000] {manager.py:878} INFO - 
================================================================================
DAG File Processing Stats

File Path                                    PID    Runtime      # DAGs    # Errors  Last Runtime    Last Run
-------------------------------------------  -----  ---------  --------  ----------  --------------  -------------------
/opt/airflow/dags/minio_to_snowflake_dag.py                           1           0  0.27s           2026-05-27T14:07:45
================================================================================
[2026-05-27T14:08:13.167+0000] {manager.py:737} INFO - Searching for files in /opt/airflow/dags
[2026-05-27T14:08:13.174+0000] {manager.py:740} INFO - There are 1 files in /opt/airflow/dags
[2026-05-27T14:08:34.682+0000] {manager.py:878} INFO - 
================================================================================
DAG File Processing Stats

File Path                                    PID    Runtime      # DAGs    # Errors  Last Runtime    Last Run
-------------------------------------------  -----  ---------  --------  ----------  --------------  -------------------
/opt/airflow/dags/minio_to_snowflake_dag.py                           1           0  0.27s           2026-05-27T14:08:15
================================================================================
[2026-05-27T14:09:05.060+0000] {manager.py:878} INFO - 
================================================================================
DAG File Processing Stats

File Path                                    PID    Runtime      # DAGs    # Errors  Last Runtime    Last Run
-------------------------------------------  -----  ---------  --------  ----------  --------------  -------------------
/opt/airflow/dags/minio_to_snowflake_dag.py                           1           0  0.26s           2026-05-27T14:08:46
================================================================================
[2026-05-27T14:09:35.582+0000] {manager.py:878} INFO - 
================================================================================
DAG File Processing Stats

File Path                                    PID    Runtime      # DAGs    # Errors  Last Runtime    Last Run
-------------------------------------------  -----  ---------  --------  ----------  --------------  -------------------
/opt/airflow/dags/minio_to_snowflake_dag.py                           1           0  0.27s           2026-05-27T14:09:16
================================================================================
[2026-05-27T14:10:06.059+0000] {manager.py:878} INFO - 
================================================================================
DAG File Processing Stats

File Path                                    PID    Runtime      # DAGs    # Errors  Last Runtime    Last Run
-------------------------------------------  -----  ---------  --------  ----------  --------------  -------------------
/opt/airflow/dags/minio_to_snowflake_dag.py                           1           0  0.28s           2026-05-27T14:09:47
================================================================================
[2026-05-27T14:10:36.567+0000] {manager.py:878} INFO - 
================================================================================
DAG File Processing Stats

File Path                                    PID    Runtime      # DAGs    # Errors  Last Runtime    Last Run
-------------------------------------------  -----  ---------  --------  ----------  --------------  -------------------
/opt/airflow/dags/minio_to_snowflake_dag.py                           1           0  0.27s           2026-05-27T14:10:17
================================================================================
[2026-05-27T14:11:07.026+0000] {manager.py:878} INFO - 
================================================================================
DAG File Processing Stats

File Path                                    PID    Runtime      # DAGs    # Errors  Last Runtime    Last Run
-------------------------------------------  -----  ---------  --------  ----------  --------------  -------------------
/opt/airflow/dags/minio_to_snowflake_dag.py                           1           0  0.27s           2026-05-27T14:10:47
================================================================================
[2026-05-27T14:11:37.483+0000] {manager.py:878} INFO - 
================================================================================
DAG File Processing Stats

File Path                                    PID    Runtime      # DAGs    # Errors  Last Runtime    Last Run
-------------------------------------------  -----  ---------  --------  ----------  --------------  -------------------
/opt/airflow/dags/minio_to_snowflake_dag.py                           1           0  0.26s           2026-05-27T14:11:18
================================================================================
[2026-05-27T14:12:07.953+0000] {manager.py:878} INFO - 
================================================================================
DAG File Processing Stats

File Path                                    PID    Runtime      # DAGs    # Errors  Last Runtime    Last Run
-------------------------------------------  -----  ---------  --------  ----------  --------------  -------------------
/opt/airflow/dags/minio_to_snowflake_dag.py                           1           0  0.28s           2026-05-27T14:11:48
================================================================================
[2026-05-27T14:12:38.391+0000] {manager.py:878} INFO - 
================================================================================
DAG File Processing Stats

File Path                                    PID    Runtime      # DAGs    # Errors  Last Runtime    Last Run
-------------------------------------------  -----  ---------  --------  ----------  --------------  -------------------
/opt/airflow/dags/minio_to_snowflake_dag.py                           1           0  0.27s           2026-05-27T14:12:19
================================================================================
[2026-05-27T14:13:08.891+0000] {manager.py:878} INFO - 
================================================================================
DAG File Processing Stats

File Path                                    PID    Runtime      # DAGs    # Errors  Last Runtime    Last Run
-------------------------------------------  -----  ---------  --------  ----------  --------------  -------------------
/opt/airflow/dags/minio_to_snowflake_dag.py                           1           0  0.26s           2026-05-27T14:12:49
================================================================================
[2026-05-27T14:13:13.958+0000] {manager.py:737} INFO - Searching for files in /opt/airflow/dags
[2026-05-27T14:13:13.970+0000] {manager.py:740} INFO - There are 1 files in /opt/airflow/dags
[2026-05-27T14:13:39.330+0000] {manager.py:878} INFO - 
================================================================================
DAG File Processing Stats

File Path                                    PID    Runtime      # DAGs    # Errors  Last Runtime    Last Run
-------------------------------------------  -----  ---------  --------  ----------  --------------  -------------------
/opt/airflow/dags/minio_to_snowflake_dag.py                           1           0  0.27s           2026-05-27T14:13:20
================================================================================
[2026-05-27T14:14:09.840+0000] {manager.py:878} INFO - 
================================================================================
DAG File Processing Stats

File Path                                    PID    Runtime      # DAGs    # Errors  Last Runtime    Last Run
-------------------------------------------  -----  ---------  --------  ----------  --------------  -------------------
/opt/airflow/dags/minio_to_snowflake_dag.py                           1           0  0.27s           2026-05-27T14:13:50
================================================================================
[2026-05-27T14:14:40.290+0000] {manager.py:878} INFO - 
================================================================================
DAG File Processing Stats

File Path                                    PID    Runtime      # DAGs    # Errors  Last Runtime    Last Run
-------------------------------------------  -----  ---------  --------  ----------  --------------  -------------------
/opt/airflow/dags/minio_to_snowflake_dag.py                           1           0  0.27s           2026-05-27T14:14:21
================================================================================
[2026-05-27T14:15:10.746+0000] {manager.py:878} INFO - 
================================================================================
DAG File Processing Stats

File Path                                    PID    Runtime      # DAGs    # Errors  Last Runtime    Last Run
-------------------------------------------  -----  ---------  --------  ----------  --------------  -------------------
/opt/airflow/dags/minio_to_snowflake_dag.py                           1           0  0.27s           2026-05-27T14:14:51
================================================================================
[2026-05-27T14:15:41.305+0000] {manager.py:878} INFO - 
================================================================================
DAG File Processing Stats

File Path                                    PID    Runtime      # DAGs    # Errors  Last Runtime    Last Run
-------------------------------------------  -----  ---------  --------  ----------  --------------  -------------------
/opt/airflow/dags/minio_to_snowflake_dag.py                           1           0  0.27s           2026-05-27T14:15:22
================================================================================
[2026-05-27T14:16:11.672+0000] {manager.py:878} INFO - 
================================================================================
DAG File Processing Stats

File Path                                    PID    Runtime      # DAGs    # Errors  Last Runtime    Last Run
-------------------------------------------  -----  ---------  --------  ----------  --------------  -------------------
/opt/airflow/dags/minio_to_snowflake_dag.py                           1           0  0.27s           2026-05-27T14:15:52
================================================================================
[2026-05-27T14:16:42.154+0000] {manager.py:878} INFO - 
================================================================================
DAG File Processing Stats

File Path                                    PID    Runtime      # DAGs    # Errors  Last Runtime    Last Run
-------------------------------------------  -----  ---------  --------  ----------  --------------  -------------------
/opt/airflow/dags/minio_to_snowflake_dag.py                           1           0  0.27s           2026-05-27T14:16:23
================================================================================
[2026-05-27T14:17:12.685+0000] {manager.py:878} INFO - 
================================================================================
DAG File Processing Stats

File Path                                    PID    Runtime      # DAGs    # Errors  Last Runtime    Last Run
-------------------------------------------  -----  ---------  --------  ----------  --------------  -------------------
/opt/airflow/dags/minio_to_snowflake_dag.py                           1           0  0.27s           2026-05-27T14:16:53
================================================================================
[2026-05-27T14:17:43.142+0000] {manager.py:878} INFO - 
================================================================================
DAG File Processing Stats

File Path                                    PID    Runtime      # DAGs    # Errors  Last Runtime    Last Run
-------------------------------------------  -----  ---------  --------  ----------  --------------  -------------------
/opt/airflow/dags/minio_to_snowflake_dag.py                           1           0  0.27s           2026-05-27T14:17:24
================================================================================
[2026-05-27T14:18:13.637+0000] {manager.py:878} INFO - 
================================================================================
DAG File Processing Stats

File Path                                    PID    Runtime      # DAGs    # Errors  Last Runtime    Last Run
-------------------------------------------  -----  ---------  --------  ----------  --------------  -------------------
/opt/airflow/dags/minio_to_snowflake_dag.py                           1           0  0.28s           2026-05-27T14:17:54
================================================================================
[2026-05-27T14:18:14.656+0000] {manager.py:737} INFO - Searching for files in /opt/airflow/dags
[2026-05-27T14:18:14.670+0000] {manager.py:740} INFO - There are 1 files in /opt/airflow/dags
[2026-05-27T14:18:44.117+0000] {manager.py:878} INFO - 
================================================================================
DAG File Processing Stats

File Path                                    PID    Runtime      # DAGs    # Errors  Last Runtime    Last Run
-------------------------------------------  -----  ---------  --------  ----------  --------------  -------------------
/opt/airflow/dags/minio_to_snowflake_dag.py                           1           0  0.27s           2026-05-27T14:18:25
================================================================================
[2026-05-27T14:19:14.634+0000] {manager.py:878} INFO - 
================================================================================
DAG File Processing Stats

File Path                                    PID    Runtime      # DAGs    # Errors  Last Runtime    Last Run
-------------------------------------------  -----  ---------  --------  ----------  --------------  -------------------
/opt/airflow/dags/minio_to_snowflake_dag.py                           1           0  0.27s           2026-05-27T14:18:55
================================================================================
[2026-05-27T14:19:45.102+0000] {manager.py:878} INFO - 
================================================================================
DAG File Processing Stats

File Path                                    PID    Runtime      # DAGs    # Errors  Last Runtime    Last Run
-------------------------------------------  -----  ---------  --------  ----------  --------------  -------------------
/opt/airflow/dags/minio_to_snowflake_dag.py                           1           0  0.27s           2026-05-27T14:19:26
================================================================================
[2026-05-27T14:20:15.501+0000] {manager.py:878} INFO - 
================================================================================
DAG File Processing Stats

File Path                                    PID    Runtime      # DAGs    # Errors  Last Runtime    Last Run
-------------------------------------------  -----  ---------  --------  ----------  --------------  -------------------
/opt/airflow/dags/minio_to_snowflake_dag.py                           1           0  0.27s           2026-05-27T14:19:56
================================================================================
[2026-05-27T14:20:45.939+0000] {manager.py:878} INFO - 
================================================================================
DAG File Processing Stats

File Path                                    PID    Runtime      # DAGs    # Errors  Last Runtime    Last Run
-------------------------------------------  -----  ---------  --------  ----------  --------------  -------------------
/opt/airflow/dags/minio_to_snowflake_dag.py                           1           0  0.28s           2026-05-27T14:20:26
================================================================================
[2026-05-27T14:21:16.468+0000] {manager.py:878} INFO - 
================================================================================
DAG File Processing Stats

File Path                                    PID    Runtime      # DAGs    # Errors  Last Runtime    Last Run
-------------------------------------------  -----  ---------  --------  ----------  --------------  -------------------
/opt/airflow/dags/minio_to_snowflake_dag.py                           1           0  0.27s           2026-05-27T14:20:57
================================================================================
[2026-05-27T14:21:46.767+0000] {manager.py:878} INFO - 
================================================================================
DAG File Processing Stats

File Path                                    PID    Runtime      # DAGs    # Errors  Last Runtime    Last Run
-------------------------------------------  -----  ---------  --------  ----------  --------------  -------------------
/opt/airflow/dags/minio_to_snowflake_dag.py                           1           0  0.27s           2026-05-27T14:21:27
================================================================================
[2026-05-27T14:22:17.078+0000] {manager.py:878} INFO - 
================================================================================
DAG File Processing Stats

File Path                                    PID    Runtime      # DAGs    # Errors  Last Runtime    Last Run
-------------------------------------------  -----  ---------  --------  ----------  --------------  -------------------
/opt/airflow/dags/minio_to_snowflake_dag.py                           1           0  0.26s           2026-05-27T14:21:58
================================================================================
[2026-05-27T14:22:47.680+0000] {manager.py:878} INFO - 
================================================================================
DAG File Processing Stats

File Path                                    PID    Runtime      # DAGs    # Errors  Last Runtime    Last Run
-------------------------------------------  -----  ---------  --------  ----------  --------------  -------------------
/opt/airflow/dags/minio_to_snowflake_dag.py                           1           0  0.27s           2026-05-27T14:22:28
================================================================================
[2026-05-27T14:23:15.009+0000] {manager.py:737} INFO - Searching for files in /opt/airflow/dags
[2026-05-27T14:23:15.020+0000] {manager.py:740} INFO - There are 1 files in /opt/airflow/dags
[2026-05-27T14:23:18.053+0000] {manager.py:878} INFO - 
================================================================================
DAG File Processing Stats

File Path                                    PID    Runtime      # DAGs    # Errors  Last Runtime    Last Run
-------------------------------------------  -----  ---------  --------  ----------  --------------  -------------------
/opt/airflow/dags/minio_to_snowflake_dag.py                           1           0  0.27s           2026-05-27T14:22:59
================================================================================
[2026-05-27T14:23:48.715+0000] {manager.py:878} INFO - 
================================================================================
DAG File Processing Stats

File Path                                    PID    Runtime      # DAGs    # Errors  Last Runtime    Last Run
-------------------------------------------  -----  ---------  --------  ----------  --------------  -------------------
/opt/airflow/dags/minio_to_snowflake_dag.py                           1           0  0.27s           2026-05-27T14:23:29
================================================================================
[2026-05-27T14:24:19.069+0000] {manager.py:878} INFO - 
================================================================================
DAG File Processing Stats

File Path                                    PID    Runtime      # DAGs    # Errors  Last Runtime    Last Run
-------------------------------------------  -----  ---------  --------  ----------  --------------  -------------------
/opt/airflow/dags/minio_to_snowflake_dag.py                           1           0  0.27s           2026-05-27T14:24:00
================================================================================
[2026-05-27T14:24:49.428+0000] {manager.py:878} INFO - 
================================================================================
DAG File Processing Stats

File Path                                    PID    Runtime      # DAGs    # Errors  Last Runtime    Last Run
-------------------------------------------  -----  ---------  --------  ----------  --------------  -------------------
/opt/airflow/dags/minio_to_snowflake_dag.py                           1           0  0.27s           2026-05-27T14:24:30
================================================================================
[2026-05-27T14:25:19.970+0000] {manager.py:878} INFO - 
================================================================================
DAG File Processing Stats

File Path                                    PID    Runtime      # DAGs    # Errors  Last Runtime    Last Run
-------------------------------------------  -----  ---------  --------  ----------  --------------  -------------------
/opt/airflow/dags/minio_to_snowflake_dag.py                           1           0  0.27s           2026-05-27T14:25:00
================================================================================
[2026-05-27T14:25:50.321+0000] {manager.py:878} INFO - 
================================================================================
DAG File Processing Stats

File Path                                    PID    Runtime      # DAGs    # Errors  Last Runtime    Last Run
-------------------------------------------  -----  ---------  --------  ----------  --------------  -------------------
/opt/airflow/dags/minio_to_snowflake_dag.py                           1           0  0.29s           2026-05-27T14:25:31
================================================================================
[2026-05-27T14:26:20.612+0000] {manager.py:878} INFO - 
================================================================================
DAG File Processing Stats

File Path                                    PID    Runtime      # DAGs    # Errors  Last Runtime    Last Run
-------------------------------------------  -----  ---------  --------  ----------  --------------  -------------------
/opt/airflow/dags/minio_to_snowflake_dag.py                           1           0  0.26s           2026-05-27T14:26:01
================================================================================
[2026-05-27T14:26:51.193+0000] {manager.py:878} INFO - 
================================================================================
DAG File Processing Stats

File Path                                    PID    Runtime      # DAGs    # Errors  Last Runtime    Last Run
-------------------------------------------  -----  ---------  --------  ----------  --------------  -------------------
/opt/airflow/dags/minio_to_snowflake_dag.py                           1           0  0.26s           2026-05-27T14:26:31
================================================================================
[2026-05-27T14:42:26.271+0000] {manager.py:737} INFO - Searching for files in /opt/airflow/dags
[2026-05-27T14:42:26.274+0000] {manager.py:740} INFO - There are 1 files in /opt/airflow/dags
[2026-05-27T14:42:55.607+0000] {manager.py:878} INFO - 
================================================================================
DAG File Processing Stats

File Path                                    PID    Runtime      # DAGs    # Errors  Last Runtime    Last Run
-------------------------------------------  -----  ---------  --------  ----------  --------------  -------------------
/opt/airflow/dags/minio_to_snowflake_dag.py                           1           0  0.25s           2026-05-27T14:42:26
================================================================================
[2026-05-27T14:43:26.138+0000] {manager.py:878} INFO - 
================================================================================
DAG File Processing Stats

File Path                                    PID    Runtime      # DAGs    # Errors  Last Runtime    Last Run
-------------------------------------------  -----  ---------  --------  ----------  --------------  -------------------
/opt/airflow/dags/minio_to_snowflake_dag.py                           1           0  0.27s           2026-05-27T14:42:56
================================================================================
[2026-05-27T14:43:56.477+0000] {manager.py:878} INFO - 
================================================================================
DAG File Processing Stats

File Path                                    PID    Runtime      # DAGs    # Errors  Last Runtime    Last Run
-------------------------------------------  -----  ---------  --------  ----------  --------------  -------------------
/opt/airflow/dags/minio_to_snowflake_dag.py                           1           0  0.27s           2026-05-27T14:43:27
================================================================================
[2026-05-27T14:44:27.066+0000] {manager.py:878} INFO - 
================================================================================
DAG File Processing Stats

File Path                                    PID    Runtime      # DAGs    # Errors  Last Runtime    Last Run
-------------------------------------------  -----  ---------  --------  ----------  --------------  -------------------
/opt/airflow/dags/minio_to_snowflake_dag.py                           1           0  0.26s           2026-05-27T14:43:57
================================================================================
[2026-05-27T14:44:57.434+0000] {manager.py:878} INFO - 
================================================================================
DAG File Processing Stats

File Path                                    PID    Runtime      # DAGs    # Errors  Last Runtime    Last Run
-------------------------------------------  -----  ---------  --------  ----------  --------------  -------------------
/opt/airflow/dags/minio_to_snowflake_dag.py                           1           0  0.26s           2026-05-27T14:44:28
================================================================================
[2026-05-27T15:02:14.222+0000] {manager.py:737} INFO - Searching for files in /opt/airflow/dags
[2026-05-27T15:02:14.252+0000] {manager.py:740} INFO - There are 1 files in /opt/airflow/dags
[2026-05-27T15:02:16.292+0000] {manager.py:878} INFO - 
================================================================================
DAG File Processing Stats

File Path                                    PID    Runtime      # DAGs    # Errors  Last Runtime    Last Run
-------------------------------------------  -----  ---------  --------  ----------  --------------  -------------------
/opt/airflow/dags/minio_to_snowflake_dag.py                           1           0  0.25s           2026-05-27T15:02:14
================================================================================
[2026-05-27T15:02:46.752+0000] {manager.py:878} INFO - 
================================================================================
DAG File Processing Stats

File Path                                    PID    Runtime      # DAGs    # Errors  Last Runtime    Last Run
-------------------------------------------  -----  ---------  --------  ----------  --------------  -------------------
/opt/airflow/dags/minio_to_snowflake_dag.py                           1           0  0.26s           2026-05-27T15:02:44
================================================================================
[2026-05-27T15:19:16.810+0000] {manager.py:737} INFO - Searching for files in /opt/airflow/dags
[2026-05-27T15:19:16.817+0000] {manager.py:740} INFO - There are 1 files in /opt/airflow/dags
[2026-05-27T15:19:18.895+0000] {manager.py:878} INFO - 
================================================================================
DAG File Processing Stats

File Path                                    PID    Runtime      # DAGs    # Errors  Last Runtime    Last Run
-------------------------------------------  -----  ---------  --------  ----------  --------------  -------------------
/opt/airflow/dags/minio_to_snowflake_dag.py                           1           0  0.25s           2026-05-27T15:19:17
================================================================================
[2026-05-27T15:19:49.443+0000] {manager.py:878} INFO - 
================================================================================
DAG File Processing Stats

File Path                                    PID    Runtime      # DAGs    # Errors  Last Runtime    Last Run
-------------------------------------------  -----  ---------  --------  ----------  --------------  -------------------
/opt/airflow/dags/minio_to_snowflake_dag.py                           1           0  0.29s           2026-05-27T15:19:47
================================================================================
[2026-05-27T15:38:10.321+0000] {manager.py:737} INFO - Searching for files in /opt/airflow/dags
[2026-05-27T15:38:10.328+0000] {manager.py:740} INFO - There are 1 files in /opt/airflow/dags
[2026-05-27T15:38:13.409+0000] {manager.py:878} INFO - 
================================================================================
DAG File Processing Stats

File Path                                    PID    Runtime      # DAGs    # Errors  Last Runtime    Last Run
-------------------------------------------  -----  ---------  --------  ----------  --------------  -------------------
/opt/airflow/dags/minio_to_snowflake_dag.py                           1           0  0.25s           2026-05-27T15:38:10
================================================================================
[2026-05-27T15:54:25.709+0000] {manager.py:737} INFO - Searching for files in /opt/airflow/dags
[2026-05-27T15:54:25.712+0000] {manager.py:740} INFO - There are 1 files in /opt/airflow/dags
[2026-05-27T15:54:29.934+0000] {manager.py:878} INFO - 
================================================================================
DAG File Processing Stats

File Path                                    PID    Runtime      # DAGs    # Errors  Last Runtime    Last Run
-------------------------------------------  -----  ---------  --------  ----------  --------------  -------------------
/opt/airflow/dags/minio_to_snowflake_dag.py                           1           0  0.33s           2026-05-27T15:54:26
================================================================================
[2026-05-27T15:55:00.321+0000] {manager.py:878} INFO - 
================================================================================
DAG File Processing Stats

File Path                                    PID    Runtime      # DAGs    # Errors  Last Runtime    Last Run
-------------------------------------------  -----  ---------  --------  ----------  --------------  -------------------
/opt/airflow/dags/minio_to_snowflake_dag.py                           1           0  0.26s           2026-05-27T15:54:56
================================================================================
[2026-05-27T15:55:30.763+0000] {manager.py:878} INFO - 
================================================================================
DAG File Processing Stats

File Path                                    PID    Runtime      # DAGs    # Errors  Last Runtime    Last Run
-------------------------------------------  -----  ---------  --------  ----------  --------------  -------------------
/opt/airflow/dags/minio_to_snowflake_dag.py                           1           0  0.27s           2026-05-27T15:55:26
================================================================================
[2026-05-27T15:56:01.247+0000] {manager.py:878} INFO - 
================================================================================
DAG File Processing Stats

File Path                                    PID    Runtime      # DAGs    # Errors  Last Runtime    Last Run
-------------------------------------------  -----  ---------  --------  ----------  --------------  -------------------
/opt/airflow/dags/minio_to_snowflake_dag.py                           1           0  0.27s           2026-05-27T15:55:57
================================================================================
[2026-05-27T15:56:31.615+0000] {manager.py:878} INFO - 
================================================================================
DAG File Processing Stats

File Path                                    PID    Runtime      # DAGs    # Errors  Last Runtime    Last Run
-------------------------------------------  -----  ---------  --------  ----------  --------------  -------------------
/opt/airflow/dags/minio_to_snowflake_dag.py                           1           0  0.26s           2026-05-27T15:56:27
================================================================================
[2026-05-27T15:57:02.113+0000] {manager.py:878} INFO - 
================================================================================
DAG File Processing Stats

File Path                                    PID    Runtime      # DAGs    # Errors  Last Runtime    Last Run
-------------------------------------------  -----  ---------  --------  ----------  --------------  -------------------
/opt/airflow/dags/minio_to_snowflake_dag.py                           1           0  0.26s           2026-05-27T15:56:58
================================================================================
[2026-05-27T15:57:32.513+0000] {manager.py:878} INFO - 
================================================================================
DAG File Processing Stats

File Path                                    PID    Runtime      # DAGs    # Errors  Last Runtime    Last Run
-------------------------------------------  -----  ---------  --------  ----------  --------------  -------------------
/opt/airflow/dags/minio_to_snowflake_dag.py                           1           0  0.29s           2026-05-27T15:57:28
================================================================================
[2026-05-27T16:13:27.421+0000] {manager.py:737} INFO - Searching for files in /opt/airflow/dags
[2026-05-27T16:13:27.427+0000] {manager.py:740} INFO - There are 1 files in /opt/airflow/dags
[2026-05-27T16:13:34.519+0000] {manager.py:878} INFO - 
================================================================================
DAG File Processing Stats

File Path                                    PID    Runtime      # DAGs    # Errors  Last Runtime    Last Run
-------------------------------------------  -----  ---------  --------  ----------  --------------  -------------------
/opt/airflow/dags/minio_to_snowflake_dag.py                           1           0  0.25s           2026-05-27T16:13:27
================================================================================
[2026-05-27T16:14:05.041+0000] {manager.py:878} INFO - 
================================================================================
DAG File Processing Stats

File Path                                    PID    Runtime      # DAGs    # Errors  Last Runtime    Last Run
-------------------------------------------  -----  ---------  --------  ----------  --------------  -------------------
/opt/airflow/dags/minio_to_snowflake_dag.py                           1           0  0.24s           2026-05-27T16:13:58
================================================================================
[2026-05-27T16:22:06.662+0000] {manager.py:737} INFO - Searching for files in /opt/airflow/dags
[2026-05-27T16:22:06.666+0000] {manager.py:740} INFO - There are 1 files in /opt/airflow/dags
[2026-05-27T16:22:13.755+0000] {manager.py:878} INFO - 
================================================================================
DAG File Processing Stats

File Path                                    PID    Runtime      # DAGs    # Errors  Last Runtime    Last Run
-------------------------------------------  -----  ---------  --------  ----------  --------------  -------------------
/opt/airflow/dags/minio_to_snowflake_dag.py                           1           0  0.24s           2026-05-27T16:22:06
================================================================================
[2026-05-27T16:39:43.765+0000] {manager.py:737} INFO - Searching for files in /opt/airflow/dags
[2026-05-27T16:39:43.775+0000] {manager.py:740} INFO - There are 1 files in /opt/airflow/dags
[2026-05-27T16:39:51.965+0000] {manager.py:878} INFO - 
================================================================================
DAG File Processing Stats

File Path                                    PID    Runtime      # DAGs    # Errors  Last Runtime    Last Run
-------------------------------------------  -----  ---------  --------  ----------  --------------  -------------------
/opt/airflow/dags/minio_to_snowflake_dag.py                           1           0  0.29s           2026-05-27T16:39:44
================================================================================
[2026-05-27T16:40:22.392+0000] {manager.py:878} INFO - 
================================================================================
DAG File Processing Stats

File Path                                    PID    Runtime      # DAGs    # Errors  Last Runtime    Last Run
-------------------------------------------  -----  ---------  --------  ----------  --------------  -------------------
/opt/airflow/dags/minio_to_snowflake_dag.py                           1           0  0.27s           2026-05-27T16:40:14
================================================================================
[2026-05-27T16:56:55.327+0000] {manager.py:737} INFO - Searching for files in /opt/airflow/dags
[2026-05-27T16:56:55.330+0000] {manager.py:740} INFO - There are 1 files in /opt/airflow/dags
[2026-05-27T16:57:04.450+0000] {manager.py:878} INFO - 
================================================================================
DAG File Processing Stats

File Path                                    PID    Runtime      # DAGs    # Errors  Last Runtime    Last Run
-------------------------------------------  -----  ---------  --------  ----------  --------------  -------------------
/opt/airflow/dags/minio_to_snowflake_dag.py                           1           0  0.27s           2026-05-27T16:56:55
================================================================================
[2026-05-27T16:57:34.684+0000] {manager.py:878} INFO - 
================================================================================
DAG File Processing Stats

File Path                                    PID    Runtime      # DAGs    # Errors  Last Runtime    Last Run
-------------------------------------------  -----  ---------  --------  ----------  --------------  -------------------
/opt/airflow/dags/minio_to_snowflake_dag.py                           1           0  0.28s           2026-05-27T16:57:25
================================================================================
[2026-05-27T17:13:13.605+0000] {manager.py:737} INFO - Searching for files in /opt/airflow/dags
[2026-05-27T17:13:13.607+0000] {manager.py:740} INFO - There are 1 files in /opt/airflow/dags
[2026-05-27T17:13:22.682+0000] {manager.py:878} INFO - 
================================================================================
DAG File Processing Stats

File Path                                    PID    Runtime      # DAGs    # Errors  Last Runtime    Last Run
-------------------------------------------  -----  ---------  --------  ----------  --------------  -------------------
/opt/airflow/dags/minio_to_snowflake_dag.py                           1           0  0.24s           2026-05-27T17:13:13
================================================================================
[2026-05-27T17:13:53.242+0000] {manager.py:878} INFO - 
================================================================================
DAG File Processing Stats

File Path                                    PID    Runtime      # DAGs    # Errors  Last Runtime    Last Run
-------------------------------------------  -----  ---------  --------  ----------  --------------  -------------------
/opt/airflow/dags/minio_to_snowflake_dag.py                           1           0  0.32s           2026-05-27T17:13:44
================================================================================
[2026-05-27T17:23:05.586+0000] {manager.py:737} INFO - Searching for files in /opt/airflow/dags
[2026-05-27T17:23:05.591+0000] {manager.py:740} INFO - There are 1 files in /opt/airflow/dags
[2026-05-27T18:59:54.520+0000] {manager.py:470} INFO - Processing files using up to 2 processes at a time 
[2026-05-27T18:59:54.522+0000] {manager.py:471} INFO - Process each file at most once every 30 seconds
[2026-05-27T18:59:54.522+0000] {manager.py:472} INFO - Checking for new files in /opt/airflow/dags every 300 seconds
[2026-05-27T18:59:54.522+0000] {manager.py:737} INFO - Searching for files in /opt/airflow/dags
[2026-05-27T18:59:54.535+0000] {manager.py:740} INFO - There are 1 files in /opt/airflow/dags
[2026-05-27T19:00:18.267+0000] {manager.py:878} INFO - 
================================================================================
DAG File Processing Stats

File Path                                    PID    Runtime      # DAGs    # Errors  Last Runtime    Last Run
-------------------------------------------  -----  ---------  --------  ----------  --------------  -------------------
/opt/airflow/dags/minio_to_snowflake_dag.py                           1           0  0.57s           2026-05-27T18:59:55
================================================================================
[2026-05-27T19:00:48.531+0000] {manager.py:878} INFO - 
================================================================================
DAG File Processing Stats

File Path                                    PID    Runtime      # DAGs    # Errors  Last Runtime    Last Run
-------------------------------------------  -----  ---------  --------  ----------  --------------  -------------------
/opt/airflow/dags/minio_to_snowflake_dag.py                           1           0  0.35s           2026-05-27T19:00:25
================================================================================
[2026-05-27T19:01:19.050+0000] {manager.py:878} INFO - 
================================================================================
DAG File Processing Stats

File Path                                    PID    Runtime      # DAGs    # Errors  Last Runtime    Last Run
-------------------------------------------  -----  ---------  --------  ----------  --------------  -------------------
/opt/airflow/dags/minio_to_snowflake_dag.py                           1           0  0.29s           2026-05-27T19:00:56
================================================================================
[2026-05-27T19:01:49.623+0000] {manager.py:878} INFO - 
================================================================================
DAG File Processing Stats

File Path                                    PID    Runtime      # DAGs    # Errors  Last Runtime    Last Run
-------------------------------------------  -----  ---------  --------  ----------  --------------  -------------------
/opt/airflow/dags/minio_to_snowflake_dag.py                           1           0  0.27s           2026-05-27T19:01:26
================================================================================
[2026-05-27T19:02:20.169+0000] {manager.py:878} INFO - 
================================================================================
DAG File Processing Stats

File Path                                    PID    Runtime      # DAGs    # Errors  Last Runtime    Last Run
-------------------------------------------  -----  ---------  --------  ----------  --------------  -------------------
/opt/airflow/dags/minio_to_snowflake_dag.py                           1           0  0.27s           2026-05-27T19:01:56
================================================================================
[2026-05-27T19:02:50.439+0000] {manager.py:878} INFO - 
================================================================================
DAG File Processing Stats

File Path                                    PID    Runtime      # DAGs    # Errors  Last Runtime    Last Run
-------------------------------------------  -----  ---------  --------  ----------  --------------  -------------------
/opt/airflow/dags/minio_to_snowflake_dag.py                           1           0  0.25s           2026-05-27T19:02:27
================================================================================
[2026-05-27T19:03:20.903+0000] {manager.py:878} INFO - 
================================================================================
DAG File Processing Stats

File Path                                    PID    Runtime      # DAGs    # Errors  Last Runtime    Last Run
-------------------------------------------  -----  ---------  --------  ----------  --------------  -------------------
/opt/airflow/dags/minio_to_snowflake_dag.py                           1           0  0.30s           2026-05-27T19:02:57
================================================================================
[2026-05-27T19:03:51.178+0000] {manager.py:878} INFO - 
================================================================================
DAG File Processing Stats

File Path                                    PID    Runtime      # DAGs    # Errors  Last Runtime    Last Run
-------------------------------------------  -----  ---------  --------  ----------  --------------  -------------------
/opt/airflow/dags/minio_to_snowflake_dag.py                           1           0  0.29s           2026-05-27T19:03:28
================================================================================
[2026-05-27T19:04:21.709+0000] {manager.py:878} INFO - 
================================================================================
DAG File Processing Stats

File Path                                    PID    Runtime      # DAGs    # Errors  Last Runtime    Last Run
-------------------------------------------  -----  ---------  --------  ----------  --------------  -------------------
/opt/airflow/dags/minio_to_snowflake_dag.py                           1           0  0.28s           2026-05-27T19:03:58
================================================================================
[2026-05-27T19:04:51.984+0000] {manager.py:878} INFO - 
================================================================================
DAG File Processing Stats

File Path                                    PID    Runtime      # DAGs    # Errors  Last Runtime    Last Run
-------------------------------------------  -----  ---------  --------  ----------  --------------  -------------------
/opt/airflow/dags/minio_to_snowflake_dag.py                           1           0  0.26s           2026-05-27T19:04:29
================================================================================
[2026-05-27T19:04:55.007+0000] {manager.py:737} INFO - Searching for files in /opt/airflow/dags
[2026-05-27T19:04:55.014+0000] {manager.py:740} INFO - There are 1 files in /opt/airflow/dags
[2026-05-27T19:05:22.523+0000] {manager.py:878} INFO - 
================================================================================
DAG File Processing Stats

File Path                                    PID    Runtime      # DAGs    # Errors  Last Runtime    Last Run
-------------------------------------------  -----  ---------  --------  ----------  --------------  -------------------
/opt/airflow/dags/minio_to_snowflake_dag.py                           1           0  0.26s           2026-05-27T19:04:59
================================================================================
[2026-05-27T19:05:52.777+0000] {manager.py:878} INFO - 
================================================================================
DAG File Processing Stats

File Path                                    PID    Runtime      # DAGs    # Errors  Last Runtime    Last Run
-------------------------------------------  -----  ---------  --------  ----------  --------------  -------------------
/opt/airflow/dags/minio_to_snowflake_dag.py                           1           0  0.29s           2026-05-27T19:05:29
================================================================================
[2026-05-27T19:06:23.367+0000] {manager.py:878} INFO - 
================================================================================
DAG File Processing Stats

File Path                                    PID    Runtime      # DAGs    # Errors  Last Runtime    Last Run
-------------------------------------------  -----  ---------  --------  ----------  --------------  -------------------
/opt/airflow/dags/minio_to_snowflake_dag.py                           1           0  0.26s           2026-05-27T19:06:00
================================================================================
[2026-05-27T19:06:53.872+0000] {manager.py:878} INFO - 
================================================================================
DAG File Processing Stats

File Path                                    PID    Runtime      # DAGs    # Errors  Last Runtime    Last Run
-------------------------------------------  -----  ---------  --------  ----------  --------------  -------------------
/opt/airflow/dags/minio_to_snowflake_dag.py                           1           0  0.29s           2026-05-27T19:06:30
================================================================================
[2026-05-27T19:07:24.435+0000] {manager.py:878} INFO - 
================================================================================
DAG File Processing Stats

File Path                                    PID    Runtime      # DAGs    # Errors  Last Runtime    Last Run
-------------------------------------------  -----  ---------  --------  ----------  --------------  -------------------
/opt/airflow/dags/minio_to_snowflake_dag.py                           1           0  0.25s           2026-05-27T19:07:01
================================================================================
[2026-05-27T19:07:54.948+0000] {manager.py:878} INFO - 
================================================================================
DAG File Processing Stats

File Path                                    PID    Runtime      # DAGs    # Errors  Last Runtime    Last Run
-------------------------------------------  -----  ---------  --------  ----------  --------------  -------------------
/opt/airflow/dags/minio_to_snowflake_dag.py                           1           0  0.27s           2026-05-27T19:07:32
================================================================================
[2026-05-27T19:08:25.436+0000] {manager.py:878} INFO - 
================================================================================
DAG File Processing Stats

File Path                                    PID    Runtime      # DAGs    # Errors  Last Runtime    Last Run
-------------------------------------------  -----  ---------  --------  ----------  --------------  -------------------
/opt/airflow/dags/minio_to_snowflake_dag.py                           1           0  0.25s           2026-05-27T19:08:02
================================================================================
[2026-05-27T19:08:55.995+0000] {manager.py:878} INFO - 
================================================================================
DAG File Processing Stats

File Path                                    PID    Runtime      # DAGs    # Errors  Last Runtime    Last Run
-------------------------------------------  -----  ---------  --------  ----------  --------------  -------------------
/opt/airflow/dags/minio_to_snowflake_dag.py                           1           0  0.27s           2026-05-27T19:08:33
================================================================================
[2026-05-27T19:09:26.495+0000] {manager.py:878} INFO - 
================================================================================
DAG File Processing Stats

File Path                                    PID    Runtime      # DAGs    # Errors  Last Runtime    Last Run
-------------------------------------------  -----  ---------  --------  ----------  --------------  -------------------
/opt/airflow/dags/minio_to_snowflake_dag.py                           1           0  0.31s           2026-05-27T19:09:03
================================================================================
[2026-05-27T19:09:55.061+0000] {manager.py:737} INFO - Searching for files in /opt/airflow/dags
[2026-05-27T19:09:55.070+0000] {manager.py:740} INFO - There are 1 files in /opt/airflow/dags
[2026-05-27T19:09:56.776+0000] {manager.py:878} INFO - 
================================================================================
DAG File Processing Stats

File Path                                    PID    Runtime      # DAGs    # Errors  Last Runtime    Last Run
-------------------------------------------  -----  ---------  --------  ----------  --------------  -------------------
/opt/airflow/dags/minio_to_snowflake_dag.py                           1           0  0.28s           2026-05-27T19:09:33
================================================================================
[2026-05-27T19:10:27.298+0000] {manager.py:878} INFO - 
================================================================================
DAG File Processing Stats

File Path                                    PID    Runtime      # DAGs    # Errors  Last Runtime    Last Run
-------------------------------------------  -----  ---------  --------  ----------  --------------  -------------------
/opt/airflow/dags/minio_to_snowflake_dag.py                           1           0  0.30s           2026-05-27T19:10:04
================================================================================
[2026-05-27T19:10:57.934+0000] {manager.py:878} INFO - 
================================================================================
DAG File Processing Stats

File Path                                    PID    Runtime      # DAGs    # Errors  Last Runtime    Last Run
-------------------------------------------  -----  ---------  --------  ----------  --------------  -------------------
/opt/airflow/dags/minio_to_snowflake_dag.py                           1           0  0.27s           2026-05-27T19:10:34
================================================================================
[2026-05-27T19:11:28.453+0000] {manager.py:878} INFO - 
================================================================================
DAG File Processing Stats

File Path                                    PID    Runtime      # DAGs    # Errors  Last Runtime    Last Run
-------------------------------------------  -----  ---------  --------  ----------  --------------  -------------------
/opt/airflow/dags/minio_to_snowflake_dag.py                           1           0  0.28s           2026-05-27T19:11:05
================================================================================
[2026-05-27T19:11:59.019+0000] {manager.py:878} INFO - 
================================================================================
DAG File Processing Stats

File Path                                    PID    Runtime      # DAGs    # Errors  Last Runtime    Last Run
-------------------------------------------  -----  ---------  --------  ----------  --------------  -------------------
/opt/airflow/dags/minio_to_snowflake_dag.py                           1           0  0.27s           2026-05-27T19:11:36
================================================================================
[2026-05-27T19:12:29.469+0000] {manager.py:878} INFO - 
================================================================================
DAG File Processing Stats

File Path                                    PID    Runtime      # DAGs    # Errors  Last Runtime    Last Run
-------------------------------------------  -----  ---------  --------  ----------  --------------  -------------------
/opt/airflow/dags/minio_to_snowflake_dag.py                           1           0  0.30s           2026-05-27T19:12:06
================================================================================
[2026-05-27T19:12:59.773+0000] {manager.py:878} INFO - 
================================================================================
DAG File Processing Stats

File Path                                    PID    Runtime      # DAGs    # Errors  Last Runtime    Last Run
-------------------------------------------  -----  ---------  --------  ----------  --------------  -------------------
/opt/airflow/dags/minio_to_snowflake_dag.py                           1           0  0.27s           2026-05-27T19:12:36
================================================================================
[2026-05-27T19:13:30.202+0000] {manager.py:878} INFO - 
================================================================================
DAG File Processing Stats

File Path                                    PID    Runtime      # DAGs    # Errors  Last Runtime    Last Run
-------------------------------------------  -----  ---------  --------  ----------  --------------  -------------------
/opt/airflow/dags/minio_to_snowflake_dag.py                           1           0  0.28s           2026-05-27T19:13:07
================================================================================
[2026-05-27T19:14:00.433+0000] {manager.py:878} INFO - 
================================================================================
DAG File Processing Stats

File Path                                    PID    Runtime      # DAGs    # Errors  Last Runtime    Last Run
-------------------------------------------  -----  ---------  --------  ----------  --------------  -------------------
/opt/airflow/dags/minio_to_snowflake_dag.py                           1           0  0.27s           2026-05-27T19:13:37
================================================================================
[2026-05-27T19:14:30.969+0000] {manager.py:878} INFO - 
================================================================================
DAG File Processing Stats

File Path                                    PID    Runtime      # DAGs    # Errors  Last Runtime    Last Run
-------------------------------------------  -----  ---------  --------  ----------  --------------  -------------------
/opt/airflow/dags/minio_to_snowflake_dag.py                           1           0  0.29s           2026-05-27T19:14:08
================================================================================
[2026-05-27T19:14:55.465+0000] {manager.py:737} INFO - Searching for files in /opt/airflow/dags
[2026-05-27T19:14:55.475+0000] {manager.py:740} INFO - There are 1 files in /opt/airflow/dags
[2026-05-27T19:15:01.544+0000] {manager.py:878} INFO - 
================================================================================
DAG File Processing Stats

File Path                                    PID    Runtime      # DAGs    # Errors  Last Runtime    Last Run
-------------------------------------------  -----  ---------  --------  ----------  --------------  -------------------
/opt/airflow/dags/minio_to_snowflake_dag.py                           1           0  0.28s           2026-05-27T19:14:38
================================================================================
[2026-05-27T19:15:32.069+0000] {manager.py:878} INFO - 
================================================================================
DAG File Processing Stats

File Path                                    PID    Runtime      # DAGs    # Errors  Last Runtime    Last Run
-------------------------------------------  -----  ---------  --------  ----------  --------------  -------------------
/opt/airflow/dags/minio_to_snowflake_dag.py                           1           0  0.27s           2026-05-27T19:15:09
================================================================================
[2026-05-27T19:16:02.592+0000] {manager.py:878} INFO - 
================================================================================
DAG File Processing Stats

File Path                                    PID    Runtime      # DAGs    # Errors  Last Runtime    Last Run
-------------------------------------------  -----  ---------  --------  ----------  --------------  -------------------
/opt/airflow/dags/minio_to_snowflake_dag.py                           1           0  0.30s           2026-05-27T19:15:39
================================================================================
[2026-05-27T19:16:33.106+0000] {manager.py:878} INFO - 
================================================================================
DAG File Processing Stats

File Path                                    PID    Runtime      # DAGs    # Errors  Last Runtime    Last Run
-------------------------------------------  -----  ---------  --------  ----------  --------------  -------------------
/opt/airflow/dags/minio_to_snowflake_dag.py                           1           0  0.26s           2026-05-27T19:16:10
================================================================================
[2026-05-27T19:17:03.617+0000] {manager.py:878} INFO - 
================================================================================
DAG File Processing Stats

File Path                                    PID    Runtime      # DAGs    # Errors  Last Runtime    Last Run
-------------------------------------------  -----  ---------  --------  ----------  --------------  -------------------
/opt/airflow/dags/minio_to_snowflake_dag.py                           1           0  0.25s           2026-05-27T19:16:40
================================================================================
[2026-05-27T19:17:34.069+0000] {manager.py:878} INFO - 
================================================================================
DAG File Processing Stats

File Path                                    PID    Runtime      # DAGs    # Errors  Last Runtime    Last Run
-------------------------------------------  -----  ---------  --------  ----------  --------------  -------------------
/opt/airflow/dags/minio_to_snowflake_dag.py                           1           0  0.33s           2026-05-27T19:17:11
================================================================================
[2026-05-27T19:18:04.381+0000] {manager.py:878} INFO - 
================================================================================
DAG File Processing Stats

File Path                                    PID    Runtime      # DAGs    # Errors  Last Runtime    Last Run
-------------------------------------------  -----  ---------  --------  ----------  --------------  -------------------
/opt/airflow/dags/minio_to_snowflake_dag.py                           1           0  0.27s           2026-05-27T19:17:41
================================================================================
[2026-05-27T19:18:34.851+0000] {manager.py:878} INFO - 
================================================================================
DAG File Processing Stats

File Path                                    PID    Runtime      # DAGs    # Errors  Last Runtime    Last Run
-------------------------------------------  -----  ---------  --------  ----------  --------------  -------------------
/opt/airflow/dags/minio_to_snowflake_dag.py                           1           0  0.27s           2026-05-27T19:18:11
================================================================================
[2026-05-27T19:19:05.135+0000] {manager.py:878} INFO - 
================================================================================
DAG File Processing Stats

File Path                                    PID    Runtime      # DAGs    # Errors  Last Runtime    Last Run
-------------------------------------------  -----  ---------  --------  ----------  --------------  -------------------
/opt/airflow/dags/minio_to_snowflake_dag.py                           1           0  0.27s           2026-05-27T19:18:42
================================================================================
[2026-05-27T19:19:35.607+0000] {manager.py:878} INFO - 
================================================================================
DAG File Processing Stats

File Path                                    PID    Runtime      # DAGs    # Errors  Last Runtime    Last Run
-------------------------------------------  -----  ---------  --------  ----------  --------------  -------------------
/opt/airflow/dags/minio_to_snowflake_dag.py                           1           0  0.26s           2026-05-27T19:19:12
================================================================================
[2026-05-27T19:19:56.071+0000] {manager.py:737} INFO - Searching for files in /opt/airflow/dags
[2026-05-27T19:19:56.079+0000] {manager.py:740} INFO - There are 1 files in /opt/airflow/dags
[2026-05-27T19:20:06.186+0000] {manager.py:878} INFO - 
================================================================================
DAG File Processing Stats

File Path                                    PID    Runtime      # DAGs    # Errors  Last Runtime    Last Run
-------------------------------------------  -----  ---------  --------  ----------  --------------  -------------------
/opt/airflow/dags/minio_to_snowflake_dag.py                           1           0  0.26s           2026-05-27T19:19:43
================================================================================
[2026-05-27T19:20:36.623+0000] {manager.py:878} INFO - 
================================================================================
DAG File Processing Stats

File Path                                    PID    Runtime      # DAGs    # Errors  Last Runtime    Last Run
-------------------------------------------  -----  ---------  --------  ----------  --------------  -------------------
/opt/airflow/dags/minio_to_snowflake_dag.py                           1           0  0.27s           2026-05-27T19:20:13
================================================================================
[2026-05-27T19:21:06.917+0000] {manager.py:878} INFO - 
================================================================================
DAG File Processing Stats

File Path                                    PID    Runtime      # DAGs    # Errors  Last Runtime    Last Run
-------------------------------------------  -----  ---------  --------  ----------  --------------  -------------------
/opt/airflow/dags/minio_to_snowflake_dag.py                           1           0  0.26s           2026-05-27T19:20:43
================================================================================
[2026-05-27T19:21:37.403+0000] {manager.py:878} INFO - 
================================================================================
DAG File Processing Stats

File Path                                    PID    Runtime      # DAGs    # Errors  Last Runtime    Last Run
-------------------------------------------  -----  ---------  --------  ----------  --------------  -------------------
/opt/airflow/dags/minio_to_snowflake_dag.py                           1           0  0.27s           2026-05-27T19:21:14
================================================================================
[2026-05-27T19:22:07.616+0000] {manager.py:878} INFO - 
================================================================================
DAG File Processing Stats

File Path                                    PID    Runtime      # DAGs    # Errors  Last Runtime    Last Run
-------------------------------------------  -----  ---------  --------  ----------  --------------  -------------------
/opt/airflow/dags/minio_to_snowflake_dag.py                           1           0  0.26s           2026-05-27T19:21:44
================================================================================
[2026-05-27T19:22:38.114+0000] {manager.py:878} INFO - 
================================================================================
DAG File Processing Stats

File Path                                    PID    Runtime      # DAGs    # Errors  Last Runtime    Last Run
-------------------------------------------  -----  ---------  --------  ----------  --------------  -------------------
/opt/airflow/dags/minio_to_snowflake_dag.py                           1           0  0.27s           2026-05-27T19:22:15
================================================================================
[2026-05-27T19:23:08.663+0000] {manager.py:878} INFO - 
================================================================================
DAG File Processing Stats

File Path                                    PID    Runtime      # DAGs    # Errors  Last Runtime    Last Run
-------------------------------------------  -----  ---------  --------  ----------  --------------  -------------------
/opt/airflow/dags/minio_to_snowflake_dag.py                           1           0  0.29s           2026-05-27T19:22:45
================================================================================
[2026-05-27T19:23:39.153+0000] {manager.py:878} INFO - 
================================================================================
DAG File Processing Stats

File Path                                    PID    Runtime      # DAGs    # Errors  Last Runtime    Last Run
-------------------------------------------  -----  ---------  --------  ----------  --------------  -------------------
/opt/airflow/dags/minio_to_snowflake_dag.py                           1           0  0.38s           2026-05-27T19:23:16
================================================================================
[2026-05-27T19:24:09.706+0000] {manager.py:878} INFO - 
================================================================================
DAG File Processing Stats

File Path                                    PID    Runtime      # DAGs    # Errors  Last Runtime    Last Run
-------------------------------------------  -----  ---------  --------  ----------  --------------  -------------------
/opt/airflow/dags/minio_to_snowflake_dag.py                           1           0  0.28s           2026-05-27T19:23:46
================================================================================
[2026-05-27T19:24:40.214+0000] {manager.py:878} INFO - 
================================================================================
DAG File Processing Stats

File Path                                    PID    Runtime      # DAGs    # Errors  Last Runtime    Last Run
-------------------------------------------  -----  ---------  --------  ----------  --------------  -------------------
/opt/airflow/dags/minio_to_snowflake_dag.py                           1           0  0.28s           2026-05-27T19:24:17
================================================================================
[2026-05-27T19:24:56.605+0000] {manager.py:737} INFO - Searching for files in /opt/airflow/dags
[2026-05-27T19:24:56.612+0000] {manager.py:740} INFO - There are 1 files in /opt/airflow/dags
[2026-05-27T19:25:10.741+0000] {manager.py:878} INFO - 
================================================================================
DAG File Processing Stats

File Path                                    PID    Runtime      # DAGs    # Errors  Last Runtime    Last Run
-------------------------------------------  -----  ---------  --------  ----------  --------------  -------------------
/opt/airflow/dags/minio_to_snowflake_dag.py                           1           0  0.27s           2026-05-27T19:24:47
================================================================================
[2026-05-27T19:25:41.067+0000] {manager.py:878} INFO - 
================================================================================
DAG File Processing Stats

File Path                                    PID    Runtime      # DAGs    # Errors  Last Runtime    Last Run
-------------------------------------------  -----  ---------  --------  ----------  --------------  -------------------
/opt/airflow/dags/minio_to_snowflake_dag.py                           1           0  0.29s           2026-05-27T19:25:18
================================================================================
[2026-05-27T19:26:11.621+0000] {manager.py:878} INFO - 
================================================================================
DAG File Processing Stats

File Path                                    PID    Runtime      # DAGs    # Errors  Last Runtime    Last Run
-------------------------------------------  -----  ---------  --------  ----------  --------------  -------------------
/opt/airflow/dags/minio_to_snowflake_dag.py                           1           0  0.29s           2026-05-27T19:25:48
================================================================================
[2026-05-27T19:26:41.892+0000] {manager.py:878} INFO - 
================================================================================
DAG File Processing Stats

File Path                                    PID    Runtime      # DAGs    # Errors  Last Runtime    Last Run
-------------------------------------------  -----  ---------  --------  ----------  --------------  -------------------
/opt/airflow/dags/minio_to_snowflake_dag.py                           1           0  0.29s           2026-05-27T19:26:18
================================================================================
[2026-05-27T19:27:12.467+0000] {manager.py:878} INFO - 
================================================================================
DAG File Processing Stats

File Path                                    PID    Runtime      # DAGs    # Errors  Last Runtime    Last Run
-------------------------------------------  -----  ---------  --------  ----------  --------------  -------------------
/opt/airflow/dags/minio_to_snowflake_dag.py                           1           0  0.26s           2026-05-27T19:26:49
================================================================================
[2026-05-27T19:27:42.970+0000] {manager.py:878} INFO - 
================================================================================
DAG File Processing Stats

File Path                                    PID    Runtime      # DAGs    # Errors  Last Runtime    Last Run
-------------------------------------------  -----  ---------  --------  ----------  --------------  -------------------
/opt/airflow/dags/minio_to_snowflake_dag.py                           1           0  0.26s           2026-05-27T19:27:19
================================================================================
[2026-05-27T19:28:13.266+0000] {manager.py:878} INFO - 
================================================================================
DAG File Processing Stats

File Path                                    PID    Runtime      # DAGs    # Errors  Last Runtime    Last Run
-------------------------------------------  -----  ---------  --------  ----------  --------------  -------------------
/opt/airflow/dags/minio_to_snowflake_dag.py                           1           0  0.28s           2026-05-27T19:27:50
================================================================================
[2026-05-27T19:28:43.775+0000] {manager.py:878} INFO - 
================================================================================
DAG File Processing Stats

File Path                                    PID    Runtime      # DAGs    # Errors  Last Runtime    Last Run
-------------------------------------------  -----  ---------  --------  ----------  --------------  -------------------
/opt/airflow/dags/minio_to_snowflake_dag.py                           1           0  0.27s           2026-05-27T19:28:20
================================================================================
[2026-05-27T19:29:14.028+0000] {manager.py:878} INFO - 
================================================================================
DAG File Processing Stats

File Path                                    PID    Runtime      # DAGs    # Errors  Last Runtime    Last Run
-------------------------------------------  -----  ---------  --------  ----------  --------------  -------------------
/opt/airflow/dags/minio_to_snowflake_dag.py                           1           0  0.26s           2026-05-27T19:28:51
================================================================================
[2026-05-27T19:29:44.557+0000] {manager.py:878} INFO - 
================================================================================
DAG File Processing Stats

File Path                                    PID    Runtime      # DAGs    # Errors  Last Runtime    Last Run
-------------------------------------------  -----  ---------  --------  ----------  --------------  -------------------
/opt/airflow/dags/minio_to_snowflake_dag.py                           1           0  0.26s           2026-05-27T19:29:21
================================================================================
[2026-05-27T19:29:56.919+0000] {manager.py:737} INFO - Searching for files in /opt/airflow/dags
[2026-05-27T19:29:56.929+0000] {manager.py:740} INFO - There are 1 files in /opt/airflow/dags
[2026-05-27T19:30:15.134+0000] {manager.py:878} INFO - 
================================================================================
DAG File Processing Stats

File Path                                    PID    Runtime      # DAGs    # Errors  Last Runtime    Last Run
-------------------------------------------  -----  ---------  --------  ----------  --------------  -------------------
/opt/airflow/dags/minio_to_snowflake_dag.py                           1           0  0.27s           2026-05-27T19:29:51
================================================================================
[2026-05-27T19:30:45.428+0000] {manager.py:878} INFO - 
================================================================================
DAG File Processing Stats

File Path                                    PID    Runtime      # DAGs    # Errors  Last Runtime    Last Run
-------------------------------------------  -----  ---------  --------  ----------  --------------  -------------------
/opt/airflow/dags/minio_to_snowflake_dag.py                           1           0  0.30s           2026-05-27T19:30:22
================================================================================
[2026-05-27T19:31:15.948+0000] {manager.py:878} INFO - 
================================================================================
DAG File Processing Stats

File Path                                    PID    Runtime      # DAGs    # Errors  Last Runtime    Last Run
-------------------------------------------  -----  ---------  --------  ----------  --------------  -------------------
/opt/airflow/dags/minio_to_snowflake_dag.py                           1           0  0.25s           2026-05-27T19:30:53
================================================================================
[2026-05-27T19:31:46.436+0000] {manager.py:878} INFO - 
================================================================================
DAG File Processing Stats

File Path                                    PID    Runtime      # DAGs    # Errors  Last Runtime    Last Run
-------------------------------------------  -----  ---------  --------  ----------  --------------  -------------------
/opt/airflow/dags/minio_to_snowflake_dag.py                           1           0  0.30s           2026-05-27T19:31:23
================================================================================
[2026-05-27T19:32:16.642+0000] {manager.py:878} INFO - 
================================================================================
DAG File Processing Stats

File Path                                    PID    Runtime      # DAGs    # Errors  Last Runtime    Last Run
-------------------------------------------  -----  ---------  --------  ----------  --------------  -------------------
/opt/airflow/dags/minio_to_snowflake_dag.py                           1           0  0.29s           2026-05-27T19:31:53
================================================================================
[2026-05-27T19:32:47.187+0000] {manager.py:878} INFO - 
================================================================================
DAG File Processing Stats

File Path                                    PID    Runtime      # DAGs    # Errors  Last Runtime    Last Run
-------------------------------------------  -----  ---------  --------  ----------  --------------  -------------------
/opt/airflow/dags/minio_to_snowflake_dag.py                           1           0  0.30s           2026-05-27T19:32:24
================================================================================
[2026-05-27T19:33:17.679+0000] {manager.py:878} INFO - 
================================================================================
DAG File Processing Stats

File Path                                    PID    Runtime      # DAGs    # Errors  Last Runtime    Last Run
-------------------------------------------  -----  ---------  --------  ----------  --------------  -------------------
/opt/airflow/dags/minio_to_snowflake_dag.py                           1           0  0.26s           2026-05-27T19:32:54
================================================================================
[2026-05-27T19:33:48.151+0000] {manager.py:878} INFO - 
================================================================================
DAG File Processing Stats

File Path                                    PID    Runtime      # DAGs    # Errors  Last Runtime    Last Run
-------------------------------------------  -----  ---------  --------  ----------  --------------  -------------------
/opt/airflow/dags/minio_to_snowflake_dag.py                           1           0  0.30s           2026-05-27T19:33:25
================================================================================
[2026-05-27T19:34:18.591+0000] {manager.py:878} INFO - 
================================================================================
DAG File Processing Stats

File Path                                    PID    Runtime      # DAGs    # Errors  Last Runtime    Last Run
-------------------------------------------  -----  ---------  --------  ----------  --------------  -------------------
/opt/airflow/dags/minio_to_snowflake_dag.py                           1           0  0.25s           2026-05-27T19:33:55
================================================================================
[2026-05-27T19:34:49.078+0000] {manager.py:878} INFO - 
================================================================================
DAG File Processing Stats

File Path                                    PID    Runtime      # DAGs    # Errors  Last Runtime    Last Run
-------------------------------------------  -----  ---------  --------  ----------  --------------  -------------------
/opt/airflow/dags/minio_to_snowflake_dag.py                           1           0  0.27s           2026-05-27T19:34:26
================================================================================
[2026-05-27T19:34:57.368+0000] {manager.py:737} INFO - Searching for files in /opt/airflow/dags
[2026-05-27T19:34:57.375+0000] {manager.py:740} INFO - There are 1 files in /opt/airflow/dags
[2026-05-27T19:35:19.525+0000] {manager.py:878} INFO - 
================================================================================
DAG File Processing Stats

File Path                                    PID    Runtime      # DAGs    # Errors  Last Runtime    Last Run
-------------------------------------------  -----  ---------  --------  ----------  --------------  -------------------
/opt/airflow/dags/minio_to_snowflake_dag.py                           1           0  0.29s           2026-05-27T19:34:56
================================================================================
[2026-05-27T19:35:50.010+0000] {manager.py:878} INFO - 
================================================================================
DAG File Processing Stats

File Path                                    PID    Runtime      # DAGs    # Errors  Last Runtime    Last Run
-------------------------------------------  -----  ---------  --------  ----------  --------------  -------------------
/opt/airflow/dags/minio_to_snowflake_dag.py                           1           0  0.27s           2026-05-27T19:35:27
================================================================================
[2026-05-27T19:36:20.478+0000] {manager.py:878} INFO - 
================================================================================
DAG File Processing Stats

File Path                                    PID    Runtime      # DAGs    # Errors  Last Runtime    Last Run
-------------------------------------------  -----  ---------  --------  ----------  --------------  -------------------
/opt/airflow/dags/minio_to_snowflake_dag.py                           1           0  0.30s           2026-05-27T19:35:57
================================================================================
[2026-05-27T19:36:50.905+0000] {manager.py:878} INFO - 
================================================================================
DAG File Processing Stats

File Path                                    PID    Runtime      # DAGs    # Errors  Last Runtime    Last Run
-------------------------------------------  -----  ---------  --------  ----------  --------------  -------------------
/opt/airflow/dags/minio_to_snowflake_dag.py                           1           0  0.27s           2026-05-27T19:36:28
================================================================================
[2026-05-27T19:37:21.387+0000] {manager.py:878} INFO - 
================================================================================
DAG File Processing Stats

File Path                                    PID    Runtime      # DAGs    # Errors  Last Runtime    Last Run
-------------------------------------------  -----  ---------  --------  ----------  --------------  -------------------
/opt/airflow/dags/minio_to_snowflake_dag.py                           1           0  0.27s           2026-05-27T19:36:58
================================================================================
[2026-05-27T19:37:51.857+0000] {manager.py:878} INFO - 
================================================================================
DAG File Processing Stats

File Path                                    PID    Runtime      # DAGs    # Errors  Last Runtime    Last Run
-------------------------------------------  -----  ---------  --------  ----------  --------------  -------------------
/opt/airflow/dags/minio_to_snowflake_dag.py                           1           0  0.28s           2026-05-27T19:37:28
================================================================================
[2026-05-27T19:38:22.609+0000] {manager.py:878} INFO - 
================================================================================
DAG File Processing Stats

File Path                                    PID    Runtime      # DAGs    # Errors  Last Runtime    Last Run
-------------------------------------------  -----  ---------  --------  ----------  --------------  -------------------
/opt/airflow/dags/minio_to_snowflake_dag.py                           1           0  0.32s           2026-05-27T19:38:03
================================================================================
[2026-05-27T19:38:52.827+0000] {manager.py:878} INFO - 
================================================================================
DAG File Processing Stats

File Path                                    PID    Runtime      # DAGs    # Errors  Last Runtime    Last Run
-------------------------------------------  -----  ---------  --------  ----------  --------------  -------------------
/opt/airflow/dags/minio_to_snowflake_dag.py                           1           0  0.28s           2026-05-27T19:38:33
================================================================================
[2026-05-27T19:39:23.288+0000] {manager.py:878} INFO - 
================================================================================
DAG File Processing Stats

File Path                                    PID    Runtime      # DAGs    # Errors  Last Runtime    Last Run
-------------------------------------------  -----  ---------  --------  ----------  --------------  -------------------
/opt/airflow/dags/minio_to_snowflake_dag.py                           1           0  0.26s           2026-05-27T19:39:04
================================================================================
[2026-05-27T19:39:53.777+0000] {manager.py:878} INFO - 
================================================================================
DAG File Processing Stats

File Path                                    PID    Runtime      # DAGs    # Errors  Last Runtime    Last Run
-------------------------------------------  -----  ---------  --------  ----------  --------------  -------------------
/opt/airflow/dags/minio_to_snowflake_dag.py                           1           0  0.29s           2026-05-27T19:39:34
================================================================================
[2026-05-27T19:39:57.806+0000] {manager.py:737} INFO - Searching for files in /opt/airflow/dags
[2026-05-27T19:39:57.814+0000] {manager.py:740} INFO - There are 1 files in /opt/airflow/dags
[2026-05-27T19:40:24.332+0000] {manager.py:878} INFO - 
================================================================================
DAG File Processing Stats

File Path                                    PID    Runtime      # DAGs    # Errors  Last Runtime    Last Run
-------------------------------------------  -----  ---------  --------  ----------  --------------  -------------------
/opt/airflow/dags/minio_to_snowflake_dag.py                           1           0  0.26s           2026-05-27T19:40:05
================================================================================
[2026-05-27T19:40:55.038+0000] {manager.py:878} INFO - 
================================================================================
DAG File Processing Stats

File Path                                    PID    Runtime      # DAGs    # Errors  Last Runtime    Last Run
-------------------------------------------  -----  ---------  --------  ----------  --------------  -------------------
/opt/airflow/dags/minio_to_snowflake_dag.py                           1           0  0.30s           2026-05-27T19:40:39
================================================================================
[2026-05-27T19:41:25.232+0000] {manager.py:878} INFO - 
================================================================================
DAG File Processing Stats

File Path                                    PID    Runtime      # DAGs    # Errors  Last Runtime    Last Run
-------------------------------------------  -----  ---------  --------  ----------  --------------  -------------------
/opt/airflow/dags/minio_to_snowflake_dag.py                           1           0  0.30s           2026-05-27T19:41:10
================================================================================
[2026-05-27T19:41:55.791+0000] {manager.py:878} INFO - 
================================================================================
DAG File Processing Stats

File Path                                    PID    Runtime      # DAGs    # Errors  Last Runtime    Last Run
-------------------------------------------  -----  ---------  --------  ----------  --------------  -------------------
/opt/airflow/dags/minio_to_snowflake_dag.py                           1           0  0.26s           2026-05-27T19:41:40
================================================================================
[2026-05-27T19:42:26.226+0000] {manager.py:878} INFO - 
================================================================================
DAG File Processing Stats

File Path                                    PID    Runtime      # DAGs    # Errors  Last Runtime    Last Run
-------------------------------------------  -----  ---------  --------  ----------  --------------  -------------------
/opt/airflow/dags/minio_to_snowflake_dag.py                           1           0  0.29s           2026-05-27T19:42:11
================================================================================
[2026-05-27T19:42:56.709+0000] {manager.py:878} INFO - 
================================================================================
DAG File Processing Stats

File Path                                    PID    Runtime      # DAGs    # Errors  Last Runtime    Last Run
-------------------------------------------  -----  ---------  --------  ----------  --------------  -------------------
/opt/airflow/dags/minio_to_snowflake_dag.py                           1           0  0.26s           2026-05-27T19:42:41
================================================================================
[2026-05-27T19:43:27.154+0000] {manager.py:878} INFO - 
================================================================================
DAG File Processing Stats

File Path                                    PID    Runtime      # DAGs    # Errors  Last Runtime    Last Run
-------------------------------------------  -----  ---------  --------  ----------  --------------  -------------------
/opt/airflow/dags/minio_to_snowflake_dag.py                           1           0  0.29s           2026-05-27T19:43:12
================================================================================
[2026-05-27T19:43:57.598+0000] {manager.py:878} INFO - 
================================================================================
DAG File Processing Stats

File Path                                    PID    Runtime      # DAGs    # Errors  Last Runtime    Last Run
-------------------------------------------  -----  ---------  --------  ----------  --------------  -------------------
/opt/airflow/dags/minio_to_snowflake_dag.py                           1           0  0.28s           2026-05-27T19:43:42
================================================================================
[2026-05-27T19:44:28.076+0000] {manager.py:878} INFO - 
================================================================================
DAG File Processing Stats

File Path                                    PID    Runtime      # DAGs    # Errors  Last Runtime    Last Run
-------------------------------------------  -----  ---------  --------  ----------  --------------  -------------------
/opt/airflow/dags/minio_to_snowflake_dag.py                           1           0  0.30s           2026-05-27T19:44:13
================================================================================
[2026-05-27T19:44:57.847+0000] {manager.py:737} INFO - Searching for files in /opt/airflow/dags
[2026-05-27T19:44:57.855+0000] {manager.py:740} INFO - There are 1 files in /opt/airflow/dags
[2026-05-27T19:44:58.554+0000] {manager.py:878} INFO - 
================================================================================
DAG File Processing Stats

File Path                                    PID    Runtime      # DAGs    # Errors  Last Runtime    Last Run
-------------------------------------------  -----  ---------  --------  ----------  --------------  -------------------
/opt/airflow/dags/minio_to_snowflake_dag.py                           1           0  0.30s           2026-05-27T19:44:43
================================================================================
[2026-05-27T19:45:29.072+0000] {manager.py:878} INFO - 
================================================================================
DAG File Processing Stats

File Path                                    PID    Runtime      # DAGs    # Errors  Last Runtime    Last Run
-------------------------------------------  -----  ---------  --------  ----------  --------------  -------------------
/opt/airflow/dags/minio_to_snowflake_dag.py                           1           0  0.27s           2026-05-27T19:45:14
================================================================================
[2026-05-27T19:45:59.818+0000] {manager.py:878} INFO - 
================================================================================
DAG File Processing Stats

File Path                                    PID    Runtime      # DAGs    # Errors  Last Runtime    Last Run
-------------------------------------------  -----  ---------  --------  ----------  --------------  -------------------
/opt/airflow/dags/minio_to_snowflake_dag.py                           1           0  0.29s           2026-05-27T19:45:47
================================================================================
[2026-05-27T19:46:30.014+0000] {manager.py:878} INFO - 
================================================================================
DAG File Processing Stats

File Path                                    PID    Runtime      # DAGs    # Errors  Last Runtime    Last Run
-------------------------------------------  -----  ---------  --------  ----------  --------------  -------------------
/opt/airflow/dags/minio_to_snowflake_dag.py                           1           0  0.31s           2026-05-27T19:46:18
================================================================================
[2026-05-27T19:47:00.543+0000] {manager.py:878} INFO - 
================================================================================
DAG File Processing Stats

File Path                                    PID    Runtime      # DAGs    # Errors  Last Runtime    Last Run
-------------------------------------------  -----  ---------  --------  ----------  --------------  -------------------
/opt/airflow/dags/minio_to_snowflake_dag.py                           1           0  0.31s           2026-05-27T19:46:48
================================================================================
[2026-05-27T19:47:31.042+0000] {manager.py:878} INFO - 
================================================================================
DAG File Processing Stats

File Path                                    PID    Runtime      # DAGs    # Errors  Last Runtime    Last Run
-------------------------------------------  -----  ---------  --------  ----------  --------------  -------------------
/opt/airflow/dags/minio_to_snowflake_dag.py                           1           0  0.27s           2026-05-27T19:47:19
================================================================================
[2026-05-27T19:48:01.525+0000] {manager.py:878} INFO - 
================================================================================
DAG File Processing Stats

File Path                                    PID    Runtime      # DAGs    # Errors  Last Runtime    Last Run
-------------------------------------------  -----  ---------  --------  ----------  --------------  -------------------
/opt/airflow/dags/minio_to_snowflake_dag.py                           1           0  0.26s           2026-05-27T19:47:49
================================================================================
[2026-05-27T19:48:31.963+0000] {manager.py:878} INFO - 
================================================================================
DAG File Processing Stats

File Path                                    PID    Runtime      # DAGs    # Errors  Last Runtime    Last Run
-------------------------------------------  -----  ---------  --------  ----------  --------------  -------------------
/opt/airflow/dags/minio_to_snowflake_dag.py                           1           0  0.26s           2026-05-27T19:48:20
================================================================================
[2026-05-27T19:49:02.447+0000] {manager.py:878} INFO - 
================================================================================
DAG File Processing Stats

File Path                                    PID    Runtime      # DAGs    # Errors  Last Runtime    Last Run
-------------------------------------------  -----  ---------  --------  ----------  --------------  -------------------
/opt/airflow/dags/minio_to_snowflake_dag.py                           1           0  0.30s           2026-05-27T19:48:50
================================================================================
[2026-05-27T19:49:32.933+0000] {manager.py:878} INFO - 
================================================================================
DAG File Processing Stats

File Path                                    PID    Runtime      # DAGs    # Errors  Last Runtime    Last Run
-------------------------------------------  -----  ---------  --------  ----------  --------------  -------------------
/opt/airflow/dags/minio_to_snowflake_dag.py                           1           0  0.27s           2026-05-27T19:49:21
================================================================================
[2026-05-27T19:49:58.384+0000] {manager.py:737} INFO - Searching for files in /opt/airflow/dags
[2026-05-27T19:49:58.395+0000] {manager.py:740} INFO - There are 1 files in /opt/airflow/dags
[2026-05-27T19:50:03.435+0000] {manager.py:878} INFO - 
================================================================================
DAG File Processing Stats

File Path                                    PID    Runtime      # DAGs    # Errors  Last Runtime    Last Run
-------------------------------------------  -----  ---------  --------  ----------  --------------  -------------------
/opt/airflow/dags/minio_to_snowflake_dag.py                           1           0  0.27s           2026-05-27T19:49:51
================================================================================
[2026-05-27T19:50:33.901+0000] {manager.py:878} INFO - 
================================================================================
DAG File Processing Stats

File Path                                    PID    Runtime      # DAGs    # Errors  Last Runtime    Last Run
-------------------------------------------  -----  ---------  --------  ----------  --------------  -------------------
/opt/airflow/dags/minio_to_snowflake_dag.py                           1           0  0.26s           2026-05-27T19:50:22
================================================================================
[2026-05-27T19:51:04.360+0000] {manager.py:878} INFO - 
================================================================================
DAG File Processing Stats

File Path                                    PID    Runtime      # DAGs    # Errors  Last Runtime    Last Run
-------------------------------------------  -----  ---------  --------  ----------  --------------  -------------------
/opt/airflow/dags/minio_to_snowflake_dag.py                           1           0  0.26s           2026-05-27T19:50:52
================================================================================
[2026-05-27T19:51:34.827+0000] {manager.py:878} INFO - 
================================================================================
DAG File Processing Stats

File Path                                    PID    Runtime      # DAGs    # Errors  Last Runtime    Last Run
-------------------------------------------  -----  ---------  --------  ----------  --------------  -------------------
/opt/airflow/dags/minio_to_snowflake_dag.py                           1           0  0.29s           2026-05-27T19:51:23
================================================================================
[2026-05-27T19:52:05.316+0000] {manager.py:878} INFO - 
================================================================================
DAG File Processing Stats

File Path                                    PID    Runtime      # DAGs    # Errors  Last Runtime    Last Run
-------------------------------------------  -----  ---------  --------  ----------  --------------  -------------------
/opt/airflow/dags/minio_to_snowflake_dag.py                           1           0  0.27s           2026-05-27T19:51:53
================================================================================
[2026-05-27T19:52:35.387+0000] {manager.py:878} INFO - 
================================================================================
DAG File Processing Stats

File Path                                    PID    Runtime      # DAGs    # Errors  Last Runtime    Last Run
-------------------------------------------  -----  ---------  --------  ----------  --------------  -------------------
/opt/airflow/dags/minio_to_snowflake_dag.py                           1           0  0.30s           2026-05-27T19:52:29
================================================================================
[2026-05-27T19:53:05.576+0000] {manager.py:878} INFO - 
================================================================================
DAG File Processing Stats

File Path                                    PID    Runtime      # DAGs    # Errors  Last Runtime    Last Run
-------------------------------------------  -----  ---------  --------  ----------  --------------  -------------------
/opt/airflow/dags/minio_to_snowflake_dag.py                           1           0  0.26s           2026-05-27T19:52:59
================================================================================
[2026-05-27T19:53:36.038+0000] {manager.py:878} INFO - 
================================================================================
DAG File Processing Stats

File Path                                    PID    Runtime      # DAGs    # Errors  Last Runtime    Last Run
-------------------------------------------  -----  ---------  --------  ----------  --------------  -------------------
/opt/airflow/dags/minio_to_snowflake_dag.py                           1           0  0.30s           2026-05-27T19:53:30
================================================================================
[2026-05-27T19:54:06.538+0000] {manager.py:878} INFO - 
================================================================================
DAG File Processing Stats

File Path                                    PID    Runtime      # DAGs    # Errors  Last Runtime    Last Run
-------------------------------------------  -----  ---------  --------  ----------  --------------  -------------------
/opt/airflow/dags/minio_to_snowflake_dag.py                           1           0  0.26s           2026-05-27T19:54:00
================================================================================
[2026-05-27T19:54:37.007+0000] {manager.py:878} INFO - 
================================================================================
DAG File Processing Stats

File Path                                    PID    Runtime      # DAGs    # Errors  Last Runtime    Last Run
-------------------------------------------  -----  ---------  --------  ----------  --------------  -------------------
/opt/airflow/dags/minio_to_snowflake_dag.py                           1           0  0.27s           2026-05-27T19:54:31
================================================================================
[2026-05-27T19:54:58.445+0000] {manager.py:737} INFO - Searching for files in /opt/airflow/dags
[2026-05-27T19:54:58.454+0000] {manager.py:740} INFO - There are 1 files in /opt/airflow/dags
[2026-05-27T19:55:07.531+0000] {manager.py:878} INFO - 
================================================================================
DAG File Processing Stats

File Path                                    PID    Runtime      # DAGs    # Errors  Last Runtime    Last Run
-------------------------------------------  -----  ---------  --------  ----------  --------------  -------------------
/opt/airflow/dags/minio_to_snowflake_dag.py                           1           0  0.28s           2026-05-27T19:55:01
================================================================================
[2026-05-27T19:55:38.035+0000] {manager.py:878} INFO - 
================================================================================
DAG File Processing Stats

File Path                                    PID    Runtime      # DAGs    # Errors  Last Runtime    Last Run
-------------------------------------------  -----  ---------  --------  ----------  --------------  -------------------
/opt/airflow/dags/minio_to_snowflake_dag.py                           1           0  0.27s           2026-05-27T19:55:32
================================================================================
[2026-05-27T19:56:08.534+0000] {manager.py:878} INFO - 
================================================================================
DAG File Processing Stats

File Path                                    PID    Runtime      # DAGs    # Errors  Last Runtime    Last Run
-------------------------------------------  -----  ---------  --------  ----------  --------------  -------------------
/opt/airflow/dags/minio_to_snowflake_dag.py                           1           0  0.29s           2026-05-27T19:55:54
================================================================================
[2026-05-27T19:56:38.992+0000] {manager.py:878} INFO - 
================================================================================
DAG File Processing Stats

File Path                                    PID    Runtime      # DAGs    # Errors  Last Runtime    Last Run
-------------------------------------------  -----  ---------  --------  ----------  --------------  -------------------
/opt/airflow/dags/minio_to_snowflake_dag.py                           1           0  0.30s           2026-05-27T19:56:17
================================================================================
[2026-05-27T19:57:09.199+0000] {manager.py:878} INFO - 
================================================================================
DAG File Processing Stats

File Path                                    PID    Runtime      # DAGs    # Errors  Last Runtime    Last Run
-------------------------------------------  -----  ---------  --------  ----------  --------------  -------------------
/opt/airflow/dags/minio_to_snowflake_dag.py                           1           0  0.26s           2026-05-27T19:56:48
================================================================================
[2026-05-27T19:57:39.708+0000] {manager.py:878} INFO - 
================================================================================
DAG File Processing Stats

File Path                                    PID    Runtime      # DAGs    # Errors  Last Runtime    Last Run
-------------------------------------------  -----  ---------  --------  ----------  --------------  -------------------
/opt/airflow/dags/minio_to_snowflake_dag.py                           1           0  0.26s           2026-05-27T19:57:18
================================================================================
[2026-05-27T19:58:10.190+0000] {manager.py:878} INFO - 
================================================================================
DAG File Processing Stats

File Path                                    PID    Runtime      # DAGs    # Errors  Last Runtime    Last Run
-------------------------------------------  -----  ---------  --------  ----------  --------------  -------------------
/opt/airflow/dags/minio_to_snowflake_dag.py                           1           0  0.26s           2026-05-27T19:57:49
================================================================================
[2026-05-27T19:58:40.701+0000] {manager.py:878} INFO - 
================================================================================
DAG File Processing Stats

File Path                                    PID    Runtime      # DAGs    # Errors  Last Runtime    Last Run
-------------------------------------------  -----  ---------  --------  ----------  --------------  -------------------
/opt/airflow/dags/minio_to_snowflake_dag.py                           1           0  0.31s           2026-05-27T19:58:19
================================================================================
[2026-05-27T19:59:11.161+0000] {manager.py:878} INFO - 
================================================================================
DAG File Processing Stats

File Path                                    PID    Runtime      # DAGs    # Errors  Last Runtime    Last Run
-------------------------------------------  -----  ---------  --------  ----------  --------------  -------------------
/opt/airflow/dags/minio_to_snowflake_dag.py                           1           0  0.29s           2026-05-27T19:58:50
================================================================================
[2026-05-27T19:59:41.691+0000] {manager.py:878} INFO - 
================================================================================
DAG File Processing Stats

File Path                                    PID    Runtime      # DAGs    # Errors  Last Runtime    Last Run
-------------------------------------------  -----  ---------  --------  ----------  --------------  -------------------
/opt/airflow/dags/minio_to_snowflake_dag.py                           1           0  0.27s           2026-05-27T19:59:20
================================================================================
[2026-05-27T19:59:59.081+0000] {manager.py:737} INFO - Searching for files in /opt/airflow/dags
[2026-05-27T19:59:59.091+0000] {manager.py:740} INFO - There are 1 files in /opt/airflow/dags
[2026-05-27T20:00:12.202+0000] {manager.py:878} INFO - 
================================================================================
DAG File Processing Stats

File Path                                    PID    Runtime      # DAGs    # Errors  Last Runtime    Last Run
-------------------------------------------  -----  ---------  --------  ----------  --------------  -------------------
/opt/airflow/dags/minio_to_snowflake_dag.py                           1           0  0.28s           2026-05-27T19:59:51
================================================================================
[2026-05-27T20:00:42.654+0000] {manager.py:878} INFO - 
================================================================================
DAG File Processing Stats

File Path                                    PID    Runtime      # DAGs    # Errors  Last Runtime    Last Run
-------------------------------------------  -----  ---------  --------  ----------  --------------  -------------------
/opt/airflow/dags/minio_to_snowflake_dag.py                           1           0  0.27s           2026-05-27T20:00:21
================================================================================
[2026-05-27T20:01:13.130+0000] {manager.py:878} INFO - 
================================================================================
DAG File Processing Stats

File Path                                    PID    Runtime      # DAGs    # Errors  Last Runtime    Last Run
-------------------------------------------  -----  ---------  --------  ----------  --------------  -------------------
/opt/airflow/dags/minio_to_snowflake_dag.py                           1           0  0.28s           2026-05-27T20:00:52
================================================================================
[2026-05-27T20:01:43.625+0000] {manager.py:878} INFO - 
================================================================================
DAG File Processing Stats

File Path                                    PID    Runtime      # DAGs    # Errors  Last Runtime    Last Run
-------------------------------------------  -----  ---------  --------  ----------  --------------  -------------------
/opt/airflow/dags/minio_to_snowflake_dag.py                           1           0  0.29s           2026-05-27T20:01:22
================================================================================
[2026-05-27T20:02:14.181+0000] {manager.py:878} INFO - 
================================================================================
DAG File Processing Stats

File Path                                    PID    Runtime      # DAGs    # Errors  Last Runtime    Last Run
-------------------------------------------  -----  ---------  --------  ----------  --------------  -------------------
/opt/airflow/dags/minio_to_snowflake_dag.py                           1           0  0.27s           2026-05-27T20:01:53
================================================================================
[2026-05-27T20:02:44.587+0000] {manager.py:878} INFO - 
================================================================================
DAG File Processing Stats

File Path                                    PID    Runtime      # DAGs    # Errors  Last Runtime    Last Run
-------------------------------------------  -----  ---------  --------  ----------  --------------  -------------------
/opt/airflow/dags/minio_to_snowflake_dag.py                           1           0  0.31s           2026-05-27T20:02:23
================================================================================
[2026-05-27T20:03:15.163+0000] {manager.py:878} INFO - 
================================================================================
DAG File Processing Stats

File Path                                    PID    Runtime      # DAGs    # Errors  Last Runtime    Last Run
-------------------------------------------  -----  ---------  --------  ----------  --------------  -------------------
/opt/airflow/dags/minio_to_snowflake_dag.py                           1           0  0.26s           2026-05-27T20:02:54
================================================================================
[2026-05-27T20:03:45.612+0000] {manager.py:878} INFO - 
================================================================================
DAG File Processing Stats

File Path                                    PID    Runtime      # DAGs    # Errors  Last Runtime    Last Run
-------------------------------------------  -----  ---------  --------  ----------  --------------  -------------------
/opt/airflow/dags/minio_to_snowflake_dag.py                           1           0  0.30s           2026-05-27T20:03:24
================================================================================
[2026-05-27T20:04:16.154+0000] {manager.py:878} INFO - 
================================================================================
DAG File Processing Stats

File Path                                    PID    Runtime      # DAGs    # Errors  Last Runtime    Last Run
-------------------------------------------  -----  ---------  --------  ----------  --------------  -------------------
/opt/airflow/dags/minio_to_snowflake_dag.py                           1           0  0.27s           2026-05-27T20:03:55
================================================================================
[2026-05-27T20:04:46.556+0000] {manager.py:878} INFO - 
================================================================================
DAG File Processing Stats

File Path                                    PID    Runtime      # DAGs    # Errors  Last Runtime    Last Run
-------------------------------------------  -----  ---------  --------  ----------  --------------  -------------------
/opt/airflow/dags/minio_to_snowflake_dag.py                           1           0  0.30s           2026-05-27T20:04:25
================================================================================
[2026-05-27T20:04:59.239+0000] {manager.py:737} INFO - Searching for files in /opt/airflow/dags
[2026-05-27T20:04:59.250+0000] {manager.py:740} INFO - There are 1 files in /opt/airflow/dags
[2026-05-27T20:05:17.114+0000] {manager.py:878} INFO - 
================================================================================
DAG File Processing Stats

File Path                                    PID    Runtime      # DAGs    # Errors  Last Runtime    Last Run
-------------------------------------------  -----  ---------  --------  ----------  --------------  -------------------
/opt/airflow/dags/minio_to_snowflake_dag.py                           1           0  0.26s           2026-05-27T20:04:56
================================================================================
[2026-05-27T20:05:47.622+0000] {manager.py:878} INFO - 
================================================================================
DAG File Processing Stats

File Path                                    PID    Runtime      # DAGs    # Errors  Last Runtime    Last Run
-------------------------------------------  -----  ---------  --------  ----------  --------------  -------------------
/opt/airflow/dags/minio_to_snowflake_dag.py                           1           0  0.27s           2026-05-27T20:05:26
================================================================================
[2026-05-27T20:06:18.094+0000] {manager.py:878} INFO - 
================================================================================
DAG File Processing Stats

File Path                                    PID    Runtime      # DAGs    # Errors  Last Runtime    Last Run
-------------------------------------------  -----  ---------  --------  ----------  --------------  -------------------
/opt/airflow/dags/minio_to_snowflake_dag.py                           1           0  0.29s           2026-05-27T20:05:57
================================================================================
[2026-05-27T20:06:48.548+0000] {manager.py:878} INFO - 
================================================================================
DAG File Processing Stats

File Path                                    PID    Runtime      # DAGs    # Errors  Last Runtime    Last Run
-------------------------------------------  -----  ---------  --------  ----------  --------------  -------------------
/opt/airflow/dags/minio_to_snowflake_dag.py                           1           0  0.27s           2026-05-27T20:06:27
================================================================================
[2026-05-27T20:07:19.089+0000] {manager.py:878} INFO - 
================================================================================
DAG File Processing Stats

File Path                                    PID    Runtime      # DAGs    # Errors  Last Runtime    Last Run
-------------------------------------------  -----  ---------  --------  ----------  --------------  -------------------
/opt/airflow/dags/minio_to_snowflake_dag.py                           1           0  0.28s           2026-05-27T20:06:58
================================================================================
[2026-05-27T20:07:49.546+0000] {manager.py:878} INFO - 
================================================================================
DAG File Processing Stats

File Path                                    PID    Runtime      # DAGs    # Errors  Last Runtime    Last Run
-------------------------------------------  -----  ---------  --------  ----------  --------------  -------------------
/opt/airflow/dags/minio_to_snowflake_dag.py                           1           0  0.27s           2026-05-27T20:07:28
================================================================================
[2026-05-27T20:08:20.009+0000] {manager.py:878} INFO - 
================================================================================
DAG File Processing Stats

File Path                                    PID    Runtime      # DAGs    # Errors  Last Runtime    Last Run
-------------------------------------------  -----  ---------  --------  ----------  --------------  -------------------
/opt/airflow/dags/minio_to_snowflake_dag.py                           1           0  0.27s           2026-05-27T20:07:59
================================================================================
[2026-05-27T20:08:50.486+0000] {manager.py:878} INFO - 
================================================================================
DAG File Processing Stats

File Path                                    PID    Runtime      # DAGs    # Errors  Last Runtime    Last Run
-------------------------------------------  -----  ---------  --------  ----------  --------------  -------------------
/opt/airflow/dags/minio_to_snowflake_dag.py                           1           0  0.29s           2026-05-27T20:08:29
================================================================================
[2026-05-27T20:09:20.969+0000] {manager.py:878} INFO - 
================================================================================
DAG File Processing Stats

File Path                                    PID    Runtime      # DAGs    # Errors  Last Runtime    Last Run
-------------------------------------------  -----  ---------  --------  ----------  --------------  -------------------
/opt/airflow/dags/minio_to_snowflake_dag.py                           1           0  0.26s           2026-05-27T20:09:00
================================================================================
[2026-05-27T20:09:51.462+0000] {manager.py:878} INFO - 
================================================================================
DAG File Processing Stats

File Path                                    PID    Runtime      # DAGs    # Errors  Last Runtime    Last Run
-------------------------------------------  -----  ---------  --------  ----------  --------------  -------------------
/opt/airflow/dags/minio_to_snowflake_dag.py                           1           0  0.33s           2026-05-27T20:09:30
================================================================================
[2026-05-27T20:09:59.514+0000] {manager.py:737} INFO - Searching for files in /opt/airflow/dags
[2026-05-27T20:09:59.525+0000] {manager.py:740} INFO - There are 1 files in /opt/airflow/dags
[2026-05-27T20:10:22.050+0000] {manager.py:878} INFO - 
================================================================================
DAG File Processing Stats

File Path                                    PID    Runtime      # DAGs    # Errors  Last Runtime    Last Run
-------------------------------------------  -----  ---------  --------  ----------  --------------  -------------------
/opt/airflow/dags/minio_to_snowflake_dag.py                           1           0  0.28s           2026-05-27T20:10:01
================================================================================
[2026-05-27T20:10:52.490+0000] {manager.py:878} INFO - 
================================================================================
DAG File Processing Stats

File Path                                    PID    Runtime      # DAGs    # Errors  Last Runtime    Last Run
-------------------------------------------  -----  ---------  --------  ----------  --------------  -------------------
/opt/airflow/dags/minio_to_snowflake_dag.py                           1           0  0.27s           2026-05-27T20:10:31
================================================================================
[2026-05-27T20:11:23.015+0000] {manager.py:878} INFO - 
================================================================================
DAG File Processing Stats

File Path                                    PID    Runtime      # DAGs    # Errors  Last Runtime    Last Run
-------------------------------------------  -----  ---------  --------  ----------  --------------  -------------------
/opt/airflow/dags/minio_to_snowflake_dag.py                           1           0  0.32s           2026-05-27T20:11:02
================================================================================
[2026-05-27T20:11:53.452+0000] {manager.py:878} INFO - 
================================================================================
DAG File Processing Stats

File Path                                    PID    Runtime      # DAGs    # Errors  Last Runtime    Last Run
-------------------------------------------  -----  ---------  --------  ----------  --------------  -------------------
/opt/airflow/dags/minio_to_snowflake_dag.py                           1           0  0.26s           2026-05-27T20:11:32
================================================================================
[2026-05-27T20:12:23.953+0000] {manager.py:878} INFO - 
================================================================================
DAG File Processing Stats

File Path                                    PID    Runtime      # DAGs    # Errors  Last Runtime    Last Run
-------------------------------------------  -----  ---------  --------  ----------  --------------  -------------------
/opt/airflow/dags/minio_to_snowflake_dag.py                           1           0  0.27s           2026-05-27T20:12:03
================================================================================
[2026-05-27T20:12:54.442+0000] {manager.py:878} INFO - 
================================================================================
DAG File Processing Stats

File Path                                    PID    Runtime      # DAGs    # Errors  Last Runtime    Last Run
-------------------------------------------  -----  ---------  --------  ----------  --------------  -------------------
/opt/airflow/dags/minio_to_snowflake_dag.py                           1           0  0.27s           2026-05-27T20:12:33
================================================================================
[2026-05-27T20:13:24.956+0000] {manager.py:878} INFO - 
================================================================================
DAG File Processing Stats

File Path                                    PID    Runtime      # DAGs    # Errors  Last Runtime    Last Run
-------------------------------------------  -----  ---------  --------  ----------  --------------  -------------------
/opt/airflow/dags/minio_to_snowflake_dag.py                           1           0  0.27s           2026-05-27T20:13:04
================================================================================
[2026-05-27T20:13:55.396+0000] {manager.py:878} INFO - 
================================================================================
DAG File Processing Stats

File Path                                    PID    Runtime      # DAGs    # Errors  Last Runtime    Last Run
-------------------------------------------  -----  ---------  --------  ----------  --------------  -------------------
/opt/airflow/dags/minio_to_snowflake_dag.py                           1           0  0.28s           2026-05-27T20:13:34
================================================================================
[2026-05-27T20:14:25.909+0000] {manager.py:878} INFO - 
================================================================================
DAG File Processing Stats

File Path                                    PID    Runtime      # DAGs    # Errors  Last Runtime    Last Run
-------------------------------------------  -----  ---------  --------  ----------  --------------  -------------------
/opt/airflow/dags/minio_to_snowflake_dag.py                           1           0  0.27s           2026-05-27T20:14:04
================================================================================
[2026-05-27T20:14:56.346+0000] {manager.py:878} INFO - 
================================================================================
DAG File Processing Stats

File Path                                    PID    Runtime      # DAGs    # Errors  Last Runtime    Last Run
-------------------------------------------  -----  ---------  --------  ----------  --------------  -------------------
/opt/airflow/dags/minio_to_snowflake_dag.py                           1           0  0.28s           2026-05-27T20:14:35
================================================================================
[2026-05-27T20:14:59.594+0000] {manager.py:737} INFO - Searching for files in /opt/airflow/dags
[2026-05-27T20:14:59.598+0000] {manager.py:740} INFO - There are 1 files in /opt/airflow/dags
[2026-05-27T20:15:26.767+0000] {manager.py:878} INFO - 
================================================================================
DAG File Processing Stats

File Path                                    PID    Runtime      # DAGs    # Errors  Last Runtime    Last Run
-------------------------------------------  -----  ---------  --------  ----------  --------------  -------------------
/opt/airflow/dags/minio_to_snowflake_dag.py                           1           0  0.27s           2026-05-27T20:15:05
================================================================================
[2026-05-27T20:15:57.243+0000] {manager.py:878} INFO - 
================================================================================
DAG File Processing Stats

File Path                                    PID    Runtime      # DAGs    # Errors  Last Runtime    Last Run
-------------------------------------------  -----  ---------  --------  ----------  --------------  -------------------
/opt/airflow/dags/minio_to_snowflake_dag.py                           1           0  0.27s           2026-05-27T20:15:36
================================================================================
[2026-05-27T20:16:27.695+0000] {manager.py:878} INFO - 
================================================================================
DAG File Processing Stats

File Path                                    PID    Runtime      # DAGs    # Errors  Last Runtime    Last Run
-------------------------------------------  -----  ---------  --------  ----------  --------------  -------------------
/opt/airflow/dags/minio_to_snowflake_dag.py                           1           0  0.27s           2026-05-27T20:16:06
================================================================================
[2026-05-27T20:16:58.203+0000] {manager.py:878} INFO - 
================================================================================
DAG File Processing Stats

File Path                                    PID    Runtime      # DAGs    # Errors  Last Runtime    Last Run
-------------------------------------------  -----  ---------  --------  ----------  --------------  -------------------
/opt/airflow/dags/minio_to_snowflake_dag.py                           1           0  0.27s           2026-05-27T20:16:37
================================================================================
[2026-05-27T20:17:28.647+0000] {manager.py:878} INFO - 
================================================================================
DAG File Processing Stats

File Path                                    PID    Runtime      # DAGs    # Errors  Last Runtime    Last Run
-------------------------------------------  -----  ---------  --------  ----------  --------------  -------------------
/opt/airflow/dags/minio_to_snowflake_dag.py                           1           0  0.30s           2026-05-27T20:17:07
================================================================================
[2026-05-27T20:17:59.131+0000] {manager.py:878} INFO - 
================================================================================
DAG File Processing Stats

File Path                                    PID    Runtime      # DAGs    # Errors  Last Runtime    Last Run
-------------------------------------------  -----  ---------  --------  ----------  --------------  -------------------
/opt/airflow/dags/minio_to_snowflake_dag.py                           1           0  0.27s           2026-05-27T20:17:38
================================================================================
[2026-05-27T20:18:29.638+0000] {manager.py:878} INFO - 
================================================================================
DAG File Processing Stats

File Path                                    PID    Runtime      # DAGs    # Errors  Last Runtime    Last Run
-------------------------------------------  -----  ---------  --------  ----------  --------------  -------------------
/opt/airflow/dags/minio_to_snowflake_dag.py                           1           0  0.28s           2026-05-27T20:18:08
================================================================================
[2026-05-27T20:19:00.153+0000] {manager.py:878} INFO - 
================================================================================
DAG File Processing Stats

File Path                                    PID    Runtime      # DAGs    # Errors  Last Runtime    Last Run
-------------------------------------------  -----  ---------  --------  ----------  --------------  -------------------
/opt/airflow/dags/minio_to_snowflake_dag.py                           1           0  0.27s           2026-05-27T20:18:39
================================================================================
[2026-05-27T20:19:30.593+0000] {manager.py:878} INFO - 
================================================================================
DAG File Processing Stats

File Path                                    PID    Runtime      # DAGs    # Errors  Last Runtime    Last Run
-------------------------------------------  -----  ---------  --------  ----------  --------------  -------------------
/opt/airflow/dags/minio_to_snowflake_dag.py                           1           0  0.28s           2026-05-27T20:19:09
================================================================================
[2026-05-27T20:20:00.024+0000] {manager.py:737} INFO - Searching for files in /opt/airflow/dags
[2026-05-27T20:20:00.036+0000] {manager.py:740} INFO - There are 1 files in /opt/airflow/dags
[2026-05-27T20:20:01.053+0000] {manager.py:878} INFO - 
================================================================================
DAG File Processing Stats

File Path                                    PID    Runtime      # DAGs    # Errors  Last Runtime    Last Run
-------------------------------------------  -----  ---------  --------  ----------  --------------  -------------------
/opt/airflow/dags/minio_to_snowflake_dag.py                           1           0  0.27s           2026-05-27T20:19:40
================================================================================
[2026-05-27T20:20:31.556+0000] {manager.py:878} INFO - 
================================================================================
DAG File Processing Stats

File Path                                    PID    Runtime      # DAGs    # Errors  Last Runtime    Last Run
-------------------------------------------  -----  ---------  --------  ----------  --------------  -------------------
/opt/airflow/dags/minio_to_snowflake_dag.py                           1           0  0.29s           2026-05-27T20:20:10
================================================================================
[2026-05-27T20:21:02.053+0000] {manager.py:878} INFO - 
================================================================================
DAG File Processing Stats

File Path                                    PID    Runtime      # DAGs    # Errors  Last Runtime    Last Run
-------------------------------------------  -----  ---------  --------  ----------  --------------  -------------------
/opt/airflow/dags/minio_to_snowflake_dag.py                           1           0  0.29s           2026-05-27T20:20:41
================================================================================
[2026-05-27T20:21:32.592+0000] {manager.py:878} INFO - 
================================================================================
DAG File Processing Stats

File Path                                    PID    Runtime      # DAGs    # Errors  Last Runtime    Last Run
-------------------------------------------  -----  ---------  --------  ----------  --------------  -------------------
/opt/airflow/dags/minio_to_snowflake_dag.py                           1           0  0.27s           2026-05-27T20:21:11
================================================================================
[2026-05-27T20:22:03.041+0000] {manager.py:878} INFO - 
================================================================================
DAG File Processing Stats

File Path                                    PID    Runtime      # DAGs    # Errors  Last Runtime    Last Run
-------------------------------------------  -----  ---------  --------  ----------  --------------  -------------------
/opt/airflow/dags/minio_to_snowflake_dag.py                           1           0  0.27s           2026-05-27T20:21:42
================================================================================
[2026-05-27T20:22:33.535+0000] {manager.py:878} INFO - 
================================================================================
DAG File Processing Stats

File Path                                    PID    Runtime      # DAGs    # Errors  Last Runtime    Last Run
-------------------------------------------  -----  ---------  --------  ----------  --------------  -------------------
/opt/airflow/dags/minio_to_snowflake_dag.py                           1           0  0.28s           2026-05-27T20:22:12
================================================================================
[2026-05-27T20:23:03.983+0000] {manager.py:878} INFO - 
================================================================================
DAG File Processing Stats

File Path                                    PID    Runtime      # DAGs    # Errors  Last Runtime    Last Run
-------------------------------------------  -----  ---------  --------  ----------  --------------  -------------------
/opt/airflow/dags/minio_to_snowflake_dag.py                           1           0  0.28s           2026-05-27T20:22:43
================================================================================
[2026-05-27T20:23:34.502+0000] {manager.py:878} INFO - 
================================================================================
DAG File Processing Stats

File Path                                    PID    Runtime      # DAGs    # Errors  Last Runtime    Last Run
-------------------------------------------  -----  ---------  --------  ----------  --------------  -------------------
/opt/airflow/dags/minio_to_snowflake_dag.py                           1           0  0.27s           2026-05-27T20:23:13
================================================================================
[2026-05-27T20:24:04.978+0000] {manager.py:878} INFO - 
================================================================================
DAG File Processing Stats

File Path                                    PID    Runtime      # DAGs    # Errors  Last Runtime    Last Run
-------------------------------------------  -----  ---------  --------  ----------  --------------  -------------------
/opt/airflow/dags/minio_to_snowflake_dag.py                           1           0  0.26s           2026-05-27T20:23:44
================================================================================
[2026-05-27T20:24:35.432+0000] {manager.py:878} INFO - 
================================================================================
DAG File Processing Stats

File Path                                    PID    Runtime      # DAGs    # Errors  Last Runtime    Last Run
-------------------------------------------  -----  ---------  --------  ----------  --------------  -------------------
/opt/airflow/dags/minio_to_snowflake_dag.py                           1           0  0.27s           2026-05-27T20:24:14
================================================================================
[2026-05-27T20:25:00.101+0000] {manager.py:737} INFO - Searching for files in /opt/airflow/dags
[2026-05-27T20:25:00.113+0000] {manager.py:740} INFO - There are 1 files in /opt/airflow/dags
[2026-05-27T20:25:05.903+0000] {manager.py:878} INFO - 
================================================================================
DAG File Processing Stats

File Path                                    PID    Runtime      # DAGs    # Errors  Last Runtime    Last Run
-------------------------------------------  -----  ---------  --------  ----------  --------------  -------------------
/opt/airflow/dags/minio_to_snowflake_dag.py                           1           0  0.27s           2026-05-27T20:24:45
================================================================================
[2026-05-27T20:25:36.361+0000] {manager.py:878} INFO - 
================================================================================
DAG File Processing Stats

File Path                                    PID    Runtime      # DAGs    # Errors  Last Runtime    Last Run
-------------------------------------------  -----  ---------  --------  ----------  --------------  -------------------
/opt/airflow/dags/minio_to_snowflake_dag.py                           1           0  0.28s           2026-05-27T20:25:15
================================================================================
[2026-05-27T20:26:06.830+0000] {manager.py:878} INFO - 
================================================================================
DAG File Processing Stats

File Path                                    PID    Runtime      # DAGs    # Errors  Last Runtime    Last Run
-------------------------------------------  -----  ---------  --------  ----------  --------------  -------------------
/opt/airflow/dags/minio_to_snowflake_dag.py                           1           0  0.30s           2026-05-27T20:25:45
================================================================================
[2026-05-27T20:26:37.351+0000] {manager.py:878} INFO - 
================================================================================
DAG File Processing Stats

File Path                                    PID    Runtime      # DAGs    # Errors  Last Runtime    Last Run
-------------------------------------------  -----  ---------  --------  ----------  --------------  -------------------
/opt/airflow/dags/minio_to_snowflake_dag.py                           1           0  0.27s           2026-05-27T20:26:16
================================================================================
[2026-05-27T20:27:07.841+0000] {manager.py:878} INFO - 
================================================================================
DAG File Processing Stats

File Path                                    PID    Runtime      # DAGs    # Errors  Last Runtime    Last Run
-------------------------------------------  -----  ---------  --------  ----------  --------------  -------------------
/opt/airflow/dags/minio_to_snowflake_dag.py                           1           0  0.27s           2026-05-27T20:26:46
================================================================================
[2026-05-27T20:27:38.239+0000] {manager.py:878} INFO - 
================================================================================
DAG File Processing Stats

File Path                                    PID    Runtime      # DAGs    # Errors  Last Runtime    Last Run
-------------------------------------------  -----  ---------  --------  ----------  --------------  -------------------
/opt/airflow/dags/minio_to_snowflake_dag.py                           1           0  0.27s           2026-05-27T20:27:17
================================================================================
[2026-05-27T20:28:08.712+0000] {manager.py:878} INFO - 
================================================================================
DAG File Processing Stats

File Path                                    PID    Runtime      # DAGs    # Errors  Last Runtime    Last Run
-------------------------------------------  -----  ---------  --------  ----------  --------------  -------------------
/opt/airflow/dags/minio_to_snowflake_dag.py                           1           0  0.27s           2026-05-27T20:27:47
================================================================================
[2026-05-27T20:28:39.173+0000] {manager.py:878} INFO - 
================================================================================
DAG File Processing Stats

File Path                                    PID    Runtime      # DAGs    # Errors  Last Runtime    Last Run
-------------------------------------------  -----  ---------  --------  ----------  --------------  -------------------
/opt/airflow/dags/minio_to_snowflake_dag.py                           1           0  0.27s           2026-05-27T20:28:18
================================================================================
[2026-05-27T20:29:09.675+0000] {manager.py:878} INFO - 
================================================================================
DAG File Processing Stats

File Path                                    PID    Runtime      # DAGs    # Errors  Last Runtime    Last Run
-------------------------------------------  -----  ---------  --------  ----------  --------------  -------------------
/opt/airflow/dags/minio_to_snowflake_dag.py                           1           0  0.26s           2026-05-27T20:28:48
================================================================================
[2026-05-27T20:29:40.087+0000] {manager.py:878} INFO - 
================================================================================
DAG File Processing Stats

File Path                                    PID    Runtime      # DAGs    # Errors  Last Runtime    Last Run
-------------------------------------------  -----  ---------  --------  ----------  --------------  -------------------
/opt/airflow/dags/minio_to_snowflake_dag.py                           1           0  0.27s           2026-05-27T20:29:19
================================================================================
[2026-05-27T20:30:00.529+0000] {manager.py:737} INFO - Searching for files in /opt/airflow/dags
[2026-05-27T20:30:00.537+0000] {manager.py:740} INFO - There are 1 files in /opt/airflow/dags
[2026-05-27T20:30:10.611+0000] {manager.py:878} INFO - 
================================================================================
DAG File Processing Stats

File Path                                    PID    Runtime      # DAGs    # Errors  Last Runtime    Last Run
-------------------------------------------  -----  ---------  --------  ----------  --------------  -------------------
/opt/airflow/dags/minio_to_snowflake_dag.py                           1           0  0.27s           2026-05-27T20:29:49
================================================================================
[2026-05-27T20:30:41.060+0000] {manager.py:878} INFO - 
================================================================================
DAG File Processing Stats

File Path                                    PID    Runtime      # DAGs    # Errors  Last Runtime    Last Run
-------------------------------------------  -----  ---------  --------  ----------  --------------  -------------------
/opt/airflow/dags/minio_to_snowflake_dag.py                           1           0  0.27s           2026-05-27T20:30:20
================================================================================
[2026-05-27T20:31:11.587+0000] {manager.py:878} INFO - 
================================================================================
DAG File Processing Stats

File Path                                    PID    Runtime      # DAGs    # Errors  Last Runtime    Last Run
-------------------------------------------  -----  ---------  --------  ----------  --------------  -------------------
/opt/airflow/dags/minio_to_snowflake_dag.py                           1           0  0.27s           2026-05-27T20:30:50
================================================================================
[2026-05-27T20:31:41.972+0000] {manager.py:878} INFO - 
================================================================================
DAG File Processing Stats

File Path                                    PID    Runtime      # DAGs    # Errors  Last Runtime    Last Run
-------------------------------------------  -----  ---------  --------  ----------  --------------  -------------------
/opt/airflow/dags/minio_to_snowflake_dag.py                           1           0  0.26s           2026-05-27T20:31:21
================================================================================
[2026-05-27T20:32:12.476+0000] {manager.py:878} INFO - 
================================================================================
DAG File Processing Stats

File Path                                    PID    Runtime      # DAGs    # Errors  Last Runtime    Last Run
-------------------------------------------  -----  ---------  --------  ----------  --------------  -------------------
/opt/airflow/dags/minio_to_snowflake_dag.py                           1           0  0.27s           2026-05-27T20:31:51
================================================================================
[2026-05-27T20:32:42.951+0000] {manager.py:878} INFO - 
================================================================================
DAG File Processing Stats

File Path                                    PID    Runtime      # DAGs    # Errors  Last Runtime    Last Run
-------------------------------------------  -----  ---------  --------  ----------  --------------  -------------------
/opt/airflow/dags/minio_to_snowflake_dag.py                           1           0  0.27s           2026-05-27T20:32:22
================================================================================
[2026-05-27T20:33:13.425+0000] {manager.py:878} INFO - 
================================================================================
DAG File Processing Stats

File Path                                    PID    Runtime      # DAGs    # Errors  Last Runtime    Last Run
-------------------------------------------  -----  ---------  --------  ----------  --------------  -------------------
/opt/airflow/dags/minio_to_snowflake_dag.py                           1           0  0.26s           2026-05-27T20:32:52
================================================================================
[2026-05-27T20:33:43.852+0000] {manager.py:878} INFO - 
================================================================================
DAG File Processing Stats

File Path                                    PID    Runtime      # DAGs    # Errors  Last Runtime    Last Run
-------------------------------------------  -----  ---------  --------  ----------  --------------  -------------------
/opt/airflow/dags/minio_to_snowflake_dag.py                           1           0  0.27s           2026-05-27T20:33:22
================================================================================
[2026-05-27T20:34:14.340+0000] {manager.py:878} INFO - 
================================================================================
DAG File Processing Stats

File Path                                    PID    Runtime      # DAGs    # Errors  Last Runtime    Last Run
-------------------------------------------  -----  ---------  --------  ----------  --------------  -------------------
/opt/airflow/dags/minio_to_snowflake_dag.py                           1           0  0.27s           2026-05-27T20:33:53
================================================================================
[2026-05-27T20:34:44.763+0000] {manager.py:878} INFO - 
================================================================================
DAG File Processing Stats

File Path                                    PID    Runtime      # DAGs    # Errors  Last Runtime    Last Run
-------------------------------------------  -----  ---------  --------  ----------  --------------  -------------------
/opt/airflow/dags/minio_to_snowflake_dag.py                           1           0  0.28s           2026-05-27T20:34:23
================================================================================
[2026-05-27T20:35:01.145+0000] {manager.py:737} INFO - Searching for files in /opt/airflow/dags
[2026-05-27T20:35:01.155+0000] {manager.py:740} INFO - There are 1 files in /opt/airflow/dags
[2026-05-27T20:35:15.260+0000] {manager.py:878} INFO - 
================================================================================
DAG File Processing Stats

File Path                                    PID    Runtime      # DAGs    # Errors  Last Runtime    Last Run
-------------------------------------------  -----  ---------  --------  ----------  --------------  -------------------
/opt/airflow/dags/minio_to_snowflake_dag.py                           1           0  0.31s           2026-05-27T20:34:54
================================================================================
[2026-05-27T20:35:45.745+0000] {manager.py:878} INFO - 
================================================================================
DAG File Processing Stats

File Path                                    PID    Runtime      # DAGs    # Errors  Last Runtime    Last Run
-------------------------------------------  -----  ---------  --------  ----------  --------------  -------------------
/opt/airflow/dags/minio_to_snowflake_dag.py                           1           0  0.29s           2026-05-27T20:35:24
================================================================================
[2026-05-27T20:36:16.214+0000] {manager.py:878} INFO - 
================================================================================
DAG File Processing Stats

File Path                                    PID    Runtime      # DAGs    # Errors  Last Runtime    Last Run
-------------------------------------------  -----  ---------  --------  ----------  --------------  -------------------
/opt/airflow/dags/minio_to_snowflake_dag.py                           1           0  0.28s           2026-05-27T20:35:55
================================================================================
[2026-05-27T20:36:46.692+0000] {manager.py:878} INFO - 
================================================================================
DAG File Processing Stats

File Path                                    PID    Runtime      # DAGs    # Errors  Last Runtime    Last Run
-------------------------------------------  -----  ---------  --------  ----------  --------------  -------------------
/opt/airflow/dags/minio_to_snowflake_dag.py                           1           0  0.27s           2026-05-27T20:36:25
================================================================================
[2026-05-27T20:37:17.160+0000] {manager.py:878} INFO - 
================================================================================
DAG File Processing Stats

File Path                                    PID    Runtime      # DAGs    # Errors  Last Runtime    Last Run
-------------------------------------------  -----  ---------  --------  ----------  --------------  -------------------
/opt/airflow/dags/minio_to_snowflake_dag.py                           1           0  0.27s           2026-05-27T20:36:56
================================================================================
[2026-05-27T20:37:47.617+0000] {manager.py:878} INFO - 
================================================================================
DAG File Processing Stats

File Path                                    PID    Runtime      # DAGs    # Errors  Last Runtime    Last Run
-------------------------------------------  -----  ---------  --------  ----------  --------------  -------------------
/opt/airflow/dags/minio_to_snowflake_dag.py                           1           0  0.28s           2026-05-27T20:37:26
================================================================================
[2026-05-27T20:38:18.111+0000] {manager.py:878} INFO - 
================================================================================
DAG File Processing Stats

File Path                                    PID    Runtime      # DAGs    # Errors  Last Runtime    Last Run
-------------------------------------------  -----  ---------  --------  ----------  --------------  -------------------
/opt/airflow/dags/minio_to_snowflake_dag.py                           1           0  0.30s           2026-05-27T20:37:57
================================================================================
[2026-05-27T20:38:48.669+0000] {manager.py:878} INFO - 
================================================================================
DAG File Processing Stats

File Path                                    PID    Runtime      # DAGs    # Errors  Last Runtime    Last Run
-------------------------------------------  -----  ---------  --------  ----------  --------------  -------------------
/opt/airflow/dags/minio_to_snowflake_dag.py                           1           0  0.28s           2026-05-27T20:38:27
================================================================================
[2026-05-27T20:39:19.108+0000] {manager.py:878} INFO - 
================================================================================
DAG File Processing Stats

File Path                                    PID    Runtime      # DAGs    # Errors  Last Runtime    Last Run
-------------------------------------------  -----  ---------  --------  ----------  --------------  -------------------
/opt/airflow/dags/minio_to_snowflake_dag.py                           1           0  0.27s           2026-05-27T20:38:58
================================================================================
[2026-05-27T20:39:49.561+0000] {manager.py:878} INFO - 
================================================================================
DAG File Processing Stats

File Path                                    PID    Runtime      # DAGs    # Errors  Last Runtime    Last Run
-------------------------------------------  -----  ---------  --------  ----------  --------------  -------------------
/opt/airflow/dags/minio_to_snowflake_dag.py                           1           0  0.28s           2026-05-27T20:39:28
================================================================================
[2026-05-27T20:40:01.224+0000] {manager.py:737} INFO - Searching for files in /opt/airflow/dags
[2026-05-27T20:40:01.233+0000] {manager.py:740} INFO - There are 1 files in /opt/airflow/dags
[2026-05-27T20:40:08.270+0000] {manager.py:452} INFO - Exiting gracefully upon receiving signal 15
[2026-05-28T13:31:02.329+0000] {manager.py:470} INFO - Processing files using up to 2 processes at a time 
[2026-05-28T13:31:02.330+0000] {manager.py:471} INFO - Process each file at most once every 30 seconds
[2026-05-28T13:31:02.330+0000] {manager.py:472} INFO - Checking for new files in /opt/airflow/dags every 300 seconds
[2026-05-28T13:31:02.331+0000] {manager.py:737} INFO - Searching for files in /opt/airflow/dags
[2026-05-28T13:31:02.339+0000] {manager.py:740} INFO - There are 1 files in /opt/airflow/dags
[2026-05-28T13:31:26.474+0000] {manager.py:878} INFO - 
================================================================================
DAG File Processing Stats

File Path                                    PID    Runtime      # DAGs    # Errors  Last Runtime    Last Run
-------------------------------------------  -----  ---------  --------  ----------  --------------  -------------------
/opt/airflow/dags/minio_to_snowflake_dag.py                           1           0  0.59s           2026-05-28T13:31:02
================================================================================
[2026-05-28T13:31:56.496+0000] {manager.py:878} INFO - 
================================================================================
DAG File Processing Stats

File Path                                    PID    Runtime      # DAGs    # Errors  Last Runtime    Last Run
-------------------------------------------  -----  ---------  --------  ----------  --------------  -------------------
/opt/airflow/dags/minio_to_snowflake_dag.py                           1           0  0.33s           2026-05-28T13:31:33
================================================================================
[2026-05-28T13:32:26.686+0000] {manager.py:878} INFO - 
================================================================================
DAG File Processing Stats

File Path                                    PID    Runtime      # DAGs    # Errors  Last Runtime    Last Run
-------------------------------------------  -----  ---------  --------  ----------  --------------  -------------------
/opt/airflow/dags/minio_to_snowflake_dag.py                           1           0  0.28s           2026-05-28T13:32:03
================================================================================
[2026-05-28T13:32:57.195+0000] {manager.py:878} INFO - 
================================================================================
DAG File Processing Stats

File Path                                    PID    Runtime      # DAGs    # Errors  Last Runtime    Last Run
-------------------------------------------  -----  ---------  --------  ----------  --------------  -------------------
/opt/airflow/dags/minio_to_snowflake_dag.py                           1           0  0.30s           2026-05-28T13:32:34
================================================================================
[2026-05-28T13:33:27.706+0000] {manager.py:878} INFO - 
================================================================================
DAG File Processing Stats

File Path                                    PID    Runtime      # DAGs    # Errors  Last Runtime    Last Run
-------------------------------------------  -----  ---------  --------  ----------  --------------  -------------------
/opt/airflow/dags/minio_to_snowflake_dag.py                           1           0  0.28s           2026-05-28T13:33:04
================================================================================
[2026-05-28T13:33:58.169+0000] {manager.py:878} INFO - 
================================================================================
DAG File Processing Stats

File Path                                    PID    Runtime      # DAGs    # Errors  Last Runtime    Last Run
-------------------------------------------  -----  ---------  --------  ----------  --------------  -------------------
/opt/airflow/dags/minio_to_snowflake_dag.py                           1           0  0.27s           2026-05-28T13:33:35
================================================================================
[2026-05-28T13:34:28.608+0000] {manager.py:878} INFO - 
================================================================================
DAG File Processing Stats

File Path                                    PID    Runtime      # DAGs    # Errors  Last Runtime    Last Run
-------------------------------------------  -----  ---------  --------  ----------  --------------  -------------------
/opt/airflow/dags/minio_to_snowflake_dag.py                           1           0  0.26s           2026-05-28T13:34:05
================================================================================
[2026-05-28T13:34:59.115+0000] {manager.py:878} INFO - 
================================================================================
DAG File Processing Stats

File Path                                    PID    Runtime      # DAGs    # Errors  Last Runtime    Last Run
-------------------------------------------  -----  ---------  --------  ----------  --------------  -------------------
/opt/airflow/dags/minio_to_snowflake_dag.py                           1           0  0.26s           2026-05-28T13:34:36
================================================================================
[2026-05-28T13:35:29.559+0000] {manager.py:878} INFO - 
================================================================================
DAG File Processing Stats

File Path                                    PID    Runtime      # DAGs    # Errors  Last Runtime    Last Run
-------------------------------------------  -----  ---------  --------  ----------  --------------  -------------------
/opt/airflow/dags/minio_to_snowflake_dag.py                           1           0  0.28s           2026-05-28T13:35:06
================================================================================
[2026-05-28T13:36:00.098+0000] {manager.py:878} INFO - 
================================================================================
DAG File Processing Stats

File Path                                    PID    Runtime      # DAGs    # Errors  Last Runtime    Last Run
-------------------------------------------  -----  ---------  --------  ----------  --------------  -------------------
/opt/airflow/dags/minio_to_snowflake_dag.py                           1           0  0.30s           2026-05-28T13:35:37
================================================================================
[2026-05-28T13:36:02.359+0000] {manager.py:737} INFO - Searching for files in /opt/airflow/dags
[2026-05-28T13:36:02.366+0000] {manager.py:740} INFO - There are 1 files in /opt/airflow/dags
[2026-05-28T13:36:30.530+0000] {manager.py:878} INFO - 
================================================================================
DAG File Processing Stats

File Path                                    PID    Runtime      # DAGs    # Errors  Last Runtime    Last Run
-------------------------------------------  -----  ---------  --------  ----------  --------------  -------------------
/opt/airflow/dags/minio_to_snowflake_dag.py                           1           0  0.26s           2026-05-28T13:36:07
================================================================================
[2026-05-28T13:37:00.983+0000] {manager.py:878} INFO - 
================================================================================
DAG File Processing Stats

File Path                                    PID    Runtime      # DAGs    # Errors  Last Runtime    Last Run
-------------------------------------------  -----  ---------  --------  ----------  --------------  -------------------
/opt/airflow/dags/minio_to_snowflake_dag.py                           1           0  0.27s           2026-05-28T13:36:38
================================================================================
[2026-05-28T13:37:31.476+0000] {manager.py:878} INFO - 
================================================================================
DAG File Processing Stats

File Path                                    PID    Runtime      # DAGs    # Errors  Last Runtime    Last Run
-------------------------------------------  -----  ---------  --------  ----------  --------------  -------------------
/opt/airflow/dags/minio_to_snowflake_dag.py                           1           0  0.30s           2026-05-28T13:37:08
================================================================================
[2026-05-28T13:38:01.961+0000] {manager.py:878} INFO - 
================================================================================
DAG File Processing Stats

File Path                                    PID    Runtime      # DAGs    # Errors  Last Runtime    Last Run
-------------------------------------------  -----  ---------  --------  ----------  --------------  -------------------
/opt/airflow/dags/minio_to_snowflake_dag.py                           1           0  0.26s           2026-05-28T13:37:39
================================================================================
[2026-05-28T13:38:32.362+0000] {manager.py:878} INFO - 
================================================================================
DAG File Processing Stats

File Path                                    PID    Runtime      # DAGs    # Errors  Last Runtime    Last Run
-------------------------------------------  -----  ---------  --------  ----------  --------------  -------------------
/opt/airflow/dags/minio_to_snowflake_dag.py                           1           0  0.26s           2026-05-28T13:38:09
================================================================================
[2026-05-28T13:39:02.839+0000] {manager.py:878} INFO - 
================================================================================
DAG File Processing Stats

File Path                                    PID    Runtime      # DAGs    # Errors  Last Runtime    Last Run
-------------------------------------------  -----  ---------  --------  ----------  --------------  -------------------
/opt/airflow/dags/minio_to_snowflake_dag.py                           1           0  0.27s           2026-05-28T13:38:39
================================================================================
[2026-05-28T13:39:33.332+0000] {manager.py:878} INFO - 
================================================================================
DAG File Processing Stats

File Path                                    PID    Runtime      # DAGs    # Errors  Last Runtime    Last Run
-------------------------------------------  -----  ---------  --------  ----------  --------------  -------------------
/opt/airflow/dags/minio_to_snowflake_dag.py                           1           0  0.26s           2026-05-28T13:39:10
================================================================================
[2026-05-28T13:40:03.743+0000] {manager.py:878} INFO - 
================================================================================
DAG File Processing Stats

File Path                                    PID    Runtime      # DAGs    # Errors  Last Runtime    Last Run
-------------------------------------------  -----  ---------  --------  ----------  --------------  -------------------
/opt/airflow/dags/minio_to_snowflake_dag.py                           1           0  0.27s           2026-05-28T13:39:40
================================================================================
[2026-05-28T13:40:34.165+0000] {manager.py:878} INFO - 
================================================================================
DAG File Processing Stats

File Path                                    PID    Runtime      # DAGs    # Errors  Last Runtime    Last Run
-------------------------------------------  -----  ---------  --------  ----------  --------------  -------------------
/opt/airflow/dags/minio_to_snowflake_dag.py                           1           0  0.26s           2026-05-28T13:40:11
================================================================================
[2026-05-28T13:41:02.621+0000] {manager.py:737} INFO - Searching for files in /opt/airflow/dags
[2026-05-28T13:41:02.628+0000] {manager.py:740} INFO - There are 1 files in /opt/airflow/dags
[2026-05-28T13:41:04.642+0000] {manager.py:878} INFO - 
================================================================================
DAG File Processing Stats

File Path                                    PID    Runtime      # DAGs    # Errors  Last Runtime    Last Run
-------------------------------------------  -----  ---------  --------  ----------  --------------  -------------------
/opt/airflow/dags/minio_to_snowflake_dag.py                           1           0  0.26s           2026-05-28T13:40:41
================================================================================
[2026-05-28T13:41:35.139+0000] {manager.py:878} INFO - 
================================================================================
DAG File Processing Stats

File Path                                    PID    Runtime      # DAGs    # Errors  Last Runtime    Last Run
-------------------------------------------  -----  ---------  --------  ----------  --------------  -------------------
/opt/airflow/dags/minio_to_snowflake_dag.py                           1           0  0.27s           2026-05-28T13:41:12
================================================================================
[2026-05-28T13:42:05.579+0000] {manager.py:878} INFO - 
================================================================================
DAG File Processing Stats

File Path                                    PID    Runtime      # DAGs    # Errors  Last Runtime    Last Run
-------------------------------------------  -----  ---------  --------  ----------  --------------  -------------------
/opt/airflow/dags/minio_to_snowflake_dag.py                           1           0  0.26s           2026-05-28T13:41:42
================================================================================
[2026-05-28T13:42:36.023+0000] {manager.py:878} INFO - 
================================================================================
DAG File Processing Stats

File Path                                    PID    Runtime      # DAGs    # Errors  Last Runtime    Last Run
-------------------------------------------  -----  ---------  --------  ----------  --------------  -------------------
/opt/airflow/dags/minio_to_snowflake_dag.py                           1           0  0.29s           2026-05-28T13:42:13
================================================================================
[2026-05-28T13:43:06.498+0000] {manager.py:878} INFO - 
================================================================================
DAG File Processing Stats

File Path                                    PID    Runtime      # DAGs    # Errors  Last Runtime    Last Run
-------------------------------------------  -----  ---------  --------  ----------  --------------  -------------------
/opt/airflow/dags/minio_to_snowflake_dag.py                           1           0  0.27s           2026-05-28T13:42:43
================================================================================
[2026-05-28T13:43:36.947+0000] {manager.py:878} INFO - 
================================================================================
DAG File Processing Stats

File Path                                    PID    Runtime      # DAGs    # Errors  Last Runtime    Last Run
-------------------------------------------  -----  ---------  --------  ----------  --------------  -------------------
/opt/airflow/dags/minio_to_snowflake_dag.py                           1           0  0.27s           2026-05-28T13:43:14
================================================================================
[2026-05-28T13:44:07.404+0000] {manager.py:878} INFO - 
================================================================================
DAG File Processing Stats

File Path                                    PID    Runtime      # DAGs    # Errors  Last Runtime    Last Run
-------------------------------------------  -----  ---------  --------  ----------  --------------  -------------------
/opt/airflow/dags/minio_to_snowflake_dag.py                           1           0  0.27s           2026-05-28T13:43:44
================================================================================
[2026-05-28T13:44:37.794+0000] {manager.py:878} INFO - 
================================================================================
DAG File Processing Stats

File Path                                    PID    Runtime      # DAGs    # Errors  Last Runtime    Last Run
-------------------------------------------  -----  ---------  --------  ----------  --------------  -------------------
/opt/airflow/dags/minio_to_snowflake_dag.py                           1           0  0.28s           2026-05-28T13:44:14
================================================================================
[2026-05-28T13:45:08.239+0000] {manager.py:878} INFO - 
================================================================================
DAG File Processing Stats

File Path                                    PID    Runtime      # DAGs    # Errors  Last Runtime    Last Run
-------------------------------------------  -----  ---------  --------  ----------  --------------  -------------------
/opt/airflow/dags/minio_to_snowflake_dag.py                           1           0  0.27s           2026-05-28T13:44:45
================================================================================
[2026-05-28T13:45:38.660+0000] {manager.py:878} INFO - 
================================================================================
DAG File Processing Stats

File Path                                    PID    Runtime      # DAGs    # Errors  Last Runtime    Last Run
-------------------------------------------  -----  ---------  --------  ----------  --------------  -------------------
/opt/airflow/dags/minio_to_snowflake_dag.py                           1           0  0.27s           2026-05-28T13:45:15
================================================================================
[2026-05-28T13:46:03.072+0000] {manager.py:737} INFO - Searching for files in /opt/airflow/dags
[2026-05-28T13:46:03.082+0000] {manager.py:740} INFO - There are 1 files in /opt/airflow/dags
[2026-05-28T13:46:09.136+0000] {manager.py:878} INFO - 
================================================================================
DAG File Processing Stats

File Path                                    PID    Runtime      # DAGs    # Errors  Last Runtime    Last Run
-------------------------------------------  -----  ---------  --------  ----------  --------------  -------------------
/opt/airflow/dags/minio_to_snowflake_dag.py                           1           0  0.26s           2026-05-28T13:45:46
================================================================================
[2026-05-28T13:46:39.529+0000] {manager.py:878} INFO - 
================================================================================
DAG File Processing Stats

File Path                                    PID    Runtime      # DAGs    # Errors  Last Runtime    Last Run
-------------------------------------------  -----  ---------  --------  ----------  --------------  -------------------
/opt/airflow/dags/minio_to_snowflake_dag.py                           1           0  0.27s           2026-05-28T13:46:16
================================================================================
[2026-05-28T13:47:09.989+0000] {manager.py:878} INFO - 
================================================================================
DAG File Processing Stats

File Path                                    PID    Runtime      # DAGs    # Errors  Last Runtime    Last Run
-------------------------------------------  -----  ---------  --------  ----------  --------------  -------------------
/opt/airflow/dags/minio_to_snowflake_dag.py                           1           0  0.28s           2026-05-28T13:46:47
================================================================================
[2026-05-28T13:47:40.467+0000] {manager.py:878} INFO - 
================================================================================
DAG File Processing Stats

File Path                                    PID    Runtime      # DAGs    # Errors  Last Runtime    Last Run
-------------------------------------------  -----  ---------  --------  ----------  --------------  -------------------
/opt/airflow/dags/minio_to_snowflake_dag.py                           1           0  0.28s           2026-05-28T13:47:17
================================================================================
[2026-05-28T13:48:10.890+0000] {manager.py:878} INFO - 
================================================================================
DAG File Processing Stats

File Path                                    PID    Runtime      # DAGs    # Errors  Last Runtime    Last Run
-------------------------------------------  -----  ---------  --------  ----------  --------------  -------------------
/opt/airflow/dags/minio_to_snowflake_dag.py                           1           0  0.26s           2026-05-28T13:47:48
================================================================================
[2026-05-28T13:48:41.407+0000] {manager.py:878} INFO - 
================================================================================
DAG File Processing Stats

File Path                                    PID    Runtime      # DAGs    # Errors  Last Runtime    Last Run
-------------------------------------------  -----  ---------  --------  ----------  --------------  -------------------
/opt/airflow/dags/minio_to_snowflake_dag.py                           1           0  0.31s           2026-05-28T13:48:18
================================================================================
[2026-05-28T13:49:11.869+0000] {manager.py:878} INFO - 
================================================================================
DAG File Processing Stats

File Path                                    PID    Runtime      # DAGs    # Errors  Last Runtime    Last Run
-------------------------------------------  -----  ---------  --------  ----------  --------------  -------------------
/opt/airflow/dags/minio_to_snowflake_dag.py                           1           0  0.28s           2026-05-28T13:48:49
================================================================================
[2026-05-28T13:49:42.355+0000] {manager.py:878} INFO - 
================================================================================
DAG File Processing Stats

File Path                                    PID    Runtime      # DAGs    # Errors  Last Runtime    Last Run
-------------------------------------------  -----  ---------  --------  ----------  --------------  -------------------
/opt/airflow/dags/minio_to_snowflake_dag.py                           1           0  0.30s           2026-05-28T13:49:19
================================================================================
[2026-05-28T13:50:12.842+0000] {manager.py:878} INFO - 
================================================================================
DAG File Processing Stats

File Path                                    PID    Runtime      # DAGs    # Errors  Last Runtime    Last Run
-------------------------------------------  -----  ---------  --------  ----------  --------------  -------------------
/opt/airflow/dags/minio_to_snowflake_dag.py                           1           0  0.27s           2026-05-28T13:49:49
================================================================================
[2026-05-28T13:50:43.312+0000] {manager.py:878} INFO - 
================================================================================
DAG File Processing Stats

File Path                                    PID    Runtime      # DAGs    # Errors  Last Runtime    Last Run
-------------------------------------------  -----  ---------  --------  ----------  --------------  -------------------
/opt/airflow/dags/minio_to_snowflake_dag.py                           1           0  0.27s           2026-05-28T13:50:20
================================================================================
[2026-05-28T13:51:03.686+0000] {manager.py:737} INFO - Searching for files in /opt/airflow/dags
[2026-05-28T13:51:03.693+0000] {manager.py:740} INFO - There are 1 files in /opt/airflow/dags
[2026-05-28T13:51:13.777+0000] {manager.py:878} INFO - 
================================================================================
DAG File Processing Stats

File Path                                    PID    Runtime      # DAGs    # Errors  Last Runtime    Last Run
-------------------------------------------  -----  ---------  --------  ----------  --------------  -------------------
/opt/airflow/dags/minio_to_snowflake_dag.py                           1           0  0.30s           2026-05-28T13:50:50
================================================================================
[2026-05-28T13:51:44.235+0000] {manager.py:878} INFO - 
================================================================================
DAG File Processing Stats

File Path                                    PID    Runtime      # DAGs    # Errors  Last Runtime    Last Run
-------------------------------------------  -----  ---------  --------  ----------  --------------  -------------------
/opt/airflow/dags/minio_to_snowflake_dag.py                           1           0  0.26s           2026-05-28T13:51:21
================================================================================
[2026-05-28T13:52:14.717+0000] {manager.py:878} INFO - 
================================================================================
DAG File Processing Stats

File Path                                    PID    Runtime      # DAGs    # Errors  Last Runtime    Last Run
-------------------------------------------  -----  ---------  --------  ----------  --------------  -------------------
/opt/airflow/dags/minio_to_snowflake_dag.py                           1           0  0.27s           2026-05-28T13:51:51
================================================================================
[2026-05-28T13:52:45.159+0000] {manager.py:878} INFO - 
================================================================================
DAG File Processing Stats

File Path                                    PID    Runtime      # DAGs    # Errors  Last Runtime    Last Run
-------------------------------------------  -----  ---------  --------  ----------  --------------  -------------------
/opt/airflow/dags/minio_to_snowflake_dag.py                           1           0  0.27s           2026-05-28T13:52:22
================================================================================
[2026-05-28T13:53:15.631+0000] {manager.py:878} INFO - 
================================================================================
DAG File Processing Stats

File Path                                    PID    Runtime      # DAGs    # Errors  Last Runtime    Last Run
-------------------------------------------  -----  ---------  --------  ----------  --------------  -------------------
/opt/airflow/dags/minio_to_snowflake_dag.py                           1           0  0.26s           2026-05-28T13:52:52
================================================================================
[2026-05-28T13:53:46.047+0000] {manager.py:878} INFO - 
================================================================================
DAG File Processing Stats

File Path                                    PID    Runtime      # DAGs    # Errors  Last Runtime    Last Run
-------------------------------------------  -----  ---------  --------  ----------  --------------  -------------------
/opt/airflow/dags/minio_to_snowflake_dag.py                           1           0  0.27s           2026-05-28T13:53:23
================================================================================
[2026-05-28T13:54:16.506+0000] {manager.py:878} INFO - 
================================================================================
DAG File Processing Stats

File Path                                    PID    Runtime      # DAGs    # Errors  Last Runtime    Last Run
-------------------------------------------  -----  ---------  --------  ----------  --------------  -------------------
/opt/airflow/dags/minio_to_snowflake_dag.py                           1           0  0.27s           2026-05-28T13:53:53
================================================================================
[2026-05-28T13:54:46.994+0000] {manager.py:878} INFO - 
================================================================================
DAG File Processing Stats

File Path                                    PID    Runtime      # DAGs    # Errors  Last Runtime    Last Run
-------------------------------------------  -----  ---------  --------  ----------  --------------  -------------------
/opt/airflow/dags/minio_to_snowflake_dag.py                           1           0  0.27s           2026-05-28T13:54:24
================================================================================
[2026-05-28T13:55:17.442+0000] {manager.py:878} INFO - 
================================================================================
DAG File Processing Stats

File Path                                    PID    Runtime      # DAGs    # Errors  Last Runtime    Last Run
-------------------------------------------  -----  ---------  --------  ----------  --------------  -------------------
/opt/airflow/dags/minio_to_snowflake_dag.py                           1           0  0.28s           2026-05-28T13:54:54
================================================================================
[2026-05-28T13:55:47.953+0000] {manager.py:878} INFO - 
================================================================================
DAG File Processing Stats

File Path                                    PID    Runtime      # DAGs    # Errors  Last Runtime    Last Run
-------------------------------------------  -----  ---------  --------  ----------  --------------  -------------------
/opt/airflow/dags/minio_to_snowflake_dag.py                           1           0  0.28s           2026-05-28T13:55:25
================================================================================
[2026-05-28T13:56:04.357+0000] {manager.py:737} INFO - Searching for files in /opt/airflow/dags
[2026-05-28T13:56:04.364+0000] {manager.py:740} INFO - There are 1 files in /opt/airflow/dags
[2026-05-28T13:56:18.443+0000] {manager.py:878} INFO - 
================================================================================
DAG File Processing Stats

File Path                                    PID    Runtime      # DAGs    # Errors  Last Runtime    Last Run
-------------------------------------------  -----  ---------  --------  ----------  --------------  -------------------
/opt/airflow/dags/minio_to_snowflake_dag.py                           1           0  0.27s           2026-05-28T13:55:55
================================================================================
[2026-05-28T13:56:48.855+0000] {manager.py:878} INFO - 
================================================================================
DAG File Processing Stats

File Path                                    PID    Runtime      # DAGs    # Errors  Last Runtime    Last Run
-------------------------------------------  -----  ---------  --------  ----------  --------------  -------------------
/opt/airflow/dags/minio_to_snowflake_dag.py                           1           0  0.27s           2026-05-28T13:56:25
================================================================================
[2026-05-28T13:57:19.326+0000] {manager.py:878} INFO - 
================================================================================
DAG File Processing Stats

File Path                                    PID    Runtime      # DAGs    # Errors  Last Runtime    Last Run
-------------------------------------------  -----  ---------  --------  ----------  --------------  -------------------
/opt/airflow/dags/minio_to_snowflake_dag.py                           1           0  0.27s           2026-05-28T13:56:56
================================================================================
[2026-05-28T13:57:49.788+0000] {manager.py:878} INFO - 
================================================================================
DAG File Processing Stats

File Path                                    PID    Runtime      # DAGs    # Errors  Last Runtime    Last Run
-------------------------------------------  -----  ---------  --------  ----------  --------------  -------------------
/opt/airflow/dags/minio_to_snowflake_dag.py                           1           0  0.26s           2026-05-28T13:57:26
================================================================================
[2026-05-28T13:58:20.196+0000] {manager.py:878} INFO - 
================================================================================
DAG File Processing Stats

File Path                                    PID    Runtime      # DAGs    # Errors  Last Runtime    Last Run
-------------------------------------------  -----  ---------  --------  ----------  --------------  -------------------
/opt/airflow/dags/minio_to_snowflake_dag.py                           1           0  0.28s           2026-05-28T13:57:57
================================================================================
[2026-05-28T13:58:50.703+0000] {manager.py:878} INFO - 
================================================================================
DAG File Processing Stats

File Path                                    PID    Runtime      # DAGs    # Errors  Last Runtime    Last Run
-------------------------------------------  -----  ---------  --------  ----------  --------------  -------------------
/opt/airflow/dags/minio_to_snowflake_dag.py                           1           0  0.31s           2026-05-28T13:58:27
================================================================================
[2026-05-28T13:59:21.193+0000] {manager.py:878} INFO - 
================================================================================
DAG File Processing Stats

File Path                                    PID    Runtime      # DAGs    # Errors  Last Runtime    Last Run
-------------------------------------------  -----  ---------  --------  ----------  --------------  -------------------
/opt/airflow/dags/minio_to_snowflake_dag.py                           1           0  0.27s           2026-05-28T13:58:58
================================================================================
[2026-05-28T13:59:51.716+0000] {manager.py:878} INFO - 
================================================================================
DAG File Processing Stats

File Path                                    PID    Runtime      # DAGs    # Errors  Last Runtime    Last Run
-------------------------------------------  -----  ---------  --------  ----------  --------------  -------------------
/opt/airflow/dags/minio_to_snowflake_dag.py                           1           0  0.27s           2026-05-28T13:59:28
================================================================================
[2026-05-28T14:00:22.159+0000] {manager.py:878} INFO - 
================================================================================
DAG File Processing Stats

File Path                                    PID    Runtime      # DAGs    # Errors  Last Runtime    Last Run
-------------------------------------------  -----  ---------  --------  ----------  --------------  -------------------
/opt/airflow/dags/minio_to_snowflake_dag.py                           1           0  0.26s           2026-05-28T13:59:59
================================================================================
[2026-05-28T14:00:52.619+0000] {manager.py:878} INFO - 
================================================================================
DAG File Processing Stats

File Path                                    PID    Runtime      # DAGs    # Errors  Last Runtime    Last Run
-------------------------------------------  -----  ---------  --------  ----------  --------------  -------------------
/opt/airflow/dags/minio_to_snowflake_dag.py                           1           0  0.28s           2026-05-28T14:00:29
================================================================================
[2026-05-28T14:01:04.969+0000] {manager.py:737} INFO - Searching for files in /opt/airflow/dags
[2026-05-28T14:01:04.973+0000] {manager.py:740} INFO - There are 1 files in /opt/airflow/dags
[2026-05-28T14:01:23.086+0000] {manager.py:878} INFO - 
================================================================================
DAG File Processing Stats

File Path                                    PID    Runtime      # DAGs    # Errors  Last Runtime    Last Run
-------------------------------------------  -----  ---------  --------  ----------  --------------  -------------------
/opt/airflow/dags/minio_to_snowflake_dag.py                           1           0  0.26s           2026-05-28T14:01:00
================================================================================
[2026-05-28T14:01:53.558+0000] {manager.py:878} INFO - 
================================================================================
DAG File Processing Stats

File Path                                    PID    Runtime      # DAGs    # Errors  Last Runtime    Last Run
-------------------------------------------  -----  ---------  --------  ----------  --------------  -------------------
/opt/airflow/dags/minio_to_snowflake_dag.py                           1           0  0.27s           2026-05-28T14:01:30
================================================================================
[2026-05-28T14:02:24.051+0000] {manager.py:878} INFO - 
================================================================================
DAG File Processing Stats

File Path                                    PID    Runtime      # DAGs    # Errors  Last Runtime    Last Run
-------------------------------------------  -----  ---------  --------  ----------  --------------  -------------------
/opt/airflow/dags/minio_to_snowflake_dag.py                           1           0  0.30s           2026-05-28T14:02:01
================================================================================
[2026-05-28T14:02:54.612+0000] {manager.py:878} INFO - 
================================================================================
DAG File Processing Stats

File Path                                    PID    Runtime      # DAGs    # Errors  Last Runtime    Last Run
-------------------------------------------  -----  ---------  --------  ----------  --------------  -------------------
/opt/airflow/dags/minio_to_snowflake_dag.py                           1           0  0.27s           2026-05-28T14:02:31
================================================================================
[2026-05-28T14:03:25.118+0000] {manager.py:878} INFO - 
================================================================================
DAG File Processing Stats

File Path                                    PID    Runtime      # DAGs    # Errors  Last Runtime    Last Run
-------------------------------------------  -----  ---------  --------  ----------  --------------  -------------------
/opt/airflow/dags/minio_to_snowflake_dag.py                           1           0  0.27s           2026-05-28T14:03:02
================================================================================
[2026-05-28T14:03:55.572+0000] {manager.py:878} INFO - 
================================================================================
DAG File Processing Stats

File Path                                    PID    Runtime      # DAGs    # Errors  Last Runtime    Last Run
-------------------------------------------  -----  ---------  --------  ----------  --------------  -------------------
/opt/airflow/dags/minio_to_snowflake_dag.py                           1           0  0.26s           2026-05-28T14:03:32
================================================================================
[2026-05-28T14:04:26.039+0000] {manager.py:878} INFO - 
================================================================================
DAG File Processing Stats

File Path                                    PID    Runtime      # DAGs    # Errors  Last Runtime    Last Run
-------------------------------------------  -----  ---------  --------  ----------  --------------  -------------------
/opt/airflow/dags/minio_to_snowflake_dag.py                           1           0  0.27s           2026-05-28T14:04:03
================================================================================
[2026-05-28T14:04:56.502+0000] {manager.py:878} INFO - 
================================================================================
DAG File Processing Stats

File Path                                    PID    Runtime      # DAGs    # Errors  Last Runtime    Last Run
-------------------------------------------  -----  ---------  --------  ----------  --------------  -------------------
/opt/airflow/dags/minio_to_snowflake_dag.py                           1           0  0.28s           2026-05-28T14:04:33
================================================================================
[2026-05-28T14:05:27.001+0000] {manager.py:878} INFO - 
================================================================================
DAG File Processing Stats

File Path                                    PID    Runtime      # DAGs    # Errors  Last Runtime    Last Run
-------------------------------------------  -----  ---------  --------  ----------  --------------  -------------------
/opt/airflow/dags/minio_to_snowflake_dag.py                           1           0  0.27s           2026-05-28T14:05:04
================================================================================
[2026-05-28T14:05:57.409+0000] {manager.py:878} INFO - 
================================================================================
DAG File Processing Stats

File Path                                    PID    Runtime      # DAGs    # Errors  Last Runtime    Last Run
-------------------------------------------  -----  ---------  --------  ----------  --------------  -------------------
/opt/airflow/dags/minio_to_snowflake_dag.py                           1           0  0.26s           2026-05-28T14:05:34
================================================================================
[2026-05-28T14:06:05.047+0000] {manager.py:737} INFO - Searching for files in /opt/airflow/dags
[2026-05-28T14:06:05.049+0000] {manager.py:740} INFO - There are 1 files in /opt/airflow/dags
[2026-05-28T14:06:27.946+0000] {manager.py:878} INFO - 
================================================================================
DAG File Processing Stats

File Path                                    PID    Runtime      # DAGs    # Errors  Last Runtime    Last Run
-------------------------------------------  -----  ---------  --------  ----------  --------------  -------------------
/opt/airflow/dags/minio_to_snowflake_dag.py                           1           0  0.28s           2026-05-28T14:06:05
================================================================================
[2026-05-28T14:06:58.420+0000] {manager.py:878} INFO - 
================================================================================
DAG File Processing Stats

File Path                                    PID    Runtime      # DAGs    # Errors  Last Runtime    Last Run
-------------------------------------------  -----  ---------  --------  ----------  --------------  -------------------
/opt/airflow/dags/minio_to_snowflake_dag.py                           1           0  0.27s           2026-05-28T14:06:35
================================================================================
[2026-05-28T14:07:28.894+0000] {manager.py:878} INFO - 
================================================================================
DAG File Processing Stats

File Path                                    PID    Runtime      # DAGs    # Errors  Last Runtime    Last Run
-------------------------------------------  -----  ---------  --------  ----------  --------------  -------------------
/opt/airflow/dags/minio_to_snowflake_dag.py                           1           0  0.29s           2026-05-28T14:07:06
================================================================================
[2026-05-28T14:07:59.417+0000] {manager.py:878} INFO - 
================================================================================
DAG File Processing Stats

File Path                                    PID    Runtime      # DAGs    # Errors  Last Runtime    Last Run
-------------------------------------------  -----  ---------  --------  ----------  --------------  -------------------
/opt/airflow/dags/minio_to_snowflake_dag.py                           1           0  0.28s           2026-05-28T14:07:36
================================================================================
[2026-05-28T14:08:29.893+0000] {manager.py:878} INFO - 
================================================================================
DAG File Processing Stats

File Path                                    PID    Runtime      # DAGs    # Errors  Last Runtime    Last Run
-------------------------------------------  -----  ---------  --------  ----------  --------------  -------------------
/opt/airflow/dags/minio_to_snowflake_dag.py                           1           0  0.26s           2026-05-28T14:08:06
================================================================================
[2026-05-28T14:09:00.348+0000] {manager.py:878} INFO - 
================================================================================
DAG File Processing Stats

File Path                                    PID    Runtime      # DAGs    # Errors  Last Runtime    Last Run
-------------------------------------------  -----  ---------  --------  ----------  --------------  -------------------
/opt/airflow/dags/minio_to_snowflake_dag.py                           1           0  0.26s           2026-05-28T14:08:37
================================================================================
[2026-05-28T14:09:30.822+0000] {manager.py:878} INFO - 
================================================================================
DAG File Processing Stats

File Path                                    PID    Runtime      # DAGs    # Errors  Last Runtime    Last Run
-------------------------------------------  -----  ---------  --------  ----------  --------------  -------------------
/opt/airflow/dags/minio_to_snowflake_dag.py                           1           0  0.26s           2026-05-28T14:09:07
================================================================================
[2026-05-28T14:10:01.259+0000] {manager.py:878} INFO - 
================================================================================
DAG File Processing Stats

File Path                                    PID    Runtime      # DAGs    # Errors  Last Runtime    Last Run
-------------------------------------------  -----  ---------  --------  ----------  --------------  -------------------
/opt/airflow/dags/minio_to_snowflake_dag.py                           1           0  0.26s           2026-05-28T14:09:38
================================================================================
[2026-05-28T14:10:31.709+0000] {manager.py:878} INFO - 
================================================================================
DAG File Processing Stats

File Path                                    PID    Runtime      # DAGs    # Errors  Last Runtime    Last Run
-------------------------------------------  -----  ---------  --------  ----------  --------------  -------------------
/opt/airflow/dags/minio_to_snowflake_dag.py                           1           0  0.26s           2026-05-28T14:10:08
================================================================================
[2026-05-28T14:11:02.176+0000] {manager.py:878} INFO - 
================================================================================
DAG File Processing Stats

File Path                                    PID    Runtime      # DAGs    # Errors  Last Runtime    Last Run
-------------------------------------------  -----  ---------  --------  ----------  --------------  -------------------
/opt/airflow/dags/minio_to_snowflake_dag.py                           1           0  0.28s           2026-05-28T14:10:39
================================================================================
[2026-05-28T14:11:05.198+0000] {manager.py:737} INFO - Searching for files in /opt/airflow/dags
[2026-05-28T14:11:05.210+0000] {manager.py:740} INFO - There are 1 files in /opt/airflow/dags
[2026-05-28T14:11:32.653+0000] {manager.py:878} INFO - 
================================================================================
DAG File Processing Stats

File Path                                    PID    Runtime      # DAGs    # Errors  Last Runtime    Last Run
-------------------------------------------  -----  ---------  --------  ----------  --------------  -------------------
/opt/airflow/dags/minio_to_snowflake_dag.py                           1           0  0.25s           2026-05-28T14:11:09
================================================================================
[2026-05-28T14:12:03.051+0000] {manager.py:878} INFO - 
================================================================================
DAG File Processing Stats

File Path                                    PID    Runtime      # DAGs    # Errors  Last Runtime    Last Run
-------------------------------------------  -----  ---------  --------  ----------  --------------  -------------------
/opt/airflow/dags/minio_to_snowflake_dag.py                           1           0  0.27s           2026-05-28T14:11:40
================================================================================
[2026-05-28T14:12:33.537+0000] {manager.py:878} INFO - 
================================================================================
DAG File Processing Stats

File Path                                    PID    Runtime      # DAGs    # Errors  Last Runtime    Last Run
-------------------------------------------  -----  ---------  --------  ----------  --------------  -------------------
/opt/airflow/dags/minio_to_snowflake_dag.py                           1           0  0.27s           2026-05-28T14:12:10
================================================================================
[2026-05-28T14:13:04.012+0000] {manager.py:878} INFO - 
================================================================================
DAG File Processing Stats

File Path                                    PID    Runtime      # DAGs    # Errors  Last Runtime    Last Run
-------------------------------------------  -----  ---------  --------  ----------  --------------  -------------------
/opt/airflow/dags/minio_to_snowflake_dag.py                           1           0  0.27s           2026-05-28T14:12:41
================================================================================
[2026-05-28T14:13:34.459+0000] {manager.py:878} INFO - 
================================================================================
DAG File Processing Stats

File Path                                    PID    Runtime      # DAGs    # Errors  Last Runtime    Last Run
-------------------------------------------  -----  ---------  --------  ----------  --------------  -------------------
/opt/airflow/dags/minio_to_snowflake_dag.py                           1           0  0.27s           2026-05-28T14:13:11
================================================================================
[2026-05-28T14:14:04.967+0000] {manager.py:878} INFO - 
================================================================================
DAG File Processing Stats

File Path                                    PID    Runtime      # DAGs    # Errors  Last Runtime    Last Run
-------------------------------------------  -----  ---------  --------  ----------  --------------  -------------------
/opt/airflow/dags/minio_to_snowflake_dag.py                           1           0  0.29s           2026-05-28T14:13:42
================================================================================
[2026-05-28T14:14:35.463+0000] {manager.py:878} INFO - 
================================================================================
DAG File Processing Stats

File Path                                    PID    Runtime      # DAGs    # Errors  Last Runtime    Last Run
-------------------------------------------  -----  ---------  --------  ----------  --------------  -------------------
/opt/airflow/dags/minio_to_snowflake_dag.py                           1           0  0.28s           2026-05-28T14:14:12
================================================================================
[2026-05-28T14:15:05.951+0000] {manager.py:878} INFO - 
================================================================================
DAG File Processing Stats

File Path                                    PID    Runtime      # DAGs    # Errors  Last Runtime    Last Run
-------------------------------------------  -----  ---------  --------  ----------  --------------  -------------------
/opt/airflow/dags/minio_to_snowflake_dag.py                           1           0  0.29s           2026-05-28T14:14:43
================================================================================
[2026-05-28T14:15:36.442+0000] {manager.py:878} INFO - 
================================================================================
DAG File Processing Stats

File Path                                    PID    Runtime      # DAGs    # Errors  Last Runtime    Last Run
-------------------------------------------  -----  ---------  --------  ----------  --------------  -------------------
/opt/airflow/dags/minio_to_snowflake_dag.py                           1           0  0.30s           2026-05-28T14:15:13
================================================================================
[2026-05-28T14:16:05.275+0000] {manager.py:737} INFO - Searching for files in /opt/airflow/dags
[2026-05-28T14:16:05.285+0000] {manager.py:740} INFO - There are 1 files in /opt/airflow/dags
[2026-05-28T14:16:07.034+0000] {manager.py:878} INFO - 
================================================================================
DAG File Processing Stats

File Path                                    PID    Runtime      # DAGs    # Errors  Last Runtime    Last Run
-------------------------------------------  -----  ---------  --------  ----------  --------------  -------------------
/opt/airflow/dags/minio_to_snowflake_dag.py                           1           0  0.28s           2026-05-28T14:15:44
================================================================================
[2026-05-28T14:16:37.507+0000] {manager.py:878} INFO - 
================================================================================
DAG File Processing Stats

File Path                                    PID    Runtime      # DAGs    # Errors  Last Runtime    Last Run
-------------------------------------------  -----  ---------  --------  ----------  --------------  -------------------
/opt/airflow/dags/minio_to_snowflake_dag.py                           1           0  0.27s           2026-05-28T14:16:14
================================================================================
[2026-05-28T14:17:07.995+0000] {manager.py:878} INFO - 
================================================================================
DAG File Processing Stats

File Path                                    PID    Runtime      # DAGs    # Errors  Last Runtime    Last Run
-------------------------------------------  -----  ---------  --------  ----------  --------------  -------------------
/opt/airflow/dags/minio_to_snowflake_dag.py                           1           0  0.30s           2026-05-28T14:16:45
================================================================================
[2026-05-28T14:17:38.472+0000] {manager.py:878} INFO - 
================================================================================
DAG File Processing Stats

File Path                                    PID    Runtime      # DAGs    # Errors  Last Runtime    Last Run
-------------------------------------------  -----  ---------  --------  ----------  --------------  -------------------
/opt/airflow/dags/minio_to_snowflake_dag.py                           1           0  0.28s           2026-05-28T14:17:15
================================================================================
[2026-05-28T14:18:08.937+0000] {manager.py:878} INFO - 
================================================================================
DAG File Processing Stats

File Path                                    PID    Runtime      # DAGs    # Errors  Last Runtime    Last Run
-------------------------------------------  -----  ---------  --------  ----------  --------------  -------------------
/opt/airflow/dags/minio_to_snowflake_dag.py                           1           0  0.26s           2026-05-28T14:17:46
================================================================================
[2026-05-28T14:18:39.408+0000] {manager.py:878} INFO - 
================================================================================
DAG File Processing Stats

File Path                                    PID    Runtime      # DAGs    # Errors  Last Runtime    Last Run
-------------------------------------------  -----  ---------  --------  ----------  --------------  -------------------
/opt/airflow/dags/minio_to_snowflake_dag.py                           1           0  0.27s           2026-05-28T14:18:16
================================================================================
[2026-05-28T14:19:09.886+0000] {manager.py:878} INFO - 
================================================================================
DAG File Processing Stats

File Path                                    PID    Runtime      # DAGs    # Errors  Last Runtime    Last Run
-------------------------------------------  -----  ---------  --------  ----------  --------------  -------------------
/opt/airflow/dags/minio_to_snowflake_dag.py                           1           0  0.27s           2026-05-28T14:18:46
================================================================================
[2026-05-28T14:19:40.341+0000] {manager.py:878} INFO - 
================================================================================
DAG File Processing Stats

File Path                                    PID    Runtime      # DAGs    # Errors  Last Runtime    Last Run
-------------------------------------------  -----  ---------  --------  ----------  --------------  -------------------
/opt/airflow/dags/minio_to_snowflake_dag.py                           1           0  0.27s           2026-05-28T14:19:17
================================================================================
[2026-05-28T14:20:10.787+0000] {manager.py:878} INFO - 
================================================================================
DAG File Processing Stats

File Path                                    PID    Runtime      # DAGs    # Errors  Last Runtime    Last Run
-------------------------------------------  -----  ---------  --------  ----------  --------------  -------------------
/opt/airflow/dags/minio_to_snowflake_dag.py                           1           0  0.27s           2026-05-28T14:19:47
================================================================================
[2026-05-28T14:20:41.306+0000] {manager.py:878} INFO - 
================================================================================
DAG File Processing Stats

File Path                                    PID    Runtime      # DAGs    # Errors  Last Runtime    Last Run
-------------------------------------------  -----  ---------  --------  ----------  --------------  -------------------
/opt/airflow/dags/minio_to_snowflake_dag.py                           1           0  0.27s           2026-05-28T14:20:18
================================================================================
[2026-05-28T14:21:05.646+0000] {manager.py:737} INFO - Searching for files in /opt/airflow/dags
[2026-05-28T14:21:05.652+0000] {manager.py:740} INFO - There are 2 files in /opt/airflow/dags
[2026-05-28T14:21:11.696+0000] {manager.py:878} INFO - 
================================================================================
DAG File Processing Stats

File Path                                    PID    Runtime      # DAGs    # Errors  Last Runtime    Last Run
-------------------------------------------  -----  ---------  --------  ----------  --------------  -------------------
/opt/airflow/dags/minio_to_snowflake_dag.py                           1           0  0.30s           2026-05-28T14:20:48
/opt/airflow/dags/scd_snapshots.py                                    1           0  0.08s           2026-05-28T14:21:05
================================================================================
[2026-05-28T14:21:41.958+0000] {manager.py:878} INFO - 
================================================================================
DAG File Processing Stats

File Path                                    PID    Runtime      # DAGs    # Errors  Last Runtime    Last Run
-------------------------------------------  -----  ---------  --------  ----------  --------------  -------------------
/opt/airflow/dags/minio_to_snowflake_dag.py                           1           0  0.26s           2026-05-28T14:21:20
/opt/airflow/dags/scd_snapshots.py                                    1           0  0.06s           2026-05-28T14:21:35
================================================================================
[2026-05-28T14:22:12.232+0000] {manager.py:878} INFO - 
================================================================================
DAG File Processing Stats

File Path                                    PID    Runtime      # DAGs    # Errors  Last Runtime    Last Run
-------------------------------------------  -----  ---------  --------  ----------  --------------  -------------------
/opt/airflow/dags/minio_to_snowflake_dag.py                           1           0  0.27s           2026-05-28T14:21:50
/opt/airflow/dags/scd_snapshots.py                                    1           0  0.06s           2026-05-28T14:22:06
================================================================================
[2026-05-28T14:22:42.458+0000] {manager.py:878} INFO - 
================================================================================
DAG File Processing Stats

File Path                                    PID    Runtime      # DAGs    # Errors  Last Runtime    Last Run
-------------------------------------------  -----  ---------  --------  ----------  --------------  -------------------
/opt/airflow/dags/minio_to_snowflake_dag.py                           1           0  0.27s           2026-05-28T14:22:20
/opt/airflow/dags/scd_snapshots.py                                    1           0  0.06s           2026-05-28T14:22:36
================================================================================
[2026-05-28T14:23:12.698+0000] {manager.py:878} INFO - 
================================================================================
DAG File Processing Stats

File Path                                    PID    Runtime      # DAGs    # Errors  Last Runtime    Last Run
-------------------------------------------  -----  ---------  --------  ----------  --------------  -------------------
/opt/airflow/dags/minio_to_snowflake_dag.py                           1           0  0.27s           2026-05-28T14:22:51
/opt/airflow/dags/scd_snapshots.py                                    1           0  0.07s           2026-05-28T14:23:06
================================================================================
[2026-05-28T14:23:42.986+0000] {manager.py:878} INFO - 
================================================================================
DAG File Processing Stats

File Path                                    PID    Runtime      # DAGs    # Errors  Last Runtime    Last Run
-------------------------------------------  -----  ---------  --------  ----------  --------------  -------------------
/opt/airflow/dags/minio_to_snowflake_dag.py                           1           0  0.27s           2026-05-28T14:23:22
/opt/airflow/dags/scd_snapshots.py                                    1           0  0.06s           2026-05-28T14:23:36
================================================================================
[2026-05-28T14:24:13.228+0000] {manager.py:878} INFO - 
================================================================================
DAG File Processing Stats

File Path                                    PID    Runtime      # DAGs    # Errors  Last Runtime    Last Run
-------------------------------------------  -----  ---------  --------  ----------  --------------  -------------------
/opt/airflow/dags/minio_to_snowflake_dag.py                           1           0  0.27s           2026-05-28T14:23:53
/opt/airflow/dags/scd_snapshots.py                                    1           0  0.07s           2026-05-28T14:24:07
================================================================================
[2026-05-28T14:24:43.497+0000] {manager.py:878} INFO - 
================================================================================
DAG File Processing Stats

File Path                                    PID    Runtime      # DAGs    # Errors  Last Runtime    Last Run
-------------------------------------------  -----  ---------  --------  ----------  --------------  -------------------
/opt/airflow/dags/minio_to_snowflake_dag.py                           1           0  0.27s           2026-05-28T14:24:23
/opt/airflow/dags/scd_snapshots.py                                    1           0  0.06s           2026-05-28T14:24:37
================================================================================
[2026-05-28T14:25:13.710+0000] {manager.py:878} INFO - 
================================================================================
DAG File Processing Stats

File Path                                    PID    Runtime      # DAGs    # Errors  Last Runtime    Last Run
-------------------------------------------  -----  ---------  --------  ----------  --------------  -------------------
/opt/airflow/dags/minio_to_snowflake_dag.py                           1           0  0.26s           2026-05-28T14:24:54
/opt/airflow/dags/scd_snapshots.py                                    1           0  0.06s           2026-05-28T14:25:07
================================================================================
[2026-05-28T14:25:43.950+0000] {manager.py:878} INFO - 
================================================================================
DAG File Processing Stats

File Path                                    PID    Runtime      # DAGs    # Errors  Last Runtime    Last Run
-------------------------------------------  -----  ---------  --------  ----------  --------------  -------------------
/opt/airflow/dags/minio_to_snowflake_dag.py                           1           0  0.27s           2026-05-28T14:25:26
/opt/airflow/dags/scd_snapshots.py                                    1           0  0.07s           2026-05-28T14:25:37
================================================================================
[2026-05-28T14:26:06.151+0000] {manager.py:737} INFO - Searching for files in /opt/airflow/dags
[2026-05-28T14:26:06.161+0000] {manager.py:740} INFO - There are 2 files in /opt/airflow/dags
[2026-05-28T14:26:14.232+0000] {manager.py:878} INFO - 
================================================================================
DAG File Processing Stats

File Path                                    PID    Runtime      # DAGs    # Errors  Last Runtime    Last Run
-------------------------------------------  -----  ---------  --------  ----------  --------------  -------------------
/opt/airflow/dags/minio_to_snowflake_dag.py                           1           0  0.28s           2026-05-28T14:25:57
/opt/airflow/dags/scd_snapshots.py                                    1           0  0.06s           2026-05-28T14:26:08
================================================================================
[2026-05-28T14:26:44.479+0000] {manager.py:878} INFO - 
================================================================================
DAG File Processing Stats

File Path                                    PID    Runtime      # DAGs    # Errors  Last Runtime    Last Run
-------------------------------------------  -----  ---------  --------  ----------  --------------  -------------------
/opt/airflow/dags/minio_to_snowflake_dag.py                           1           0  0.27s           2026-05-28T14:26:27
/opt/airflow/dags/scd_snapshots.py                                    1           0  0.07s           2026-05-28T14:26:38
================================================================================
[2026-05-28T14:27:14.700+0000] {manager.py:878} INFO - 
================================================================================
DAG File Processing Stats

File Path                                    PID    Runtime      # DAGs    # Errors  Last Runtime    Last Run
-------------------------------------------  -----  ---------  --------  ----------  --------------  -------------------
/opt/airflow/dags/minio_to_snowflake_dag.py                           1           0  0.29s           2026-05-28T14:26:58
/opt/airflow/dags/scd_snapshots.py                                    1           0  0.07s           2026-05-28T14:27:08
================================================================================
[2026-05-28T14:27:44.925+0000] {manager.py:878} INFO - 
================================================================================
DAG File Processing Stats

File Path                                    PID    Runtime      # DAGs    # Errors  Last Runtime    Last Run
-------------------------------------------  -----  ---------  --------  ----------  --------------  -------------------
/opt/airflow/dags/minio_to_snowflake_dag.py                           1           0  0.25s           2026-05-28T14:27:30
/opt/airflow/dags/scd_snapshots.py                                    1           0  0.06s           2026-05-28T14:27:38
================================================================================
[2026-05-28T14:28:15.154+0000] {manager.py:878} INFO - 
================================================================================
DAG File Processing Stats

File Path                                    PID    Runtime      # DAGs    # Errors  Last Runtime    Last Run
-------------------------------------------  -----  ---------  --------  ----------  --------------  -------------------
/opt/airflow/dags/minio_to_snowflake_dag.py                           1           0  0.27s           2026-05-28T14:28:01
/opt/airflow/dags/scd_snapshots.py                                    1           0  0.06s           2026-05-28T14:28:09
================================================================================
[2026-05-28T14:28:45.367+0000] {manager.py:878} INFO - 
================================================================================
DAG File Processing Stats

File Path                                    PID    Runtime      # DAGs    # Errors  Last Runtime    Last Run
-------------------------------------------  -----  ---------  --------  ----------  --------------  -------------------
/opt/airflow/dags/minio_to_snowflake_dag.py                           1           0  0.27s           2026-05-28T14:28:32
/opt/airflow/dags/scd_snapshots.py                                    1           0  0.05s           2026-05-28T14:28:39
================================================================================
[2026-05-28T14:29:15.608+0000] {manager.py:878} INFO - 
================================================================================
DAG File Processing Stats

File Path                                    PID    Runtime      # DAGs    # Errors  Last Runtime    Last Run
-------------------------------------------  -----  ---------  --------  ----------  --------------  -------------------
/opt/airflow/dags/minio_to_snowflake_dag.py                           1           0  0.27s           2026-05-28T14:29:03
/opt/airflow/dags/scd_snapshots.py                                    1           0  0.07s           2026-05-28T14:29:09
================================================================================
[2026-05-28T14:29:45.815+0000] {manager.py:878} INFO - 
================================================================================
DAG File Processing Stats

File Path                                    PID    Runtime      # DAGs    # Errors  Last Runtime    Last Run
-------------------------------------------  -----  ---------  --------  ----------  --------------  -------------------
/opt/airflow/dags/minio_to_snowflake_dag.py                           1           0  0.27s           2026-05-28T14:29:35
/opt/airflow/dags/scd_snapshots.py                                    1           0  0.04s           2026-05-28T14:29:39
================================================================================
[2026-05-28T14:30:16.035+0000] {manager.py:878} INFO - 
================================================================================
DAG File Processing Stats

File Path                                    PID    Runtime      # DAGs    # Errors  Last Runtime    Last Run
-------------------------------------------  -----  ---------  --------  ----------  --------------  -------------------
/opt/airflow/dags/minio_to_snowflake_dag.py                           1           0  0.26s           2026-05-28T14:30:06
/opt/airflow/dags/scd_snapshots.py                                    1           0  0.06s           2026-05-28T14:30:10
================================================================================
[2026-05-28T14:30:46.262+0000] {manager.py:878} INFO - 
================================================================================
DAG File Processing Stats

File Path                                    PID    Runtime      # DAGs    # Errors  Last Runtime    Last Run
-------------------------------------------  -----  ---------  --------  ----------  --------------  -------------------
/opt/airflow/dags/minio_to_snowflake_dag.py                           1           0  0.31s           2026-05-28T14:30:37
/opt/airflow/dags/scd_snapshots.py                                    1           0  0.07s           2026-05-28T14:30:40
================================================================================
[2026-05-28T14:31:06.417+0000] {manager.py:737} INFO - Searching for files in /opt/airflow/dags
[2026-05-28T14:31:06.431+0000] {manager.py:740} INFO - There are 2 files in /opt/airflow/dags
[2026-05-28T14:31:16.520+0000] {manager.py:878} INFO - 
================================================================================
DAG File Processing Stats

File Path                                    PID    Runtime      # DAGs    # Errors  Last Runtime    Last Run
-------------------------------------------  -----  ---------  --------  ----------  --------------  -------------------
/opt/airflow/dags/minio_to_snowflake_dag.py                           1           0  0.26s           2026-05-28T14:31:08
/opt/airflow/dags/scd_snapshots.py                                    1           0  0.07s           2026-05-28T14:31:10
================================================================================
[2026-05-28T14:31:46.729+0000] {manager.py:878} INFO - 
================================================================================
DAG File Processing Stats

File Path                                    PID    Runtime      # DAGs    # Errors  Last Runtime    Last Run
-------------------------------------------  -----  ---------  --------  ----------  --------------  -------------------
/opt/airflow/dags/minio_to_snowflake_dag.py                           1           0  0.26s           2026-05-28T14:31:39
/opt/airflow/dags/scd_snapshots.py                                    1           0  0.06s           2026-05-28T14:31:40
================================================================================
[2026-05-28T14:32:17.033+0000] {manager.py:878} INFO - 
================================================================================
DAG File Processing Stats

File Path                                    PID    Runtime      # DAGs    # Errors  Last Runtime    Last Run
-------------------------------------------  -----  ---------  --------  ----------  --------------  -------------------
/opt/airflow/dags/minio_to_snowflake_dag.py                           1           0  0.29s           2026-05-28T14:32:11
/opt/airflow/dags/scd_snapshots.py                                    1           0  0.08s           2026-05-28T14:32:10
================================================================================
[2026-05-28T14:32:47.279+0000] {manager.py:878} INFO - 
================================================================================
DAG File Processing Stats

File Path                                    PID    Runtime      # DAGs    # Errors  Last Runtime    Last Run
-------------------------------------------  -----  ---------  --------  ----------  --------------  -------------------
/opt/airflow/dags/minio_to_snowflake_dag.py                           1           0  0.26s           2026-05-28T14:32:41
/opt/airflow/dags/scd_snapshots.py                                    1           0  0.05s           2026-05-28T14:32:41
================================================================================
[2026-05-28T14:33:17.504+0000] {manager.py:878} INFO - 
================================================================================
DAG File Processing Stats

File Path                                    PID    Runtime      # DAGs    # Errors  Last Runtime    Last Run
-------------------------------------------  -----  ---------  --------  ----------  --------------  -------------------
/opt/airflow/dags/minio_to_snowflake_dag.py                           1           0  0.29s           2026-05-28T14:33:12
/opt/airflow/dags/scd_snapshots.py                                    1           0  0.06s           2026-05-28T14:33:11
================================================================================
[2026-05-28T14:33:47.761+0000] {manager.py:878} INFO - 
================================================================================
DAG File Processing Stats

File Path                                    PID    Runtime      # DAGs    # Errors  Last Runtime    Last Run
-------------------------------------------  -----  ---------  --------  ----------  --------------  -------------------
/opt/airflow/dags/minio_to_snowflake_dag.py                           1           0  0.29s           2026-05-28T14:33:43
/opt/airflow/dags/scd_snapshots.py                                    1           0  0.06s           2026-05-28T14:33:41
================================================================================
[2026-05-28T14:34:17.976+0000] {manager.py:878} INFO - 
================================================================================
DAG File Processing Stats

File Path                                    PID    Runtime      # DAGs    # Errors  Last Runtime    Last Run
-------------------------------------------  -----  ---------  --------  ----------  --------------  -------------------
/opt/airflow/dags/minio_to_snowflake_dag.py                           1           0  0.27s           2026-05-28T14:34:14
/opt/airflow/dags/scd_snapshots.py                                    1           0  0.05s           2026-05-28T14:34:11
================================================================================
[2026-05-28T14:34:48.209+0000] {manager.py:878} INFO - 
================================================================================
DAG File Processing Stats

File Path                                    PID    Runtime      # DAGs    # Errors  Last Runtime    Last Run
-------------------------------------------  -----  ---------  --------  ----------  --------------  -------------------
/opt/airflow/dags/minio_to_snowflake_dag.py                           1           0  0.26s           2026-05-28T14:34:44
/opt/airflow/dags/scd_snapshots.py                                    1           0  0.06s           2026-05-28T14:34:42
================================================================================
[2026-05-28T14:35:18.426+0000] {manager.py:878} INFO - 
================================================================================
DAG File Processing Stats

File Path                                    PID    Runtime      # DAGs    # Errors  Last Runtime    Last Run
-------------------------------------------  -----  ---------  --------  ----------  --------------  -------------------
/opt/airflow/dags/minio_to_snowflake_dag.py                           1           0  0.27s           2026-05-28T14:35:15
/opt/airflow/dags/scd_snapshots.py                                    1           0  0.04s           2026-05-28T14:35:12
================================================================================
[2026-05-28T14:35:48.686+0000] {manager.py:878} INFO - 
================================================================================
DAG File Processing Stats

File Path                                    PID    Runtime      # DAGs    # Errors  Last Runtime    Last Run
-------------------------------------------  -----  ---------  --------  ----------  --------------  -------------------
/opt/airflow/dags/minio_to_snowflake_dag.py                           1           0  0.27s           2026-05-28T14:35:45
/opt/airflow/dags/scd_snapshots.py                                    1           0  0.06s           2026-05-28T14:35:42
================================================================================
[2026-05-28T14:36:06.798+0000] {manager.py:737} INFO - Searching for files in /opt/airflow/dags
[2026-05-28T14:36:06.810+0000] {manager.py:740} INFO - There are 2 files in /opt/airflow/dags
[2026-05-28T14:36:18.978+0000] {manager.py:878} INFO - 
================================================================================
DAG File Processing Stats

File Path                                    PID    Runtime      # DAGs    # Errors  Last Runtime    Last Run
-------------------------------------------  -----  ---------  --------  ----------  --------------  -------------------
/opt/airflow/dags/minio_to_snowflake_dag.py                           1           0  0.30s           2026-05-28T14:36:16
/opt/airflow/dags/scd_snapshots.py                                    1           0  0.07s           2026-05-28T14:36:12
================================================================================
[2026-05-28T14:36:49.274+0000] {manager.py:878} INFO - 
================================================================================
DAG File Processing Stats

File Path                                    PID    Runtime      # DAGs    # Errors  Last Runtime    Last Run
-------------------------------------------  -----  ---------  --------  ----------  --------------  -------------------
/opt/airflow/dags/minio_to_snowflake_dag.py                           1           0  0.27s           2026-05-28T14:36:46
/opt/airflow/dags/scd_snapshots.py                                    1           0  0.06s           2026-05-28T14:36:43
================================================================================
[2026-05-28T14:37:19.579+0000] {manager.py:878} INFO - 
================================================================================
DAG File Processing Stats

File Path                                    PID    Runtime      # DAGs    # Errors  Last Runtime    Last Run
-------------------------------------------  -----  ---------  --------  ----------  --------------  -------------------
/opt/airflow/dags/minio_to_snowflake_dag.py                           1           0  0.26s           2026-05-28T14:37:16
/opt/airflow/dags/scd_snapshots.py                                    1           0  0.06s           2026-05-28T14:37:13
================================================================================
[2026-05-28T14:37:49.875+0000] {manager.py:878} INFO - 
================================================================================
DAG File Processing Stats

File Path                                    PID    Runtime      # DAGs    # Errors  Last Runtime    Last Run
-------------------------------------------  -----  ---------  --------  ----------  --------------  -------------------
/opt/airflow/dags/minio_to_snowflake_dag.py                           1           0  0.27s           2026-05-28T14:37:47
/opt/airflow/dags/scd_snapshots.py                                    1           0  0.07s           2026-05-28T14:37:43
================================================================================
[2026-05-28T14:38:20.129+0000] {manager.py:878} INFO - 
================================================================================
DAG File Processing Stats

File Path                                    PID    Runtime      # DAGs    # Errors  Last Runtime    Last Run
-------------------------------------------  -----  ---------  --------  ----------  --------------  -------------------
/opt/airflow/dags/minio_to_snowflake_dag.py                           1           0  0.31s           2026-05-28T14:38:18
/opt/airflow/dags/scd_snapshots.py                                    1           0  0.06s           2026-05-28T14:38:14
================================================================================
[2026-05-28T14:38:50.431+0000] {manager.py:878} INFO - 
================================================================================
DAG File Processing Stats

File Path                                    PID    Runtime      # DAGs    # Errors  Last Runtime    Last Run
-------------------------------------------  -----  ---------  --------  ----------  --------------  -------------------
/opt/airflow/dags/minio_to_snowflake_dag.py                           1           0  0.30s           2026-05-28T14:38:48
/opt/airflow/dags/scd_snapshots.py                                    1           0  0.08s           2026-05-28T14:38:44
================================================================================
[2026-05-28T14:39:20.662+0000] {manager.py:878} INFO - 
================================================================================
DAG File Processing Stats

File Path                                    PID    Runtime      # DAGs    # Errors  Last Runtime    Last Run
-------------------------------------------  -----  ---------  --------  ----------  --------------  -------------------
/opt/airflow/dags/minio_to_snowflake_dag.py                           1           0  0.29s           2026-05-28T14:39:19
/opt/airflow/dags/scd_snapshots.py                                    1           0  0.06s           2026-05-28T14:39:14
================================================================================
[2026-05-28T14:39:50.938+0000] {manager.py:878} INFO - 
================================================================================
DAG File Processing Stats

File Path                                    PID    Runtime      # DAGs    # Errors  Last Runtime    Last Run
-------------------------------------------  -----  ---------  --------  ----------  --------------  -------------------
/opt/airflow/dags/minio_to_snowflake_dag.py                           1           0  0.26s           2026-05-28T14:39:50
/opt/airflow/dags/scd_snapshots.py                                    1           0  0.06s           2026-05-28T14:39:44
================================================================================
[2026-05-28T14:40:21.235+0000] {manager.py:878} INFO - 
================================================================================
DAG File Processing Stats

File Path                                    PID    Runtime      # DAGs    # Errors  Last Runtime    Last Run
-------------------------------------------  -----  ---------  --------  ----------  --------------  -------------------
/opt/airflow/dags/minio_to_snowflake_dag.py                           1           0  0.27s           2026-05-28T14:40:20
/opt/airflow/dags/scd_snapshots.py                                    1           0  0.07s           2026-05-28T14:40:15
================================================================================
[2026-05-28T14:40:51.534+0000] {manager.py:878} INFO - 
================================================================================
DAG File Processing Stats

File Path                                    PID    Runtime      # DAGs    # Errors  Last Runtime    Last Run
-------------------------------------------  -----  ---------  --------  ----------  --------------  -------------------
/opt/airflow/dags/minio_to_snowflake_dag.py                           1           0  0.27s           2026-05-28T14:40:50
/opt/airflow/dags/scd_snapshots.py                                    1           0  0.06s           2026-05-28T14:40:45
================================================================================
[2026-05-28T14:41:06.894+0000] {manager.py:737} INFO - Searching for files in /opt/airflow/dags
[2026-05-28T14:41:06.910+0000] {manager.py:740} INFO - There are 2 files in /opt/airflow/dags
[2026-05-28T14:41:21.814+0000] {manager.py:878} INFO - 
================================================================================
DAG File Processing Stats

File Path                                    PID    Runtime      # DAGs    # Errors  Last Runtime    Last Run
-------------------------------------------  -----  ---------  --------  ----------  --------------  -------------------
/opt/airflow/dags/minio_to_snowflake_dag.py                           1           0  0.27s           2026-05-28T14:41:21
/opt/airflow/dags/scd_snapshots.py                                    1           0  0.06s           2026-05-28T14:41:15
================================================================================
[2026-05-28T14:41:52.106+0000] {manager.py:878} INFO - 
================================================================================
DAG File Processing Stats

File Path                                    PID    Runtime      # DAGs    # Errors  Last Runtime    Last Run
-------------------------------------------  -----  ---------  --------  ----------  --------------  -------------------
/opt/airflow/dags/minio_to_snowflake_dag.py                           1           0  0.27s           2026-05-28T14:41:51
/opt/airflow/dags/scd_snapshots.py                                    1           0  0.06s           2026-05-28T14:41:46
================================================================================
[2026-05-28T14:42:22.401+0000] {manager.py:878} INFO - 
================================================================================
DAG File Processing Stats

File Path                                    PID    Runtime      # DAGs    # Errors  Last Runtime    Last Run
-------------------------------------------  -----  ---------  --------  ----------  --------------  -------------------
/opt/airflow/dags/minio_to_snowflake_dag.py                           1           0  0.27s           2026-05-28T14:42:21
/opt/airflow/dags/scd_snapshots.py                                    1           0  0.06s           2026-05-28T14:42:16
================================================================================
[2026-05-28T14:42:52.697+0000] {manager.py:878} INFO - 
================================================================================
DAG File Processing Stats

File Path                                    PID    Runtime      # DAGs    # Errors  Last Runtime    Last Run
-------------------------------------------  -----  ---------  --------  ----------  --------------  -------------------
/opt/airflow/dags/minio_to_snowflake_dag.py                           1           0  0.28s           2026-05-28T14:42:51
/opt/airflow/dags/scd_snapshots.py                                    1           0  0.07s           2026-05-28T14:42:46
================================================================================
[2026-05-28T14:43:22.906+0000] {manager.py:878} INFO - 
================================================================================
DAG File Processing Stats

File Path                                      PID  Runtime      # DAGs    # Errors  Last Runtime    Last Run
-------------------------------------------  -----  ---------  --------  ----------  --------------  -------------------
/opt/airflow/dags/minio_to_snowflake_dag.py   1303  0.00s             1           0  0.28s           2026-05-28T14:42:51
/opt/airflow/dags/scd_snapshots.py                                    1           0  0.06s           2026-05-28T14:43:16
================================================================================
[2026-05-28T14:43:53.212+0000] {manager.py:878} INFO - 
================================================================================
DAG File Processing Stats

File Path                                      PID  Runtime      # DAGs    # Errors  Last Runtime    Last Run
-------------------------------------------  -----  ---------  --------  ----------  --------------  -------------------
/opt/airflow/dags/minio_to_snowflake_dag.py   1308  0.00s             1           0  0.29s           2026-05-28T14:43:23
/opt/airflow/dags/scd_snapshots.py                                    1           0  0.05s           2026-05-28T14:43:47
================================================================================
[2026-05-28T14:44:23.446+0000] {manager.py:878} INFO - 
================================================================================
DAG File Processing Stats

File Path                                    PID    Runtime      # DAGs    # Errors  Last Runtime    Last Run
-------------------------------------------  -----  ---------  --------  ----------  --------------  -------------------
/opt/airflow/dags/minio_to_snowflake_dag.py                           1           0  0.27s           2026-05-28T14:43:53
/opt/airflow/dags/scd_snapshots.py                                    1           0  0.06s           2026-05-28T14:44:17
================================================================================
[2026-05-28T14:44:53.725+0000] {manager.py:878} INFO - 
================================================================================
DAG File Processing Stats

File Path                                    PID    Runtime      # DAGs    # Errors  Last Runtime    Last Run
-------------------------------------------  -----  ---------  --------  ----------  --------------  -------------------
/opt/airflow/dags/minio_to_snowflake_dag.py                           1           0  0.27s           2026-05-28T14:44:23
/opt/airflow/dags/scd_snapshots.py                                    1           0  0.06s           2026-05-28T14:44:47
================================================================================
[2026-05-28T14:45:23.975+0000] {manager.py:878} INFO - 
================================================================================
DAG File Processing Stats

File Path                                    PID    Runtime      # DAGs    # Errors  Last Runtime    Last Run
-------------------------------------------  -----  ---------  --------  ----------  --------------  -------------------
/opt/airflow/dags/minio_to_snowflake_dag.py                           1           0  0.27s           2026-05-28T14:44:55
/opt/airflow/dags/scd_snapshots.py                                    1           0  0.04s           2026-05-28T14:45:17
================================================================================
[2026-05-28T14:45:54.246+0000] {manager.py:878} INFO - 
================================================================================
DAG File Processing Stats

File Path                                    PID    Runtime      # DAGs    # Errors  Last Runtime    Last Run
-------------------------------------------  -----  ---------  --------  ----------  --------------  -------------------
/opt/airflow/dags/minio_to_snowflake_dag.py                           1           0  0.27s           2026-05-28T14:45:25
/opt/airflow/dags/scd_snapshots.py                                    1           0  0.06s           2026-05-28T14:45:48
================================================================================
[2026-05-28T14:46:07.392+0000] {manager.py:737} INFO - Searching for files in /opt/airflow/dags
[2026-05-28T14:46:07.401+0000] {manager.py:740} INFO - There are 2 files in /opt/airflow/dags
[2026-05-28T14:46:24.549+0000] {manager.py:878} INFO - 
================================================================================
DAG File Processing Stats

File Path                                    PID    Runtime      # DAGs    # Errors  Last Runtime    Last Run
-------------------------------------------  -----  ---------  --------  ----------  --------------  -------------------
/opt/airflow/dags/minio_to_snowflake_dag.py                           1           0  0.27s           2026-05-28T14:45:55
/opt/airflow/dags/scd_snapshots.py                                    1           0  0.07s           2026-05-28T14:46:18
================================================================================
[2026-05-28T14:46:54.842+0000] {manager.py:878} INFO - 
================================================================================
DAG File Processing Stats

File Path                                    PID    Runtime      # DAGs    # Errors  Last Runtime    Last Run
-------------------------------------------  -----  ---------  --------  ----------  --------------  -------------------
/opt/airflow/dags/minio_to_snowflake_dag.py                           1           0  0.27s           2026-05-28T14:46:25
/opt/airflow/dags/scd_snapshots.py                                    1           0  0.05s           2026-05-28T14:46:48
================================================================================
[2026-05-28T14:47:25.082+0000] {manager.py:878} INFO - 
================================================================================
DAG File Processing Stats

File Path                                    PID    Runtime      # DAGs    # Errors  Last Runtime    Last Run
-------------------------------------------  -----  ---------  --------  ----------  --------------  -------------------
/opt/airflow/dags/minio_to_snowflake_dag.py                           1           0  0.27s           2026-05-28T14:46:56
/opt/airflow/dags/scd_snapshots.py                                    1           0  0.06s           2026-05-28T14:47:19
================================================================================
[2026-05-28T14:47:55.313+0000] {manager.py:878} INFO - 
================================================================================
DAG File Processing Stats

File Path                                    PID    Runtime      # DAGs    # Errors  Last Runtime    Last Run
-------------------------------------------  -----  ---------  --------  ----------  --------------  -------------------
/opt/airflow/dags/minio_to_snowflake_dag.py                           1           0  0.27s           2026-05-28T14:47:27
/opt/airflow/dags/scd_snapshots.py                                    1           0  0.05s           2026-05-28T14:47:49
================================================================================
[2026-05-28T14:48:25.526+0000] {manager.py:878} INFO - 
================================================================================
DAG File Processing Stats

File Path                                    PID    Runtime      # DAGs    # Errors  Last Runtime    Last Run
-------------------------------------------  -----  ---------  --------  ----------  --------------  -------------------
/opt/airflow/dags/minio_to_snowflake_dag.py                           1           0  0.27s           2026-05-28T14:47:58
/opt/airflow/dags/scd_snapshots.py                                    1           0  0.06s           2026-05-28T14:48:19
================================================================================
[2026-05-28T14:48:55.775+0000] {manager.py:878} INFO - 
================================================================================
DAG File Processing Stats

File Path                                    PID    Runtime      # DAGs    # Errors  Last Runtime    Last Run
-------------------------------------------  -----  ---------  --------  ----------  --------------  -------------------
/opt/airflow/dags/minio_to_snowflake_dag.py                           1           0  0.26s           2026-05-28T14:48:29
/opt/airflow/dags/scd_snapshots.py                                    1           0  0.05s           2026-05-28T14:48:49
================================================================================
[2026-05-28T14:49:26.023+0000] {manager.py:878} INFO - 
================================================================================
DAG File Processing Stats

File Path                                    PID    Runtime      # DAGs    # Errors  Last Runtime    Last Run
-------------------------------------------  -----  ---------  --------  ----------  --------------  -------------------
/opt/airflow/dags/minio_to_snowflake_dag.py                           1           0  0.27s           2026-05-28T14:49:00
/opt/airflow/dags/scd_snapshots.py                                    1           0  0.06s           2026-05-28T14:49:20
================================================================================
[2026-05-28T14:49:56.266+0000] {manager.py:878} INFO - 
================================================================================
DAG File Processing Stats

File Path                                    PID    Runtime      # DAGs    # Errors  Last Runtime    Last Run
-------------------------------------------  -----  ---------  --------  ----------  --------------  -------------------
/opt/airflow/dags/minio_to_snowflake_dag.py                           1           0  0.26s           2026-05-28T14:49:31
/opt/airflow/dags/scd_snapshots.py                                    1           0  0.05s           2026-05-28T14:49:50
================================================================================
[2026-05-28T14:50:26.549+0000] {manager.py:878} INFO - 
================================================================================
DAG File Processing Stats

File Path                                    PID    Runtime      # DAGs    # Errors  Last Runtime    Last Run
-------------------------------------------  -----  ---------  --------  ----------  --------------  -------------------
/opt/airflow/dags/minio_to_snowflake_dag.py                           1           0  0.26s           2026-05-28T14:50:01
/opt/airflow/dags/scd_snapshots.py                                    1           0  0.06s           2026-05-28T14:50:20
================================================================================
[2026-05-28T14:50:56.846+0000] {manager.py:878} INFO - 
================================================================================
DAG File Processing Stats

File Path                                    PID    Runtime      # DAGs    # Errors  Last Runtime    Last Run
-------------------------------------------  -----  ---------  --------  ----------  --------------  -------------------
/opt/airflow/dags/minio_to_snowflake_dag.py                           1           0  0.27s           2026-05-28T14:50:31
/opt/airflow/dags/scd_snapshots.py                                    1           0  0.06s           2026-05-28T14:50:50
================================================================================
[2026-05-28T14:51:07.980+0000] {manager.py:737} INFO - Searching for files in /opt/airflow/dags
[2026-05-28T14:51:07.991+0000] {manager.py:740} INFO - There are 2 files in /opt/airflow/dags
[2026-05-28T14:51:27.135+0000] {manager.py:878} INFO - 
================================================================================
DAG File Processing Stats

File Path                                    PID    Runtime      # DAGs    # Errors  Last Runtime    Last Run
-------------------------------------------  -----  ---------  --------  ----------  --------------  -------------------
/opt/airflow/dags/minio_to_snowflake_dag.py                           1           0  0.28s           2026-05-28T14:51:02
/opt/airflow/dags/scd_snapshots.py                                    1           0  0.06s           2026-05-28T14:51:21
================================================================================
[2026-05-28T14:51:57.433+0000] {manager.py:878} INFO - 
================================================================================
DAG File Processing Stats

File Path                                    PID    Runtime      # DAGs    # Errors  Last Runtime    Last Run
-------------------------------------------  -----  ---------  --------  ----------  --------------  -------------------
/opt/airflow/dags/minio_to_snowflake_dag.py                           1           0  0.25s           2026-05-28T14:51:32
/opt/airflow/dags/scd_snapshots.py                                    1           0  0.06s           2026-05-28T14:51:51
================================================================================
[2026-05-28T14:52:27.745+0000] {manager.py:878} INFO - 
================================================================================
DAG File Processing Stats

File Path                                    PID    Runtime      # DAGs    # Errors  Last Runtime    Last Run
-------------------------------------------  -----  ---------  --------  ----------  --------------  -------------------
/opt/airflow/dags/minio_to_snowflake_dag.py                           1           0  0.25s           2026-05-28T14:52:02
/opt/airflow/dags/scd_snapshots.py                                    1           0  0.06s           2026-05-28T14:52:21
================================================================================
[2026-05-28T14:52:58.033+0000] {manager.py:878} INFO - 
================================================================================
DAG File Processing Stats

File Path                                    PID    Runtime      # DAGs    # Errors  Last Runtime    Last Run
-------------------------------------------  -----  ---------  --------  ----------  --------------  -------------------
/opt/airflow/dags/minio_to_snowflake_dag.py                           1           0  0.27s           2026-05-28T14:52:33
/opt/airflow/dags/scd_snapshots.py                                    1           0  0.07s           2026-05-28T14:52:52
================================================================================
[2026-05-28T14:53:28.299+0000] {manager.py:878} INFO - 
================================================================================
DAG File Processing Stats

File Path                                    PID    Runtime      # DAGs    # Errors  Last Runtime    Last Run
-------------------------------------------  -----  ---------  --------  ----------  --------------  -------------------
/opt/airflow/dags/minio_to_snowflake_dag.py                           1           0  0.27s           2026-05-28T14:53:03
/opt/airflow/dags/scd_snapshots.py                                    1           0  0.04s           2026-05-28T14:53:22
================================================================================
[2026-05-28T14:53:58.564+0000] {manager.py:878} INFO - 
================================================================================
DAG File Processing Stats

File Path                                    PID    Runtime      # DAGs    # Errors  Last Runtime    Last Run
-------------------------------------------  -----  ---------  --------  ----------  --------------  -------------------
/opt/airflow/dags/minio_to_snowflake_dag.py                           1           0  0.26s           2026-05-28T14:53:33
/opt/airflow/dags/scd_snapshots.py                                    1           0  0.06s           2026-05-28T14:53:52
================================================================================
[2026-05-28T14:54:28.903+0000] {manager.py:878} INFO - 
================================================================================
DAG File Processing Stats

File Path                                    PID    Runtime      # DAGs    # Errors  Last Runtime    Last Run
-------------------------------------------  -----  ---------  --------  ----------  --------------  -------------------
/opt/airflow/dags/minio_to_snowflake_dag.py                           1           0  0.25s           2026-05-28T14:54:03
/opt/airflow/dags/scd_snapshots.py                                    1           0  0.06s           2026-05-28T14:54:22
================================================================================
[2026-05-28T14:54:59.201+0000] {manager.py:878} INFO - 
================================================================================
DAG File Processing Stats

File Path                                    PID    Runtime      # DAGs    # Errors  Last Runtime    Last Run
-------------------------------------------  -----  ---------  --------  ----------  --------------  -------------------
/opt/airflow/dags/minio_to_snowflake_dag.py                           1           0  0.27s           2026-05-28T14:54:34
/opt/airflow/dags/scd_snapshots.py                                    1           0  0.06s           2026-05-28T14:54:53
================================================================================
[2026-05-28T14:55:29.485+0000] {manager.py:878} INFO - 
================================================================================
DAG File Processing Stats

File Path                                    PID    Runtime      # DAGs    # Errors  Last Runtime    Last Run
-------------------------------------------  -----  ---------  --------  ----------  --------------  -------------------
/opt/airflow/dags/minio_to_snowflake_dag.py                           1           0  0.27s           2026-05-28T14:55:04
/opt/airflow/dags/scd_snapshots.py                                    1           0  0.06s           2026-05-28T14:55:23
================================================================================
[2026-05-28T14:55:59.760+0000] {manager.py:878} INFO - 
================================================================================
DAG File Processing Stats

File Path                                    PID    Runtime      # DAGs    # Errors  Last Runtime    Last Run
-------------------------------------------  -----  ---------  --------  ----------  --------------  -------------------
/opt/airflow/dags/minio_to_snowflake_dag.py                           1           0  0.27s           2026-05-28T14:55:34
/opt/airflow/dags/scd_snapshots.py                                    1           0  0.06s           2026-05-28T14:55:53
================================================================================
[2026-05-28T14:56:08.107+0000] {manager.py:737} INFO - Searching for files in /opt/airflow/dags
[2026-05-28T14:56:08.120+0000] {manager.py:740} INFO - There are 2 files in /opt/airflow/dags
[2026-05-28T14:56:30.042+0000] {manager.py:878} INFO - 
================================================================================
DAG File Processing Stats

File Path                                    PID    Runtime      # DAGs    # Errors  Last Runtime    Last Run
-------------------------------------------  -----  ---------  --------  ----------  --------------  -------------------
/opt/airflow/dags/minio_to_snowflake_dag.py                           1           0  0.27s           2026-05-28T14:56:05
/opt/airflow/dags/scd_snapshots.py                                    1           0  0.07s           2026-05-28T14:56:24
================================================================================
[2026-05-28T14:57:00.327+0000] {manager.py:878} INFO - 
================================================================================
DAG File Processing Stats

File Path                                    PID    Runtime      # DAGs    # Errors  Last Runtime    Last Run
-------------------------------------------  -----  ---------  --------  ----------  --------------  -------------------
/opt/airflow/dags/minio_to_snowflake_dag.py                           1           0  0.27s           2026-05-28T14:56:35
/opt/airflow/dags/scd_snapshots.py                                    1           0  0.06s           2026-05-28T14:56:54
================================================================================
[2026-05-28T14:57:30.590+0000] {manager.py:878} INFO - 
================================================================================
DAG File Processing Stats

File Path                                    PID    Runtime      # DAGs    # Errors  Last Runtime    Last Run
-------------------------------------------  -----  ---------  --------  ----------  --------------  -------------------
/opt/airflow/dags/minio_to_snowflake_dag.py                           1           0  0.27s           2026-05-28T14:57:05
/opt/airflow/dags/scd_snapshots.py                                    1           0  0.06s           2026-05-28T14:57:24
================================================================================
[2026-05-28T14:58:00.855+0000] {manager.py:878} INFO - 
================================================================================
DAG File Processing Stats

File Path                                    PID    Runtime      # DAGs    # Errors  Last Runtime    Last Run
-------------------------------------------  -----  ---------  --------  ----------  --------------  -------------------
/opt/airflow/dags/minio_to_snowflake_dag.py                           1           0  0.32s           2026-05-28T14:57:35
/opt/airflow/dags/scd_snapshots.py                                    1           0  0.07s           2026-05-28T14:57:54
================================================================================
[2026-05-28T14:58:31.120+0000] {manager.py:878} INFO - 
================================================================================
DAG File Processing Stats

File Path                                    PID    Runtime      # DAGs    # Errors  Last Runtime    Last Run
-------------------------------------------  -----  ---------  --------  ----------  --------------  -------------------
/opt/airflow/dags/minio_to_snowflake_dag.py                           1           0  0.29s           2026-05-28T14:58:07
/opt/airflow/dags/scd_snapshots.py                                    1           0  0.06s           2026-05-28T14:58:25
================================================================================
[2026-05-28T14:59:01.395+0000] {manager.py:878} INFO - 
================================================================================
DAG File Processing Stats

File Path                                    PID    Runtime      # DAGs    # Errors  Last Runtime    Last Run
-------------------------------------------  -----  ---------  --------  ----------  --------------  -------------------
/opt/airflow/dags/minio_to_snowflake_dag.py                           1           0  0.30s           2026-05-28T14:58:37
/opt/airflow/dags/scd_snapshots.py                                    1           0  0.05s           2026-05-28T14:58:55
================================================================================
[2026-05-28T14:59:31.639+0000] {manager.py:878} INFO - 
================================================================================
DAG File Processing Stats

File Path                                    PID    Runtime      # DAGs    # Errors  Last Runtime    Last Run
-------------------------------------------  -----  ---------  --------  ----------  --------------  -------------------
/opt/airflow/dags/minio_to_snowflake_dag.py                           1           0  0.32s           2026-05-28T14:59:08
/opt/airflow/dags/scd_snapshots.py                                    1           0  0.05s           2026-05-28T14:59:25
================================================================================
[2026-05-28T15:00:01.859+0000] {manager.py:878} INFO - 
================================================================================
DAG File Processing Stats

File Path                                    PID    Runtime      # DAGs    # Errors  Last Runtime    Last Run
-------------------------------------------  -----  ---------  --------  ----------  --------------  -------------------
/opt/airflow/dags/minio_to_snowflake_dag.py                           1           0  0.27s           2026-05-28T14:59:39
/opt/airflow/dags/scd_snapshots.py                                    1           0  0.05s           2026-05-28T14:59:55
================================================================================
[2026-05-28T15:00:32.073+0000] {manager.py:878} INFO - 
================================================================================
DAG File Processing Stats

File Path                                    PID    Runtime      # DAGs    # Errors  Last Runtime    Last Run
-------------------------------------------  -----  ---------  --------  ----------  --------------  -------------------
/opt/airflow/dags/minio_to_snowflake_dag.py                           1           0  0.29s           2026-05-28T15:00:11
/opt/airflow/dags/scd_snapshots.py                                    1           0  0.05s           2026-05-28T15:00:26
================================================================================
[2026-05-28T15:01:02.317+0000] {manager.py:878} INFO - 
================================================================================
DAG File Processing Stats

File Path                                    PID    Runtime      # DAGs    # Errors  Last Runtime    Last Run
-------------------------------------------  -----  ---------  --------  ----------  --------------  -------------------
/opt/airflow/dags/minio_to_snowflake_dag.py                           1           0  0.28s           2026-05-28T15:00:42
/opt/airflow/dags/scd_snapshots.py                                    1           0  0.07s           2026-05-28T15:00:56
================================================================================
[2026-05-28T15:01:08.367+0000] {manager.py:737} INFO - Searching for files in /opt/airflow/dags
[2026-05-28T15:01:08.383+0000] {manager.py:740} INFO - There are 2 files in /opt/airflow/dags
[2026-05-28T15:01:32.584+0000] {manager.py:878} INFO - 
================================================================================
DAG File Processing Stats

File Path                                    PID    Runtime      # DAGs    # Errors  Last Runtime    Last Run
-------------------------------------------  -----  ---------  --------  ----------  --------------  -------------------
/opt/airflow/dags/minio_to_snowflake_dag.py                           1           0  0.28s           2026-05-28T15:01:12
/opt/airflow/dags/scd_snapshots.py                                    1           0  0.06s           2026-05-28T15:01:26
================================================================================
[2026-05-28T15:02:02.820+0000] {manager.py:878} INFO - 
================================================================================
DAG File Processing Stats

File Path                                    PID    Runtime      # DAGs    # Errors  Last Runtime    Last Run
-------------------------------------------  -----  ---------  --------  ----------  --------------  -------------------
/opt/airflow/dags/minio_to_snowflake_dag.py                           1           0  0.30s           2026-05-28T15:01:43
/opt/airflow/dags/scd_snapshots.py                                    1           0  0.07s           2026-05-28T15:01:56
================================================================================
[2026-05-28T15:02:33.140+0000] {manager.py:878} INFO - 
================================================================================
DAG File Processing Stats

File Path                                    PID    Runtime      # DAGs    # Errors  Last Runtime    Last Run
-------------------------------------------  -----  ---------  --------  ----------  --------------  -------------------
/opt/airflow/dags/minio_to_snowflake_dag.py                           1           0  0.28s           2026-05-28T15:02:14
/opt/airflow/dags/scd_snapshots.py                                    1           0  0.06s           2026-05-28T15:02:27
================================================================================
[2026-05-28T15:03:03.424+0000] {manager.py:878} INFO - 
================================================================================
DAG File Processing Stats

File Path                                    PID    Runtime      # DAGs    # Errors  Last Runtime    Last Run
-------------------------------------------  -----  ---------  --------  ----------  --------------  -------------------
/opt/airflow/dags/minio_to_snowflake_dag.py                           1           0  0.28s           2026-05-28T15:02:44
/opt/airflow/dags/scd_snapshots.py                                    1           0  0.07s           2026-05-28T15:02:57
================================================================================
[2026-05-28T15:03:33.668+0000] {manager.py:878} INFO - 
================================================================================
DAG File Processing Stats

File Path                                    PID    Runtime      # DAGs    # Errors  Last Runtime    Last Run
-------------------------------------------  -----  ---------  --------  ----------  --------------  -------------------
/opt/airflow/dags/minio_to_snowflake_dag.py                           1           0  0.27s           2026-05-28T15:03:15
/opt/airflow/dags/scd_snapshots.py                                    1           0  0.06s           2026-05-28T15:03:27
================================================================================
[2026-05-28T15:04:03.941+0000] {manager.py:878} INFO - 
================================================================================
DAG File Processing Stats

File Path                                    PID    Runtime      # DAGs    # Errors  Last Runtime    Last Run
-------------------------------------------  -----  ---------  --------  ----------  --------------  -------------------
/opt/airflow/dags/minio_to_snowflake_dag.py                           1           0  0.28s           2026-05-28T15:03:46
/opt/airflow/dags/scd_snapshots.py                                    1           0  0.07s           2026-05-28T15:03:57
================================================================================
[2026-05-28T15:04:34.199+0000] {manager.py:878} INFO - 
================================================================================
DAG File Processing Stats

File Path                                    PID    Runtime      # DAGs    # Errors  Last Runtime    Last Run
-------------------------------------------  -----  ---------  --------  ----------  --------------  -------------------
/opt/airflow/dags/minio_to_snowflake_dag.py                           1           0  0.30s           2026-05-28T15:04:17
/opt/airflow/dags/scd_snapshots.py                                    1           0  0.06s           2026-05-28T15:04:28
================================================================================
[2026-05-28T15:05:04.444+0000] {manager.py:878} INFO - 
================================================================================
DAG File Processing Stats

File Path                                    PID    Runtime      # DAGs    # Errors  Last Runtime    Last Run
-------------------------------------------  -----  ---------  --------  ----------  --------------  -------------------
/opt/airflow/dags/minio_to_snowflake_dag.py                           1           0  0.27s           2026-05-28T15:04:48
/opt/airflow/dags/scd_snapshots.py                                    1           0  0.06s           2026-05-28T15:04:58
================================================================================
[2026-05-28T15:05:34.668+0000] {manager.py:878} INFO - 
================================================================================
DAG File Processing Stats

File Path                                    PID    Runtime      # DAGs    # Errors  Last Runtime    Last Run
-------------------------------------------  -----  ---------  --------  ----------  --------------  -------------------
/opt/airflow/dags/minio_to_snowflake_dag.py                           1           0  0.30s           2026-05-28T15:05:19
/opt/airflow/dags/scd_snapshots.py                                    1           0  0.07s           2026-05-28T15:05:28
================================================================================
[2026-05-28T15:06:04.890+0000] {manager.py:878} INFO - 
================================================================================
DAG File Processing Stats

File Path                                    PID    Runtime      # DAGs    # Errors  Last Runtime    Last Run
-------------------------------------------  -----  ---------  --------  ----------  --------------  -------------------
/opt/airflow/dags/minio_to_snowflake_dag.py                           1           0  0.26s           2026-05-28T15:05:51
/opt/airflow/dags/scd_snapshots.py                                    1           0  0.06s           2026-05-28T15:05:58
================================================================================
[2026-05-28T15:06:08.916+0000] {manager.py:737} INFO - Searching for files in /opt/airflow/dags
[2026-05-28T15:06:08.926+0000] {manager.py:740} INFO - There are 2 files in /opt/airflow/dags
[2026-05-28T15:06:35.144+0000] {manager.py:878} INFO - 
================================================================================
DAG File Processing Stats

File Path                                    PID    Runtime      # DAGs    # Errors  Last Runtime    Last Run
-------------------------------------------  -----  ---------  --------  ----------  --------------  -------------------
/opt/airflow/dags/minio_to_snowflake_dag.py                           1           0  0.33s           2026-05-28T15:06:21
/opt/airflow/dags/scd_snapshots.py                                    1           0  0.06s           2026-05-28T15:06:29
================================================================================
[2026-05-28T15:07:05.405+0000] {manager.py:878} INFO - 
================================================================================
DAG File Processing Stats

File Path                                    PID    Runtime      # DAGs    # Errors  Last Runtime    Last Run
-------------------------------------------  -----  ---------  --------  ----------  --------------  -------------------
/opt/airflow/dags/minio_to_snowflake_dag.py                           1           0  0.28s           2026-05-28T15:06:52
/opt/airflow/dags/scd_snapshots.py                                    1           0  0.06s           2026-05-28T15:06:59
================================================================================
[2026-05-28T15:07:35.629+0000] {manager.py:878} INFO - 
================================================================================
DAG File Processing Stats

File Path                                    PID    Runtime      # DAGs    # Errors  Last Runtime    Last Run
-------------------------------------------  -----  ---------  --------  ----------  --------------  -------------------
/opt/airflow/dags/minio_to_snowflake_dag.py                           1           0  0.28s           2026-05-28T15:07:23
/opt/airflow/dags/scd_snapshots.py                                    1           0  0.04s           2026-05-28T15:07:29
================================================================================
[2026-05-28T15:08:05.855+0000] {manager.py:878} INFO - 
================================================================================
DAG File Processing Stats

File Path                                    PID    Runtime      # DAGs    # Errors  Last Runtime    Last Run
-------------------------------------------  -----  ---------  --------  ----------  --------------  -------------------
/opt/airflow/dags/minio_to_snowflake_dag.py                           1           0  0.28s           2026-05-28T15:07:55
/opt/airflow/dags/scd_snapshots.py                                    1           0  0.07s           2026-05-28T15:07:59
================================================================================
[2026-05-28T15:08:36.107+0000] {manager.py:878} INFO - 
================================================================================
DAG File Processing Stats

File Path                                    PID    Runtime      # DAGs    # Errors  Last Runtime    Last Run
-------------------------------------------  -----  ---------  --------  ----------  --------------  -------------------
/opt/airflow/dags/minio_to_snowflake_dag.py                           1           0  0.28s           2026-05-28T15:08:26
/opt/airflow/dags/scd_snapshots.py                                    1           0  0.07s           2026-05-28T15:08:30
================================================================================
[2026-05-28T15:09:06.369+0000] {manager.py:878} INFO - 
================================================================================
DAG File Processing Stats

File Path                                    PID    Runtime      # DAGs    # Errors  Last Runtime    Last Run
-------------------------------------------  -----  ---------  --------  ----------  --------------  -------------------
/opt/airflow/dags/minio_to_snowflake_dag.py                           1           0  0.30s           2026-05-28T15:08:56
/opt/airflow/dags/scd_snapshots.py                                    1           0  0.07s           2026-05-28T15:09:00
================================================================================
[2026-05-28T15:09:36.594+0000] {manager.py:878} INFO - 
================================================================================
DAG File Processing Stats

File Path                                    PID    Runtime      # DAGs    # Errors  Last Runtime    Last Run
-------------------------------------------  -----  ---------  --------  ----------  --------------  -------------------
/opt/airflow/dags/minio_to_snowflake_dag.py                           1           0  0.30s           2026-05-28T15:09:27
/opt/airflow/dags/scd_snapshots.py                                    1           0  0.06s           2026-05-28T15:09:30
================================================================================
[2026-05-28T15:10:06.831+0000] {manager.py:878} INFO - 
================================================================================
DAG File Processing Stats

File Path                                    PID    Runtime      # DAGs    # Errors  Last Runtime    Last Run
-------------------------------------------  -----  ---------  --------  ----------  --------------  -------------------
/opt/airflow/dags/minio_to_snowflake_dag.py                           1           0  0.30s           2026-05-28T15:09:59
/opt/airflow/dags/scd_snapshots.py                                    1           0  0.05s           2026-05-28T15:10:00
================================================================================
[2026-05-28T15:10:37.070+0000] {manager.py:878} INFO - 
================================================================================
DAG File Processing Stats

File Path                                    PID    Runtime      # DAGs    # Errors  Last Runtime    Last Run
-------------------------------------------  -----  ---------  --------  ----------  --------------  -------------------
/opt/airflow/dags/minio_to_snowflake_dag.py                           1           0  0.27s           2026-05-28T15:10:30
/opt/airflow/dags/scd_snapshots.py                                    1           0  0.06s           2026-05-28T15:10:31
================================================================================
[2026-05-28T15:11:07.360+0000] {manager.py:878} INFO - 
================================================================================
DAG File Processing Stats

File Path                                    PID    Runtime      # DAGs    # Errors  Last Runtime    Last Run
-------------------------------------------  -----  ---------  --------  ----------  --------------  -------------------
/opt/airflow/dags/minio_to_snowflake_dag.py                           1           0  0.27s           2026-05-28T15:11:01
/opt/airflow/dags/scd_snapshots.py                                    1           0  0.07s           2026-05-28T15:11:01
================================================================================
[2026-05-28T15:11:09.372+0000] {manager.py:737} INFO - Searching for files in /opt/airflow/dags
[2026-05-28T15:11:09.379+0000] {manager.py:740} INFO - There are 2 files in /opt/airflow/dags
[2026-05-28T15:11:37.663+0000] {manager.py:878} INFO - 
================================================================================
DAG File Processing Stats

File Path                                    PID    Runtime      # DAGs    # Errors  Last Runtime    Last Run
-------------------------------------------  -----  ---------  --------  ----------  --------------  -------------------
/opt/airflow/dags/minio_to_snowflake_dag.py                           1           0  0.28s           2026-05-28T15:11:31
/opt/airflow/dags/scd_snapshots.py                                    1           0  0.06s           2026-05-28T15:11:31
================================================================================
[2026-05-28T19:23:29.150+0000] {manager.py:470} INFO - Processing files using up to 2 processes at a time 
[2026-05-28T19:23:29.151+0000] {manager.py:471} INFO - Process each file at most once every 30 seconds
[2026-05-28T19:23:29.151+0000] {manager.py:472} INFO - Checking for new files in /opt/airflow/dags every 300 seconds
[2026-05-28T19:23:29.152+0000] {manager.py:737} INFO - Searching for files in /opt/airflow/dags
[2026-05-28T19:23:29.166+0000] {manager.py:740} INFO - There are 2 files in /opt/airflow/dags
[2026-05-28T19:23:30.214+0000] {manager.py:452} INFO - Exiting gracefully upon receiving signal 15
