[2026-05-27T12:23:06.321+0000] {processor.py:161} INFO - Started process (PID=31) to work on /opt/airflow/dags/minio_to_snowflake_dag.py
[2026-05-27T12:23:06.322+0000] {processor.py:830} INFO - Processing file /opt/airflow/dags/minio_to_snowflake_dag.py for tasks to queue
[2026-05-27T12:23:06.323+0000] {logging_mixin.py:188} INFO - [2026-05-27T12:23:06.323+0000] {dagbag.py:545} INFO - Filling up the DagBag from /opt/airflow/dags/minio_to_snowflake_dag.py
[2026-05-27T12:23:07.126+0000] {processor.py:840} INFO - DAG(s) 'minio_to_snowflake_banking' retrieved from /opt/airflow/dags/minio_to_snowflake_dag.py
[2026-05-27T12:23:07.210+0000] {logging_mixin.py:188} INFO - [2026-05-27T12:23:07.210+0000] {override.py:1858} INFO - Created Permission View: can read on DAG:minio_to_snowflake_banking
[2026-05-27T12:23:07.213+0000] {logging_mixin.py:188} INFO - [2026-05-27T12:23:07.213+0000] {override.py:1858} INFO - Created Permission View: can edit on DAG:minio_to_snowflake_banking
[2026-05-27T12:23:07.214+0000] {logging_mixin.py:188} INFO - [2026-05-27T12:23:07.214+0000] {override.py:1858} INFO - Created Permission View: can delete on DAG:minio_to_snowflake_banking
[2026-05-27T12:23:07.214+0000] {logging_mixin.py:188} INFO - [2026-05-27T12:23:07.214+0000] {dag.py:3089} INFO - Sync 1 DAGs
[2026-05-27T12:23:07.218+0000] {logging_mixin.py:188} INFO - [2026-05-27T12:23:07.218+0000] {dag.py:3111} INFO - Creating ORM DAG for minio_to_snowflake_banking
[2026-05-27T12:23:07.221+0000] {logging_mixin.py:188} INFO - [2026-05-27T12:23:07.221+0000] {dag.py:3947} INFO - Setting next_dagrun for minio_to_snowflake_banking to 2026-05-27 12:22:00+00:00, run_after=2026-05-27 12:23:00+00:00
[2026-05-27T12:23:07.226+0000] {processor.py:183} INFO - Processing /opt/airflow/dags/minio_to_snowflake_dag.py took 0.908 seconds
[2026-05-27T12:23:37.511+0000] {processor.py:161} INFO - Started process (PID=35) to work on /opt/airflow/dags/minio_to_snowflake_dag.py
[2026-05-27T12:23:37.511+0000] {processor.py:830} INFO - Processing file /opt/airflow/dags/minio_to_snowflake_dag.py for tasks to queue
[2026-05-27T12:23:37.513+0000] {logging_mixin.py:188} INFO - [2026-05-27T12:23:37.513+0000] {dagbag.py:545} INFO - Filling up the DagBag from /opt/airflow/dags/minio_to_snowflake_dag.py
[2026-05-27T12:23:37.775+0000] {processor.py:840} INFO - DAG(s) 'minio_to_snowflake_banking' retrieved from /opt/airflow/dags/minio_to_snowflake_dag.py
[2026-05-27T12:23:37.784+0000] {logging_mixin.py:188} INFO - [2026-05-27T12:23:37.783+0000] {dag.py:3089} INFO - Sync 1 DAGs
[2026-05-27T12:23:37.791+0000] {logging_mixin.py:188} INFO - [2026-05-27T12:23:37.791+0000] {dag.py:3947} INFO - Setting next_dagrun for minio_to_snowflake_banking to 2026-05-27 12:22:00+00:00, run_after=2026-05-27 12:23:00+00:00
[2026-05-27T12:23:37.797+0000] {processor.py:183} INFO - Processing /opt/airflow/dags/minio_to_snowflake_dag.py took 0.290 seconds
[2026-05-27T12:24:08.020+0000] {processor.py:161} INFO - Started process (PID=39) to work on /opt/airflow/dags/minio_to_snowflake_dag.py
[2026-05-27T12:24:08.021+0000] {processor.py:830} INFO - Processing file /opt/airflow/dags/minio_to_snowflake_dag.py for tasks to queue
[2026-05-27T12:24:08.023+0000] {logging_mixin.py:188} INFO - [2026-05-27T12:24:08.022+0000] {dagbag.py:545} INFO - Filling up the DagBag from /opt/airflow/dags/minio_to_snowflake_dag.py
[2026-05-27T12:24:08.252+0000] {processor.py:840} INFO - DAG(s) 'minio_to_snowflake_banking' retrieved from /opt/airflow/dags/minio_to_snowflake_dag.py
[2026-05-27T12:24:08.260+0000] {logging_mixin.py:188} INFO - [2026-05-27T12:24:08.260+0000] {dag.py:3089} INFO - Sync 1 DAGs
[2026-05-27T12:24:08.266+0000] {logging_mixin.py:188} INFO - [2026-05-27T12:24:08.266+0000] {dag.py:3947} INFO - Setting next_dagrun for minio_to_snowflake_banking to 2026-05-27 12:23:00+00:00, run_after=2026-05-27 12:24:00+00:00
[2026-05-27T12:24:08.271+0000] {processor.py:183} INFO - Processing /opt/airflow/dags/minio_to_snowflake_dag.py took 0.256 seconds
[2026-05-27T12:24:38.541+0000] {processor.py:161} INFO - Started process (PID=43) to work on /opt/airflow/dags/minio_to_snowflake_dag.py
[2026-05-27T12:24:38.542+0000] {processor.py:830} INFO - Processing file /opt/airflow/dags/minio_to_snowflake_dag.py for tasks to queue
[2026-05-27T12:24:38.543+0000] {logging_mixin.py:188} INFO - [2026-05-27T12:24:38.542+0000] {dagbag.py:545} INFO - Filling up the DagBag from /opt/airflow/dags/minio_to_snowflake_dag.py
[2026-05-27T12:24:38.804+0000] {processor.py:840} INFO - DAG(s) 'minio_to_snowflake_banking' retrieved from /opt/airflow/dags/minio_to_snowflake_dag.py
[2026-05-27T12:24:38.812+0000] {logging_mixin.py:188} INFO - [2026-05-27T12:24:38.812+0000] {dag.py:3089} INFO - Sync 1 DAGs
[2026-05-27T12:24:38.818+0000] {logging_mixin.py:188} INFO - [2026-05-27T12:24:38.818+0000] {dag.py:3947} INFO - Setting next_dagrun for minio_to_snowflake_banking to 2026-05-27 12:23:00+00:00, run_after=2026-05-27 12:24:00+00:00
[2026-05-27T12:24:38.823+0000] {processor.py:183} INFO - Processing /opt/airflow/dags/minio_to_snowflake_dag.py took 0.285 seconds
[2026-05-27T12:25:09.118+0000] {processor.py:161} INFO - Started process (PID=47) to work on /opt/airflow/dags/minio_to_snowflake_dag.py
[2026-05-27T12:25:09.120+0000] {processor.py:830} INFO - Processing file /opt/airflow/dags/minio_to_snowflake_dag.py for tasks to queue
[2026-05-27T12:25:09.121+0000] {logging_mixin.py:188} INFO - [2026-05-27T12:25:09.121+0000] {dagbag.py:545} INFO - Filling up the DagBag from /opt/airflow/dags/minio_to_snowflake_dag.py
[2026-05-27T12:25:09.389+0000] {processor.py:840} INFO - DAG(s) 'minio_to_snowflake_banking' retrieved from /opt/airflow/dags/minio_to_snowflake_dag.py
[2026-05-27T12:25:09.398+0000] {logging_mixin.py:188} INFO - [2026-05-27T12:25:09.398+0000] {dag.py:3089} INFO - Sync 1 DAGs
[2026-05-27T12:25:09.406+0000] {logging_mixin.py:188} INFO - [2026-05-27T12:25:09.406+0000] {dag.py:3947} INFO - Setting next_dagrun for minio_to_snowflake_banking to 2026-05-27 12:24:00+00:00, run_after=2026-05-27 12:25:00+00:00
[2026-05-27T12:25:09.412+0000] {processor.py:183} INFO - Processing /opt/airflow/dags/minio_to_snowflake_dag.py took 0.298 seconds
[2026-05-27T12:25:39.684+0000] {processor.py:161} INFO - Started process (PID=51) to work on /opt/airflow/dags/minio_to_snowflake_dag.py
[2026-05-27T12:25:39.684+0000] {processor.py:830} INFO - Processing file /opt/airflow/dags/minio_to_snowflake_dag.py for tasks to queue
[2026-05-27T12:25:39.686+0000] {logging_mixin.py:188} INFO - [2026-05-27T12:25:39.685+0000] {dagbag.py:545} INFO - Filling up the DagBag from /opt/airflow/dags/minio_to_snowflake_dag.py
[2026-05-27T12:25:39.935+0000] {processor.py:840} INFO - DAG(s) 'minio_to_snowflake_banking' retrieved from /opt/airflow/dags/minio_to_snowflake_dag.py
[2026-05-27T12:25:39.943+0000] {logging_mixin.py:188} INFO - [2026-05-27T12:25:39.943+0000] {dag.py:3089} INFO - Sync 1 DAGs
[2026-05-27T12:25:39.950+0000] {logging_mixin.py:188} INFO - [2026-05-27T12:25:39.950+0000] {dag.py:3947} INFO - Setting next_dagrun for minio_to_snowflake_banking to 2026-05-27 12:24:00+00:00, run_after=2026-05-27 12:25:00+00:00
[2026-05-27T12:25:39.956+0000] {processor.py:183} INFO - Processing /opt/airflow/dags/minio_to_snowflake_dag.py took 0.278 seconds
[2026-05-27T12:26:10.254+0000] {processor.py:161} INFO - Started process (PID=55) to work on /opt/airflow/dags/minio_to_snowflake_dag.py
[2026-05-27T12:26:10.255+0000] {processor.py:830} INFO - Processing file /opt/airflow/dags/minio_to_snowflake_dag.py for tasks to queue
[2026-05-27T12:26:10.257+0000] {logging_mixin.py:188} INFO - [2026-05-27T12:26:10.256+0000] {dagbag.py:545} INFO - Filling up the DagBag from /opt/airflow/dags/minio_to_snowflake_dag.py
[2026-05-27T12:26:10.494+0000] {processor.py:840} INFO - DAG(s) 'minio_to_snowflake_banking' retrieved from /opt/airflow/dags/minio_to_snowflake_dag.py
[2026-05-27T12:26:10.503+0000] {logging_mixin.py:188} INFO - [2026-05-27T12:26:10.503+0000] {dag.py:3089} INFO - Sync 1 DAGs
[2026-05-27T12:26:10.509+0000] {logging_mixin.py:188} INFO - [2026-05-27T12:26:10.509+0000] {dag.py:3947} INFO - Setting next_dagrun for minio_to_snowflake_banking to 2026-05-27 12:25:00+00:00, run_after=2026-05-27 12:26:00+00:00
[2026-05-27T12:26:10.515+0000] {processor.py:183} INFO - Processing /opt/airflow/dags/minio_to_snowflake_dag.py took 0.265 seconds
[2026-05-27T12:26:40.815+0000] {processor.py:161} INFO - Started process (PID=59) to work on /opt/airflow/dags/minio_to_snowflake_dag.py
[2026-05-27T12:26:40.816+0000] {processor.py:830} INFO - Processing file /opt/airflow/dags/minio_to_snowflake_dag.py for tasks to queue
[2026-05-27T12:26:40.817+0000] {logging_mixin.py:188} INFO - [2026-05-27T12:26:40.817+0000] {dagbag.py:545} INFO - Filling up the DagBag from /opt/airflow/dags/minio_to_snowflake_dag.py
[2026-05-27T12:26:41.061+0000] {processor.py:840} INFO - DAG(s) 'minio_to_snowflake_banking' retrieved from /opt/airflow/dags/minio_to_snowflake_dag.py
[2026-05-27T12:26:41.069+0000] {logging_mixin.py:188} INFO - [2026-05-27T12:26:41.068+0000] {dag.py:3089} INFO - Sync 1 DAGs
[2026-05-27T12:26:41.075+0000] {logging_mixin.py:188} INFO - [2026-05-27T12:26:41.075+0000] {dag.py:3947} INFO - Setting next_dagrun for minio_to_snowflake_banking to 2026-05-27 12:25:00+00:00, run_after=2026-05-27 12:26:00+00:00
[2026-05-27T12:26:41.080+0000] {processor.py:183} INFO - Processing /opt/airflow/dags/minio_to_snowflake_dag.py took 0.269 seconds
[2026-05-27T12:27:11.124+0000] {processor.py:161} INFO - Started process (PID=63) to work on /opt/airflow/dags/minio_to_snowflake_dag.py
[2026-05-27T12:27:11.125+0000] {processor.py:830} INFO - Processing file /opt/airflow/dags/minio_to_snowflake_dag.py for tasks to queue
[2026-05-27T12:27:11.126+0000] {logging_mixin.py:188} INFO - [2026-05-27T12:27:11.126+0000] {dagbag.py:545} INFO - Filling up the DagBag from /opt/airflow/dags/minio_to_snowflake_dag.py
[2026-05-27T12:27:11.366+0000] {processor.py:840} INFO - DAG(s) 'minio_to_snowflake_banking' retrieved from /opt/airflow/dags/minio_to_snowflake_dag.py
[2026-05-27T12:27:11.374+0000] {logging_mixin.py:188} INFO - [2026-05-27T12:27:11.374+0000] {dag.py:3089} INFO - Sync 1 DAGs
[2026-05-27T12:27:11.381+0000] {logging_mixin.py:188} INFO - [2026-05-27T12:27:11.381+0000] {dag.py:3947} INFO - Setting next_dagrun for minio_to_snowflake_banking to 2026-05-27 12:26:00+00:00, run_after=2026-05-27 12:27:00+00:00
[2026-05-27T12:27:11.387+0000] {processor.py:183} INFO - Processing /opt/airflow/dags/minio_to_snowflake_dag.py took 0.267 seconds
[2026-05-27T12:27:41.615+0000] {processor.py:161} INFO - Started process (PID=67) to work on /opt/airflow/dags/minio_to_snowflake_dag.py
[2026-05-27T12:27:41.616+0000] {processor.py:830} INFO - Processing file /opt/airflow/dags/minio_to_snowflake_dag.py for tasks to queue
[2026-05-27T12:27:41.617+0000] {logging_mixin.py:188} INFO - [2026-05-27T12:27:41.617+0000] {dagbag.py:545} INFO - Filling up the DagBag from /opt/airflow/dags/minio_to_snowflake_dag.py
[2026-05-27T12:27:41.855+0000] {processor.py:840} INFO - DAG(s) 'minio_to_snowflake_banking' retrieved from /opt/airflow/dags/minio_to_snowflake_dag.py
[2026-05-27T12:27:41.864+0000] {logging_mixin.py:188} INFO - [2026-05-27T12:27:41.863+0000] {dag.py:3089} INFO - Sync 1 DAGs
[2026-05-27T12:27:41.871+0000] {logging_mixin.py:188} INFO - [2026-05-27T12:27:41.871+0000] {dag.py:3947} INFO - Setting next_dagrun for minio_to_snowflake_banking to 2026-05-27 12:26:00+00:00, run_after=2026-05-27 12:27:00+00:00
[2026-05-27T12:27:41.876+0000] {processor.py:183} INFO - Processing /opt/airflow/dags/minio_to_snowflake_dag.py took 0.265 seconds
[2026-05-27T12:28:11.911+0000] {processor.py:161} INFO - Started process (PID=71) to work on /opt/airflow/dags/minio_to_snowflake_dag.py
[2026-05-27T12:28:11.913+0000] {processor.py:830} INFO - Processing file /opt/airflow/dags/minio_to_snowflake_dag.py for tasks to queue
[2026-05-27T12:28:11.914+0000] {logging_mixin.py:188} INFO - [2026-05-27T12:28:11.914+0000] {dagbag.py:545} INFO - Filling up the DagBag from /opt/airflow/dags/minio_to_snowflake_dag.py
[2026-05-27T12:28:12.143+0000] {processor.py:840} INFO - DAG(s) 'minio_to_snowflake_banking' retrieved from /opt/airflow/dags/minio_to_snowflake_dag.py
[2026-05-27T12:28:12.151+0000] {logging_mixin.py:188} INFO - [2026-05-27T12:28:12.151+0000] {dag.py:3089} INFO - Sync 1 DAGs
[2026-05-27T12:28:12.157+0000] {logging_mixin.py:188} INFO - [2026-05-27T12:28:12.157+0000] {dag.py:3947} INFO - Setting next_dagrun for minio_to_snowflake_banking to 2026-05-27 12:27:00+00:00, run_after=2026-05-27 12:28:00+00:00
[2026-05-27T12:28:12.162+0000] {processor.py:183} INFO - Processing /opt/airflow/dags/minio_to_snowflake_dag.py took 0.255 seconds
[2026-05-27T12:28:42.438+0000] {processor.py:161} INFO - Started process (PID=75) to work on /opt/airflow/dags/minio_to_snowflake_dag.py
[2026-05-27T12:28:42.439+0000] {processor.py:830} INFO - Processing file /opt/airflow/dags/minio_to_snowflake_dag.py for tasks to queue
[2026-05-27T12:28:42.440+0000] {logging_mixin.py:188} INFO - [2026-05-27T12:28:42.440+0000] {dagbag.py:545} INFO - Filling up the DagBag from /opt/airflow/dags/minio_to_snowflake_dag.py
[2026-05-27T12:28:42.686+0000] {processor.py:840} INFO - DAG(s) 'minio_to_snowflake_banking' retrieved from /opt/airflow/dags/minio_to_snowflake_dag.py
[2026-05-27T12:28:42.694+0000] {logging_mixin.py:188} INFO - [2026-05-27T12:28:42.693+0000] {dag.py:3089} INFO - Sync 1 DAGs
[2026-05-27T12:28:42.700+0000] {logging_mixin.py:188} INFO - [2026-05-27T12:28:42.700+0000] {dag.py:3947} INFO - Setting next_dagrun for minio_to_snowflake_banking to 2026-05-27 12:27:00+00:00, run_after=2026-05-27 12:28:00+00:00
[2026-05-27T12:28:42.705+0000] {processor.py:183} INFO - Processing /opt/airflow/dags/minio_to_snowflake_dag.py took 0.272 seconds
[2026-05-27T12:29:12.953+0000] {processor.py:161} INFO - Started process (PID=79) to work on /opt/airflow/dags/minio_to_snowflake_dag.py
[2026-05-27T12:29:12.954+0000] {processor.py:830} INFO - Processing file /opt/airflow/dags/minio_to_snowflake_dag.py for tasks to queue
[2026-05-27T12:29:12.955+0000] {logging_mixin.py:188} INFO - [2026-05-27T12:29:12.955+0000] {dagbag.py:545} INFO - Filling up the DagBag from /opt/airflow/dags/minio_to_snowflake_dag.py
[2026-05-27T12:29:13.182+0000] {processor.py:840} INFO - DAG(s) 'minio_to_snowflake_banking' retrieved from /opt/airflow/dags/minio_to_snowflake_dag.py
[2026-05-27T12:29:13.189+0000] {logging_mixin.py:188} INFO - [2026-05-27T12:29:13.189+0000] {dag.py:3089} INFO - Sync 1 DAGs
[2026-05-27T12:29:13.195+0000] {logging_mixin.py:188} INFO - [2026-05-27T12:29:13.195+0000] {dag.py:3947} INFO - Setting next_dagrun for minio_to_snowflake_banking to 2026-05-27 12:28:00+00:00, run_after=2026-05-27 12:29:00+00:00
[2026-05-27T12:29:13.201+0000] {processor.py:183} INFO - Processing /opt/airflow/dags/minio_to_snowflake_dag.py took 0.254 seconds
[2026-05-27T12:29:43.479+0000] {processor.py:161} INFO - Started process (PID=83) to work on /opt/airflow/dags/minio_to_snowflake_dag.py
[2026-05-27T12:29:43.480+0000] {processor.py:830} INFO - Processing file /opt/airflow/dags/minio_to_snowflake_dag.py for tasks to queue
[2026-05-27T12:29:43.480+0000] {logging_mixin.py:188} INFO - [2026-05-27T12:29:43.480+0000] {dagbag.py:545} INFO - Filling up the DagBag from /opt/airflow/dags/minio_to_snowflake_dag.py
[2026-05-27T12:29:43.694+0000] {processor.py:840} INFO - DAG(s) 'minio_to_snowflake_banking' retrieved from /opt/airflow/dags/minio_to_snowflake_dag.py
[2026-05-27T12:29:43.702+0000] {logging_mixin.py:188} INFO - [2026-05-27T12:29:43.702+0000] {dag.py:3089} INFO - Sync 1 DAGs
[2026-05-27T12:29:43.708+0000] {logging_mixin.py:188} INFO - [2026-05-27T12:29:43.708+0000] {dag.py:3947} INFO - Setting next_dagrun for minio_to_snowflake_banking to 2026-05-27 12:28:00+00:00, run_after=2026-05-27 12:29:00+00:00
[2026-05-27T12:29:43.713+0000] {processor.py:183} INFO - Processing /opt/airflow/dags/minio_to_snowflake_dag.py took 0.237 seconds
[2026-05-27T12:30:13.750+0000] {processor.py:161} INFO - Started process (PID=87) to work on /opt/airflow/dags/minio_to_snowflake_dag.py
[2026-05-27T12:30:13.751+0000] {processor.py:830} INFO - Processing file /opt/airflow/dags/minio_to_snowflake_dag.py for tasks to queue
[2026-05-27T12:30:13.752+0000] {logging_mixin.py:188} INFO - [2026-05-27T12:30:13.752+0000] {dagbag.py:545} INFO - Filling up the DagBag from /opt/airflow/dags/minio_to_snowflake_dag.py
[2026-05-27T12:30:13.974+0000] {processor.py:840} INFO - DAG(s) 'minio_to_snowflake_banking' retrieved from /opt/airflow/dags/minio_to_snowflake_dag.py
[2026-05-27T12:30:13.983+0000] {logging_mixin.py:188} INFO - [2026-05-27T12:30:13.983+0000] {dag.py:3089} INFO - Sync 1 DAGs
[2026-05-27T12:30:13.989+0000] {logging_mixin.py:188} INFO - [2026-05-27T12:30:13.989+0000] {dag.py:3947} INFO - Setting next_dagrun for minio_to_snowflake_banking to 2026-05-27 12:29:00+00:00, run_after=2026-05-27 12:30:00+00:00
[2026-05-27T12:30:13.994+0000] {processor.py:183} INFO - Processing /opt/airflow/dags/minio_to_snowflake_dag.py took 0.248 seconds
[2026-05-27T12:30:44.268+0000] {processor.py:161} INFO - Started process (PID=91) to work on /opt/airflow/dags/minio_to_snowflake_dag.py
[2026-05-27T12:30:44.268+0000] {processor.py:830} INFO - Processing file /opt/airflow/dags/minio_to_snowflake_dag.py for tasks to queue
[2026-05-27T12:30:44.270+0000] {logging_mixin.py:188} INFO - [2026-05-27T12:30:44.269+0000] {dagbag.py:545} INFO - Filling up the DagBag from /opt/airflow/dags/minio_to_snowflake_dag.py
[2026-05-27T12:30:44.512+0000] {processor.py:840} INFO - DAG(s) 'minio_to_snowflake_banking' retrieved from /opt/airflow/dags/minio_to_snowflake_dag.py
[2026-05-27T12:30:44.520+0000] {logging_mixin.py:188} INFO - [2026-05-27T12:30:44.519+0000] {dag.py:3089} INFO - Sync 1 DAGs
[2026-05-27T12:30:44.526+0000] {logging_mixin.py:188} INFO - [2026-05-27T12:30:44.526+0000] {dag.py:3947} INFO - Setting next_dagrun for minio_to_snowflake_banking to 2026-05-27 12:29:00+00:00, run_after=2026-05-27 12:30:00+00:00
[2026-05-27T12:30:44.531+0000] {processor.py:183} INFO - Processing /opt/airflow/dags/minio_to_snowflake_dag.py took 0.268 seconds
[2026-05-27T12:31:14.804+0000] {processor.py:161} INFO - Started process (PID=95) to work on /opt/airflow/dags/minio_to_snowflake_dag.py
[2026-05-27T12:31:14.805+0000] {processor.py:830} INFO - Processing file /opt/airflow/dags/minio_to_snowflake_dag.py for tasks to queue
[2026-05-27T12:31:14.806+0000] {logging_mixin.py:188} INFO - [2026-05-27T12:31:14.806+0000] {dagbag.py:545} INFO - Filling up the DagBag from /opt/airflow/dags/minio_to_snowflake_dag.py
[2026-05-27T12:31:15.032+0000] {processor.py:840} INFO - DAG(s) 'minio_to_snowflake_banking' retrieved from /opt/airflow/dags/minio_to_snowflake_dag.py
[2026-05-27T12:31:15.040+0000] {logging_mixin.py:188} INFO - [2026-05-27T12:31:15.040+0000] {dag.py:3089} INFO - Sync 1 DAGs
[2026-05-27T12:31:15.046+0000] {logging_mixin.py:188} INFO - [2026-05-27T12:31:15.046+0000] {dag.py:3947} INFO - Setting next_dagrun for minio_to_snowflake_banking to 2026-05-27 12:30:00+00:00, run_after=2026-05-27 12:31:00+00:00
[2026-05-27T12:31:15.052+0000] {processor.py:183} INFO - Processing /opt/airflow/dags/minio_to_snowflake_dag.py took 0.253 seconds
[2026-05-27T12:31:45.089+0000] {processor.py:161} INFO - Started process (PID=99) to work on /opt/airflow/dags/minio_to_snowflake_dag.py
[2026-05-27T12:31:45.090+0000] {processor.py:830} INFO - Processing file /opt/airflow/dags/minio_to_snowflake_dag.py for tasks to queue
[2026-05-27T12:31:45.092+0000] {logging_mixin.py:188} INFO - [2026-05-27T12:31:45.092+0000] {dagbag.py:545} INFO - Filling up the DagBag from /opt/airflow/dags/minio_to_snowflake_dag.py
[2026-05-27T12:31:45.334+0000] {processor.py:840} INFO - DAG(s) 'minio_to_snowflake_banking' retrieved from /opt/airflow/dags/minio_to_snowflake_dag.py
[2026-05-27T12:31:45.347+0000] {logging_mixin.py:188} INFO - [2026-05-27T12:31:45.347+0000] {dag.py:3089} INFO - Sync 1 DAGs
[2026-05-27T12:31:45.355+0000] {logging_mixin.py:188} INFO - [2026-05-27T12:31:45.355+0000] {dag.py:3947} INFO - Setting next_dagrun for minio_to_snowflake_banking to 2026-05-27 12:30:00+00:00, run_after=2026-05-27 12:31:00+00:00
[2026-05-27T12:31:45.360+0000] {processor.py:183} INFO - Processing /opt/airflow/dags/minio_to_snowflake_dag.py took 0.275 seconds
[2026-05-27T12:32:15.546+0000] {processor.py:161} INFO - Started process (PID=103) to work on /opt/airflow/dags/minio_to_snowflake_dag.py
[2026-05-27T12:32:15.547+0000] {processor.py:830} INFO - Processing file /opt/airflow/dags/minio_to_snowflake_dag.py for tasks to queue
[2026-05-27T12:32:15.548+0000] {logging_mixin.py:188} INFO - [2026-05-27T12:32:15.547+0000] {dagbag.py:545} INFO - Filling up the DagBag from /opt/airflow/dags/minio_to_snowflake_dag.py
[2026-05-27T12:32:15.765+0000] {processor.py:840} INFO - DAG(s) 'minio_to_snowflake_banking' retrieved from /opt/airflow/dags/minio_to_snowflake_dag.py
[2026-05-27T12:32:15.774+0000] {logging_mixin.py:188} INFO - [2026-05-27T12:32:15.773+0000] {dag.py:3089} INFO - Sync 1 DAGs
[2026-05-27T12:32:15.779+0000] {logging_mixin.py:188} INFO - [2026-05-27T12:32:15.779+0000] {dag.py:3947} INFO - Setting next_dagrun for minio_to_snowflake_banking to 2026-05-27 12:31:00+00:00, run_after=2026-05-27 12:32:00+00:00
[2026-05-27T12:32:15.784+0000] {processor.py:183} INFO - Processing /opt/airflow/dags/minio_to_snowflake_dag.py took 0.242 seconds
[2026-05-27T12:32:45.828+0000] {processor.py:161} INFO - Started process (PID=107) to work on /opt/airflow/dags/minio_to_snowflake_dag.py
[2026-05-27T12:32:45.829+0000] {processor.py:830} INFO - Processing file /opt/airflow/dags/minio_to_snowflake_dag.py for tasks to queue
[2026-05-27T12:32:45.830+0000] {logging_mixin.py:188} INFO - [2026-05-27T12:32:45.830+0000] {dagbag.py:545} INFO - Filling up the DagBag from /opt/airflow/dags/minio_to_snowflake_dag.py
[2026-05-27T12:32:46.059+0000] {processor.py:840} INFO - DAG(s) 'minio_to_snowflake_banking' retrieved from /opt/airflow/dags/minio_to_snowflake_dag.py
[2026-05-27T12:32:46.068+0000] {logging_mixin.py:188} INFO - [2026-05-27T12:32:46.068+0000] {dag.py:3089} INFO - Sync 1 DAGs
[2026-05-27T12:32:46.074+0000] {logging_mixin.py:188} INFO - [2026-05-27T12:32:46.074+0000] {dag.py:3947} INFO - Setting next_dagrun for minio_to_snowflake_banking to 2026-05-27 12:31:00+00:00, run_after=2026-05-27 12:32:00+00:00
[2026-05-27T12:32:46.079+0000] {processor.py:183} INFO - Processing /opt/airflow/dags/minio_to_snowflake_dag.py took 0.255 seconds
[2026-05-27T12:33:16.444+0000] {processor.py:161} INFO - Started process (PID=111) to work on /opt/airflow/dags/minio_to_snowflake_dag.py
[2026-05-27T12:33:16.445+0000] {processor.py:830} INFO - Processing file /opt/airflow/dags/minio_to_snowflake_dag.py for tasks to queue
[2026-05-27T12:33:16.446+0000] {logging_mixin.py:188} INFO - [2026-05-27T12:33:16.446+0000] {dagbag.py:545} INFO - Filling up the DagBag from /opt/airflow/dags/minio_to_snowflake_dag.py
[2026-05-27T12:33:16.686+0000] {processor.py:840} INFO - DAG(s) 'minio_to_snowflake_banking' retrieved from /opt/airflow/dags/minio_to_snowflake_dag.py
[2026-05-27T12:33:16.694+0000] {logging_mixin.py:188} INFO - [2026-05-27T12:33:16.694+0000] {dag.py:3089} INFO - Sync 1 DAGs
[2026-05-27T12:33:16.701+0000] {logging_mixin.py:188} INFO - [2026-05-27T12:33:16.700+0000] {dag.py:3947} INFO - Setting next_dagrun for minio_to_snowflake_banking to 2026-05-27 12:32:00+00:00, run_after=2026-05-27 12:33:00+00:00
[2026-05-27T12:33:16.706+0000] {processor.py:183} INFO - Processing /opt/airflow/dags/minio_to_snowflake_dag.py took 0.266 seconds
[2026-05-27T12:33:46.783+0000] {processor.py:161} INFO - Started process (PID=115) to work on /opt/airflow/dags/minio_to_snowflake_dag.py
[2026-05-27T12:33:46.784+0000] {processor.py:830} INFO - Processing file /opt/airflow/dags/minio_to_snowflake_dag.py for tasks to queue
[2026-05-27T12:33:46.785+0000] {logging_mixin.py:188} INFO - [2026-05-27T12:33:46.784+0000] {dagbag.py:545} INFO - Filling up the DagBag from /opt/airflow/dags/minio_to_snowflake_dag.py
[2026-05-27T12:33:47.010+0000] {processor.py:840} INFO - DAG(s) 'minio_to_snowflake_banking' retrieved from /opt/airflow/dags/minio_to_snowflake_dag.py
[2026-05-27T12:33:47.018+0000] {logging_mixin.py:188} INFO - [2026-05-27T12:33:47.018+0000] {dag.py:3089} INFO - Sync 1 DAGs
[2026-05-27T12:33:47.025+0000] {logging_mixin.py:188} INFO - [2026-05-27T12:33:47.025+0000] {dag.py:3947} INFO - Setting next_dagrun for minio_to_snowflake_banking to 2026-05-27 12:32:00+00:00, run_after=2026-05-27 12:33:00+00:00
[2026-05-27T12:33:47.030+0000] {processor.py:183} INFO - Processing /opt/airflow/dags/minio_to_snowflake_dag.py took 0.250 seconds
[2026-05-27T12:34:17.148+0000] {processor.py:161} INFO - Started process (PID=119) to work on /opt/airflow/dags/minio_to_snowflake_dag.py
[2026-05-27T12:34:17.149+0000] {processor.py:830} INFO - Processing file /opt/airflow/dags/minio_to_snowflake_dag.py for tasks to queue
[2026-05-27T12:34:17.151+0000] {logging_mixin.py:188} INFO - [2026-05-27T12:34:17.150+0000] {dagbag.py:545} INFO - Filling up the DagBag from /opt/airflow/dags/minio_to_snowflake_dag.py
[2026-05-27T12:34:17.379+0000] {processor.py:840} INFO - DAG(s) 'minio_to_snowflake_banking' retrieved from /opt/airflow/dags/minio_to_snowflake_dag.py
[2026-05-27T12:34:17.387+0000] {logging_mixin.py:188} INFO - [2026-05-27T12:34:17.387+0000] {dag.py:3089} INFO - Sync 1 DAGs
[2026-05-27T12:34:17.393+0000] {logging_mixin.py:188} INFO - [2026-05-27T12:34:17.393+0000] {dag.py:3947} INFO - Setting next_dagrun for minio_to_snowflake_banking to 2026-05-27 12:33:00+00:00, run_after=2026-05-27 12:34:00+00:00
[2026-05-27T12:34:17.398+0000] {processor.py:183} INFO - Processing /opt/airflow/dags/minio_to_snowflake_dag.py took 0.255 seconds
[2026-05-27T12:34:47.617+0000] {processor.py:161} INFO - Started process (PID=123) to work on /opt/airflow/dags/minio_to_snowflake_dag.py
[2026-05-27T12:34:47.618+0000] {processor.py:830} INFO - Processing file /opt/airflow/dags/minio_to_snowflake_dag.py for tasks to queue
[2026-05-27T12:34:47.620+0000] {logging_mixin.py:188} INFO - [2026-05-27T12:34:47.620+0000] {dagbag.py:545} INFO - Filling up the DagBag from /opt/airflow/dags/minio_to_snowflake_dag.py
[2026-05-27T12:34:47.858+0000] {processor.py:840} INFO - DAG(s) 'minio_to_snowflake_banking' retrieved from /opt/airflow/dags/minio_to_snowflake_dag.py
[2026-05-27T12:34:47.866+0000] {logging_mixin.py:188} INFO - [2026-05-27T12:34:47.866+0000] {dag.py:3089} INFO - Sync 1 DAGs
[2026-05-27T12:34:47.872+0000] {logging_mixin.py:188} INFO - [2026-05-27T12:34:47.872+0000] {dag.py:3947} INFO - Setting next_dagrun for minio_to_snowflake_banking to 2026-05-27 12:33:00+00:00, run_after=2026-05-27 12:34:00+00:00
[2026-05-27T12:34:47.877+0000] {processor.py:183} INFO - Processing /opt/airflow/dags/minio_to_snowflake_dag.py took 0.265 seconds
[2026-05-27T12:35:18.021+0000] {processor.py:161} INFO - Started process (PID=127) to work on /opt/airflow/dags/minio_to_snowflake_dag.py
[2026-05-27T12:35:18.022+0000] {processor.py:830} INFO - Processing file /opt/airflow/dags/minio_to_snowflake_dag.py for tasks to queue
[2026-05-27T12:35:18.023+0000] {logging_mixin.py:188} INFO - [2026-05-27T12:35:18.023+0000] {dagbag.py:545} INFO - Filling up the DagBag from /opt/airflow/dags/minio_to_snowflake_dag.py
[2026-05-27T12:35:18.253+0000] {processor.py:840} INFO - DAG(s) 'minio_to_snowflake_banking' retrieved from /opt/airflow/dags/minio_to_snowflake_dag.py
[2026-05-27T12:35:18.260+0000] {logging_mixin.py:188} INFO - [2026-05-27T12:35:18.260+0000] {dag.py:3089} INFO - Sync 1 DAGs
[2026-05-27T12:35:18.266+0000] {logging_mixin.py:188} INFO - [2026-05-27T12:35:18.266+0000] {dag.py:3947} INFO - Setting next_dagrun for minio_to_snowflake_banking to 2026-05-27 12:34:00+00:00, run_after=2026-05-27 12:35:00+00:00
[2026-05-27T12:35:18.272+0000] {processor.py:183} INFO - Processing /opt/airflow/dags/minio_to_snowflake_dag.py took 0.256 seconds
[2026-05-27T12:35:48.455+0000] {processor.py:161} INFO - Started process (PID=131) to work on /opt/airflow/dags/minio_to_snowflake_dag.py
[2026-05-27T12:35:48.456+0000] {processor.py:830} INFO - Processing file /opt/airflow/dags/minio_to_snowflake_dag.py for tasks to queue
[2026-05-27T12:35:48.457+0000] {logging_mixin.py:188} INFO - [2026-05-27T12:35:48.457+0000] {dagbag.py:545} INFO - Filling up the DagBag from /opt/airflow/dags/minio_to_snowflake_dag.py
[2026-05-27T12:35:48.694+0000] {processor.py:840} INFO - DAG(s) 'minio_to_snowflake_banking' retrieved from /opt/airflow/dags/minio_to_snowflake_dag.py
[2026-05-27T12:35:48.701+0000] {logging_mixin.py:188} INFO - [2026-05-27T12:35:48.701+0000] {dag.py:3089} INFO - Sync 1 DAGs
[2026-05-27T12:35:48.707+0000] {logging_mixin.py:188} INFO - [2026-05-27T12:35:48.707+0000] {dag.py:3947} INFO - Setting next_dagrun for minio_to_snowflake_banking to 2026-05-27 12:34:00+00:00, run_after=2026-05-27 12:35:00+00:00
[2026-05-27T12:35:48.713+0000] {processor.py:183} INFO - Processing /opt/airflow/dags/minio_to_snowflake_dag.py took 0.263 seconds
[2026-05-27T12:36:18.865+0000] {processor.py:161} INFO - Started process (PID=135) to work on /opt/airflow/dags/minio_to_snowflake_dag.py
[2026-05-27T12:36:18.866+0000] {processor.py:830} INFO - Processing file /opt/airflow/dags/minio_to_snowflake_dag.py for tasks to queue
[2026-05-27T12:36:18.867+0000] {logging_mixin.py:188} INFO - [2026-05-27T12:36:18.867+0000] {dagbag.py:545} INFO - Filling up the DagBag from /opt/airflow/dags/minio_to_snowflake_dag.py
[2026-05-27T12:36:19.089+0000] {processor.py:840} INFO - DAG(s) 'minio_to_snowflake_banking' retrieved from /opt/airflow/dags/minio_to_snowflake_dag.py
[2026-05-27T12:36:19.096+0000] {logging_mixin.py:188} INFO - [2026-05-27T12:36:19.096+0000] {dag.py:3089} INFO - Sync 1 DAGs
[2026-05-27T12:36:19.103+0000] {logging_mixin.py:188} INFO - [2026-05-27T12:36:19.103+0000] {dag.py:3947} INFO - Setting next_dagrun for minio_to_snowflake_banking to 2026-05-27 12:35:00+00:00, run_after=2026-05-27 12:36:00+00:00
[2026-05-27T12:36:19.108+0000] {processor.py:183} INFO - Processing /opt/airflow/dags/minio_to_snowflake_dag.py took 0.247 seconds
[2026-05-27T12:36:49.424+0000] {processor.py:161} INFO - Started process (PID=139) to work on /opt/airflow/dags/minio_to_snowflake_dag.py
[2026-05-27T12:36:49.425+0000] {processor.py:830} INFO - Processing file /opt/airflow/dags/minio_to_snowflake_dag.py for tasks to queue
[2026-05-27T12:36:49.426+0000] {logging_mixin.py:188} INFO - [2026-05-27T12:36:49.426+0000] {dagbag.py:545} INFO - Filling up the DagBag from /opt/airflow/dags/minio_to_snowflake_dag.py
[2026-05-27T12:36:49.653+0000] {processor.py:840} INFO - DAG(s) 'minio_to_snowflake_banking' retrieved from /opt/airflow/dags/minio_to_snowflake_dag.py
[2026-05-27T12:36:49.661+0000] {logging_mixin.py:188} INFO - [2026-05-27T12:36:49.660+0000] {dag.py:3089} INFO - Sync 1 DAGs
[2026-05-27T12:36:49.667+0000] {logging_mixin.py:188} INFO - [2026-05-27T12:36:49.667+0000] {dag.py:3947} INFO - Setting next_dagrun for minio_to_snowflake_banking to 2026-05-27 12:35:00+00:00, run_after=2026-05-27 12:36:00+00:00
[2026-05-27T12:36:49.672+0000] {processor.py:183} INFO - Processing /opt/airflow/dags/minio_to_snowflake_dag.py took 0.253 seconds
[2026-05-27T12:37:19.702+0000] {processor.py:161} INFO - Started process (PID=143) to work on /opt/airflow/dags/minio_to_snowflake_dag.py
[2026-05-27T12:37:19.703+0000] {processor.py:830} INFO - Processing file /opt/airflow/dags/minio_to_snowflake_dag.py for tasks to queue
[2026-05-27T12:37:19.704+0000] {logging_mixin.py:188} INFO - [2026-05-27T12:37:19.704+0000] {dagbag.py:545} INFO - Filling up the DagBag from /opt/airflow/dags/minio_to_snowflake_dag.py
[2026-05-27T12:37:19.925+0000] {processor.py:840} INFO - DAG(s) 'minio_to_snowflake_banking' retrieved from /opt/airflow/dags/minio_to_snowflake_dag.py
[2026-05-27T12:37:19.933+0000] {logging_mixin.py:188} INFO - [2026-05-27T12:37:19.933+0000] {dag.py:3089} INFO - Sync 1 DAGs
[2026-05-27T12:37:19.939+0000] {logging_mixin.py:188} INFO - [2026-05-27T12:37:19.939+0000] {dag.py:3947} INFO - Setting next_dagrun for minio_to_snowflake_banking to 2026-05-27 12:36:00+00:00, run_after=2026-05-27 12:37:00+00:00
[2026-05-27T12:37:19.944+0000] {processor.py:183} INFO - Processing /opt/airflow/dags/minio_to_snowflake_dag.py took 0.246 seconds
[2026-05-27T12:37:50.016+0000] {processor.py:161} INFO - Started process (PID=147) to work on /opt/airflow/dags/minio_to_snowflake_dag.py
[2026-05-27T12:37:50.017+0000] {processor.py:830} INFO - Processing file /opt/airflow/dags/minio_to_snowflake_dag.py for tasks to queue
[2026-05-27T12:37:50.018+0000] {logging_mixin.py:188} INFO - [2026-05-27T12:37:50.018+0000] {dagbag.py:545} INFO - Filling up the DagBag from /opt/airflow/dags/minio_to_snowflake_dag.py
[2026-05-27T12:37:50.275+0000] {processor.py:840} INFO - DAG(s) 'minio_to_snowflake_banking' retrieved from /opt/airflow/dags/minio_to_snowflake_dag.py
[2026-05-27T12:37:50.285+0000] {logging_mixin.py:188} INFO - [2026-05-27T12:37:50.285+0000] {dag.py:3089} INFO - Sync 1 DAGs
[2026-05-27T12:37:50.293+0000] {logging_mixin.py:188} INFO - [2026-05-27T12:37:50.293+0000] {dag.py:3947} INFO - Setting next_dagrun for minio_to_snowflake_banking to 2026-05-27 12:36:00+00:00, run_after=2026-05-27 12:37:00+00:00
[2026-05-27T12:37:50.300+0000] {processor.py:183} INFO - Processing /opt/airflow/dags/minio_to_snowflake_dag.py took 0.289 seconds
[2026-05-27T12:38:20.565+0000] {processor.py:161} INFO - Started process (PID=151) to work on /opt/airflow/dags/minio_to_snowflake_dag.py
[2026-05-27T12:38:20.565+0000] {processor.py:830} INFO - Processing file /opt/airflow/dags/minio_to_snowflake_dag.py for tasks to queue
[2026-05-27T12:38:20.566+0000] {logging_mixin.py:188} INFO - [2026-05-27T12:38:20.566+0000] {dagbag.py:545} INFO - Filling up the DagBag from /opt/airflow/dags/minio_to_snowflake_dag.py
[2026-05-27T12:38:20.806+0000] {processor.py:840} INFO - DAG(s) 'minio_to_snowflake_banking' retrieved from /opt/airflow/dags/minio_to_snowflake_dag.py
[2026-05-27T12:38:20.814+0000] {logging_mixin.py:188} INFO - [2026-05-27T12:38:20.814+0000] {dag.py:3089} INFO - Sync 1 DAGs
[2026-05-27T12:38:20.821+0000] {logging_mixin.py:188} INFO - [2026-05-27T12:38:20.821+0000] {dag.py:3947} INFO - Setting next_dagrun for minio_to_snowflake_banking to 2026-05-27 12:37:00+00:00, run_after=2026-05-27 12:38:00+00:00
[2026-05-27T12:38:20.827+0000] {processor.py:183} INFO - Processing /opt/airflow/dags/minio_to_snowflake_dag.py took 0.264 seconds
[2026-05-27T12:38:51.167+0000] {processor.py:161} INFO - Started process (PID=155) to work on /opt/airflow/dags/minio_to_snowflake_dag.py
[2026-05-27T12:38:51.168+0000] {processor.py:830} INFO - Processing file /opt/airflow/dags/minio_to_snowflake_dag.py for tasks to queue
[2026-05-27T12:38:51.170+0000] {logging_mixin.py:188} INFO - [2026-05-27T12:38:51.170+0000] {dagbag.py:545} INFO - Filling up the DagBag from /opt/airflow/dags/minio_to_snowflake_dag.py
[2026-05-27T12:38:51.400+0000] {processor.py:840} INFO - DAG(s) 'minio_to_snowflake_banking' retrieved from /opt/airflow/dags/minio_to_snowflake_dag.py
[2026-05-27T12:38:51.408+0000] {logging_mixin.py:188} INFO - [2026-05-27T12:38:51.408+0000] {dag.py:3089} INFO - Sync 1 DAGs
[2026-05-27T12:38:51.414+0000] {logging_mixin.py:188} INFO - [2026-05-27T12:38:51.414+0000] {dag.py:3947} INFO - Setting next_dagrun for minio_to_snowflake_banking to 2026-05-27 12:37:00+00:00, run_after=2026-05-27 12:38:00+00:00
[2026-05-27T12:38:51.419+0000] {processor.py:183} INFO - Processing /opt/airflow/dags/minio_to_snowflake_dag.py took 0.256 seconds
[2026-05-27T12:39:21.525+0000] {processor.py:161} INFO - Started process (PID=159) to work on /opt/airflow/dags/minio_to_snowflake_dag.py
[2026-05-27T12:39:21.526+0000] {processor.py:830} INFO - Processing file /opt/airflow/dags/minio_to_snowflake_dag.py for tasks to queue
[2026-05-27T12:39:21.527+0000] {logging_mixin.py:188} INFO - [2026-05-27T12:39:21.527+0000] {dagbag.py:545} INFO - Filling up the DagBag from /opt/airflow/dags/minio_to_snowflake_dag.py
[2026-05-27T12:39:21.759+0000] {processor.py:840} INFO - DAG(s) 'minio_to_snowflake_banking' retrieved from /opt/airflow/dags/minio_to_snowflake_dag.py
[2026-05-27T12:39:21.767+0000] {logging_mixin.py:188} INFO - [2026-05-27T12:39:21.767+0000] {dag.py:3089} INFO - Sync 1 DAGs
[2026-05-27T12:39:21.774+0000] {logging_mixin.py:188} INFO - [2026-05-27T12:39:21.774+0000] {dag.py:3947} INFO - Setting next_dagrun for minio_to_snowflake_banking to 2026-05-27 12:38:00+00:00, run_after=2026-05-27 12:39:00+00:00
[2026-05-27T12:39:21.779+0000] {processor.py:183} INFO - Processing /opt/airflow/dags/minio_to_snowflake_dag.py took 0.257 seconds
[2026-05-27T12:39:52.034+0000] {processor.py:161} INFO - Started process (PID=163) to work on /opt/airflow/dags/minio_to_snowflake_dag.py
[2026-05-27T12:39:52.035+0000] {processor.py:830} INFO - Processing file /opt/airflow/dags/minio_to_snowflake_dag.py for tasks to queue
[2026-05-27T12:39:52.036+0000] {logging_mixin.py:188} INFO - [2026-05-27T12:39:52.036+0000] {dagbag.py:545} INFO - Filling up the DagBag from /opt/airflow/dags/minio_to_snowflake_dag.py
[2026-05-27T12:39:52.265+0000] {processor.py:840} INFO - DAG(s) 'minio_to_snowflake_banking' retrieved from /opt/airflow/dags/minio_to_snowflake_dag.py
[2026-05-27T12:39:52.273+0000] {logging_mixin.py:188} INFO - [2026-05-27T12:39:52.273+0000] {dag.py:3089} INFO - Sync 1 DAGs
[2026-05-27T12:39:52.279+0000] {logging_mixin.py:188} INFO - [2026-05-27T12:39:52.279+0000] {dag.py:3947} INFO - Setting next_dagrun for minio_to_snowflake_banking to 2026-05-27 12:38:00+00:00, run_after=2026-05-27 12:39:00+00:00
[2026-05-27T12:39:52.284+0000] {processor.py:183} INFO - Processing /opt/airflow/dags/minio_to_snowflake_dag.py took 0.253 seconds
[2026-05-27T12:40:22.611+0000] {processor.py:161} INFO - Started process (PID=167) to work on /opt/airflow/dags/minio_to_snowflake_dag.py
[2026-05-27T12:40:22.612+0000] {processor.py:830} INFO - Processing file /opt/airflow/dags/minio_to_snowflake_dag.py for tasks to queue
[2026-05-27T12:40:22.614+0000] {logging_mixin.py:188} INFO - [2026-05-27T12:40:22.613+0000] {dagbag.py:545} INFO - Filling up the DagBag from /opt/airflow/dags/minio_to_snowflake_dag.py
[2026-05-27T12:40:22.839+0000] {processor.py:840} INFO - DAG(s) 'minio_to_snowflake_banking' retrieved from /opt/airflow/dags/minio_to_snowflake_dag.py
[2026-05-27T12:40:22.847+0000] {logging_mixin.py:188} INFO - [2026-05-27T12:40:22.846+0000] {dag.py:3089} INFO - Sync 1 DAGs
[2026-05-27T12:40:22.852+0000] {logging_mixin.py:188} INFO - [2026-05-27T12:40:22.852+0000] {dag.py:3947} INFO - Setting next_dagrun for minio_to_snowflake_banking to 2026-05-27 12:39:00+00:00, run_after=2026-05-27 12:40:00+00:00
[2026-05-27T12:40:22.858+0000] {processor.py:183} INFO - Processing /opt/airflow/dags/minio_to_snowflake_dag.py took 0.252 seconds
[2026-05-27T12:40:52.903+0000] {processor.py:161} INFO - Started process (PID=171) to work on /opt/airflow/dags/minio_to_snowflake_dag.py
[2026-05-27T12:40:52.904+0000] {processor.py:830} INFO - Processing file /opt/airflow/dags/minio_to_snowflake_dag.py for tasks to queue
[2026-05-27T12:40:52.905+0000] {logging_mixin.py:188} INFO - [2026-05-27T12:40:52.905+0000] {dagbag.py:545} INFO - Filling up the DagBag from /opt/airflow/dags/minio_to_snowflake_dag.py
[2026-05-27T12:40:53.136+0000] {processor.py:840} INFO - DAG(s) 'minio_to_snowflake_banking' retrieved from /opt/airflow/dags/minio_to_snowflake_dag.py
[2026-05-27T12:40:53.144+0000] {logging_mixin.py:188} INFO - [2026-05-27T12:40:53.144+0000] {dag.py:3089} INFO - Sync 1 DAGs
[2026-05-27T12:40:53.150+0000] {logging_mixin.py:188} INFO - [2026-05-27T12:40:53.150+0000] {dag.py:3947} INFO - Setting next_dagrun for minio_to_snowflake_banking to 2026-05-27 12:39:00+00:00, run_after=2026-05-27 12:40:00+00:00
[2026-05-27T12:40:53.155+0000] {processor.py:183} INFO - Processing /opt/airflow/dags/minio_to_snowflake_dag.py took 0.258 seconds
[2026-05-27T12:41:23.493+0000] {processor.py:161} INFO - Started process (PID=175) to work on /opt/airflow/dags/minio_to_snowflake_dag.py
[2026-05-27T12:41:23.494+0000] {processor.py:830} INFO - Processing file /opt/airflow/dags/minio_to_snowflake_dag.py for tasks to queue
[2026-05-27T12:41:23.495+0000] {logging_mixin.py:188} INFO - [2026-05-27T12:41:23.495+0000] {dagbag.py:545} INFO - Filling up the DagBag from /opt/airflow/dags/minio_to_snowflake_dag.py
[2026-05-27T12:41:23.723+0000] {processor.py:840} INFO - DAG(s) 'minio_to_snowflake_banking' retrieved from /opt/airflow/dags/minio_to_snowflake_dag.py
[2026-05-27T12:41:23.734+0000] {logging_mixin.py:188} INFO - [2026-05-27T12:41:23.734+0000] {dag.py:3089} INFO - Sync 1 DAGs
[2026-05-27T12:41:23.742+0000] {logging_mixin.py:188} INFO - [2026-05-27T12:41:23.742+0000] {dag.py:3947} INFO - Setting next_dagrun for minio_to_snowflake_banking to 2026-05-27 12:40:00+00:00, run_after=2026-05-27 12:41:00+00:00
[2026-05-27T12:41:23.750+0000] {processor.py:183} INFO - Processing /opt/airflow/dags/minio_to_snowflake_dag.py took 0.263 seconds
[2026-05-27T12:41:53.848+0000] {processor.py:161} INFO - Started process (PID=179) to work on /opt/airflow/dags/minio_to_snowflake_dag.py
[2026-05-27T12:41:53.849+0000] {processor.py:830} INFO - Processing file /opt/airflow/dags/minio_to_snowflake_dag.py for tasks to queue
[2026-05-27T12:41:53.849+0000] {logging_mixin.py:188} INFO - [2026-05-27T12:41:53.849+0000] {dagbag.py:545} INFO - Filling up the DagBag from /opt/airflow/dags/minio_to_snowflake_dag.py
[2026-05-27T12:41:54.091+0000] {processor.py:840} INFO - DAG(s) 'minio_to_snowflake_banking' retrieved from /opt/airflow/dags/minio_to_snowflake_dag.py
[2026-05-27T12:41:54.101+0000] {logging_mixin.py:188} INFO - [2026-05-27T12:41:54.101+0000] {dag.py:3089} INFO - Sync 1 DAGs
[2026-05-27T12:41:54.108+0000] {logging_mixin.py:188} INFO - [2026-05-27T12:41:54.108+0000] {dag.py:3947} INFO - Setting next_dagrun for minio_to_snowflake_banking to 2026-05-27 12:40:00+00:00, run_after=2026-05-27 12:41:00+00:00
[2026-05-27T12:41:54.114+0000] {processor.py:183} INFO - Processing /opt/airflow/dags/minio_to_snowflake_dag.py took 0.269 seconds
[2026-05-27T12:42:24.464+0000] {processor.py:161} INFO - Started process (PID=183) to work on /opt/airflow/dags/minio_to_snowflake_dag.py
[2026-05-27T12:42:24.465+0000] {processor.py:830} INFO - Processing file /opt/airflow/dags/minio_to_snowflake_dag.py for tasks to queue
[2026-05-27T12:42:24.466+0000] {logging_mixin.py:188} INFO - [2026-05-27T12:42:24.466+0000] {dagbag.py:545} INFO - Filling up the DagBag from /opt/airflow/dags/minio_to_snowflake_dag.py
[2026-05-27T12:42:24.698+0000] {processor.py:840} INFO - DAG(s) 'minio_to_snowflake_banking' retrieved from /opt/airflow/dags/minio_to_snowflake_dag.py
[2026-05-27T12:42:24.706+0000] {logging_mixin.py:188} INFO - [2026-05-27T12:42:24.706+0000] {dag.py:3089} INFO - Sync 1 DAGs
[2026-05-27T12:42:24.712+0000] {logging_mixin.py:188} INFO - [2026-05-27T12:42:24.712+0000] {dag.py:3947} INFO - Setting next_dagrun for minio_to_snowflake_banking to 2026-05-27 12:41:00+00:00, run_after=2026-05-27 12:42:00+00:00
[2026-05-27T12:42:24.718+0000] {processor.py:183} INFO - Processing /opt/airflow/dags/minio_to_snowflake_dag.py took 0.258 seconds
[2026-05-27T12:42:54.760+0000] {processor.py:161} INFO - Started process (PID=187) to work on /opt/airflow/dags/minio_to_snowflake_dag.py
[2026-05-27T12:42:54.761+0000] {processor.py:830} INFO - Processing file /opt/airflow/dags/minio_to_snowflake_dag.py for tasks to queue
[2026-05-27T12:42:54.762+0000] {logging_mixin.py:188} INFO - [2026-05-27T12:42:54.762+0000] {dagbag.py:545} INFO - Filling up the DagBag from /opt/airflow/dags/minio_to_snowflake_dag.py
[2026-05-27T12:42:54.994+0000] {processor.py:840} INFO - DAG(s) 'minio_to_snowflake_banking' retrieved from /opt/airflow/dags/minio_to_snowflake_dag.py
[2026-05-27T12:42:55.002+0000] {logging_mixin.py:188} INFO - [2026-05-27T12:42:55.002+0000] {dag.py:3089} INFO - Sync 1 DAGs
[2026-05-27T12:42:55.010+0000] {logging_mixin.py:188} INFO - [2026-05-27T12:42:55.009+0000] {dag.py:3947} INFO - Setting next_dagrun for minio_to_snowflake_banking to 2026-05-27 12:41:00+00:00, run_after=2026-05-27 12:42:00+00:00
[2026-05-27T12:42:55.015+0000] {processor.py:183} INFO - Processing /opt/airflow/dags/minio_to_snowflake_dag.py took 0.259 seconds
[2026-05-27T12:43:25.056+0000] {processor.py:161} INFO - Started process (PID=191) to work on /opt/airflow/dags/minio_to_snowflake_dag.py
[2026-05-27T12:43:25.057+0000] {processor.py:830} INFO - Processing file /opt/airflow/dags/minio_to_snowflake_dag.py for tasks to queue
[2026-05-27T12:43:25.058+0000] {logging_mixin.py:188} INFO - [2026-05-27T12:43:25.058+0000] {dagbag.py:545} INFO - Filling up the DagBag from /opt/airflow/dags/minio_to_snowflake_dag.py
[2026-05-27T12:43:25.292+0000] {processor.py:840} INFO - DAG(s) 'minio_to_snowflake_banking' retrieved from /opt/airflow/dags/minio_to_snowflake_dag.py
[2026-05-27T12:43:25.301+0000] {logging_mixin.py:188} INFO - [2026-05-27T12:43:25.300+0000] {dag.py:3089} INFO - Sync 1 DAGs
[2026-05-27T12:43:25.307+0000] {logging_mixin.py:188} INFO - [2026-05-27T12:43:25.307+0000] {dag.py:3947} INFO - Setting next_dagrun for minio_to_snowflake_banking to 2026-05-27 12:42:00+00:00, run_after=2026-05-27 12:43:00+00:00
[2026-05-27T12:43:25.311+0000] {processor.py:183} INFO - Processing /opt/airflow/dags/minio_to_snowflake_dag.py took 0.260 seconds
[2026-05-27T12:43:55.379+0000] {processor.py:161} INFO - Started process (PID=195) to work on /opt/airflow/dags/minio_to_snowflake_dag.py
[2026-05-27T12:43:55.380+0000] {processor.py:830} INFO - Processing file /opt/airflow/dags/minio_to_snowflake_dag.py for tasks to queue
[2026-05-27T12:43:55.381+0000] {logging_mixin.py:188} INFO - [2026-05-27T12:43:55.381+0000] {dagbag.py:545} INFO - Filling up the DagBag from /opt/airflow/dags/minio_to_snowflake_dag.py
[2026-05-27T12:43:55.616+0000] {processor.py:840} INFO - DAG(s) 'minio_to_snowflake_banking' retrieved from /opt/airflow/dags/minio_to_snowflake_dag.py
[2026-05-27T12:43:55.624+0000] {logging_mixin.py:188} INFO - [2026-05-27T12:43:55.624+0000] {dag.py:3089} INFO - Sync 1 DAGs
[2026-05-27T12:43:55.630+0000] {logging_mixin.py:188} INFO - [2026-05-27T12:43:55.630+0000] {dag.py:3947} INFO - Setting next_dagrun for minio_to_snowflake_banking to 2026-05-27 12:42:00+00:00, run_after=2026-05-27 12:43:00+00:00
[2026-05-27T12:43:55.636+0000] {processor.py:183} INFO - Processing /opt/airflow/dags/minio_to_snowflake_dag.py took 0.262 seconds
[2026-05-27T12:44:25.960+0000] {processor.py:161} INFO - Started process (PID=199) to work on /opt/airflow/dags/minio_to_snowflake_dag.py
[2026-05-27T12:44:25.961+0000] {processor.py:830} INFO - Processing file /opt/airflow/dags/minio_to_snowflake_dag.py for tasks to queue
[2026-05-27T12:44:25.962+0000] {logging_mixin.py:188} INFO - [2026-05-27T12:44:25.962+0000] {dagbag.py:545} INFO - Filling up the DagBag from /opt/airflow/dags/minio_to_snowflake_dag.py
[2026-05-27T12:44:26.199+0000] {processor.py:840} INFO - DAG(s) 'minio_to_snowflake_banking' retrieved from /opt/airflow/dags/minio_to_snowflake_dag.py
[2026-05-27T12:44:26.207+0000] {logging_mixin.py:188} INFO - [2026-05-27T12:44:26.207+0000] {dag.py:3089} INFO - Sync 1 DAGs
[2026-05-27T12:44:26.213+0000] {logging_mixin.py:188} INFO - [2026-05-27T12:44:26.213+0000] {dag.py:3947} INFO - Setting next_dagrun for minio_to_snowflake_banking to 2026-05-27 12:43:00+00:00, run_after=2026-05-27 12:44:00+00:00
[2026-05-27T12:44:26.218+0000] {processor.py:183} INFO - Processing /opt/airflow/dags/minio_to_snowflake_dag.py took 0.262 seconds
[2026-05-27T12:44:56.330+0000] {processor.py:161} INFO - Started process (PID=203) to work on /opt/airflow/dags/minio_to_snowflake_dag.py
[2026-05-27T12:44:56.331+0000] {processor.py:830} INFO - Processing file /opt/airflow/dags/minio_to_snowflake_dag.py for tasks to queue
[2026-05-27T12:44:56.332+0000] {logging_mixin.py:188} INFO - [2026-05-27T12:44:56.332+0000] {dagbag.py:545} INFO - Filling up the DagBag from /opt/airflow/dags/minio_to_snowflake_dag.py
[2026-05-27T12:44:56.600+0000] {processor.py:840} INFO - DAG(s) 'minio_to_snowflake_banking' retrieved from /opt/airflow/dags/minio_to_snowflake_dag.py
[2026-05-27T12:44:56.610+0000] {logging_mixin.py:188} INFO - [2026-05-27T12:44:56.610+0000] {dag.py:3089} INFO - Sync 1 DAGs
[2026-05-27T12:44:56.619+0000] {logging_mixin.py:188} INFO - [2026-05-27T12:44:56.619+0000] {dag.py:3947} INFO - Setting next_dagrun for minio_to_snowflake_banking to 2026-05-27 12:43:00+00:00, run_after=2026-05-27 12:44:00+00:00
[2026-05-27T12:44:56.624+0000] {processor.py:183} INFO - Processing /opt/airflow/dags/minio_to_snowflake_dag.py took 0.297 seconds
[2026-05-27T12:45:26.875+0000] {processor.py:161} INFO - Started process (PID=207) to work on /opt/airflow/dags/minio_to_snowflake_dag.py
[2026-05-27T12:45:26.875+0000] {processor.py:830} INFO - Processing file /opt/airflow/dags/minio_to_snowflake_dag.py for tasks to queue
[2026-05-27T12:45:26.877+0000] {logging_mixin.py:188} INFO - [2026-05-27T12:45:26.876+0000] {dagbag.py:545} INFO - Filling up the DagBag from /opt/airflow/dags/minio_to_snowflake_dag.py
[2026-05-27T12:45:27.117+0000] {processor.py:840} INFO - DAG(s) 'minio_to_snowflake_banking' retrieved from /opt/airflow/dags/minio_to_snowflake_dag.py
[2026-05-27T12:45:27.124+0000] {logging_mixin.py:188} INFO - [2026-05-27T12:45:27.124+0000] {dag.py:3089} INFO - Sync 1 DAGs
[2026-05-27T12:45:27.131+0000] {logging_mixin.py:188} INFO - [2026-05-27T12:45:27.131+0000] {dag.py:3947} INFO - Setting next_dagrun for minio_to_snowflake_banking to 2026-05-27 12:44:00+00:00, run_after=2026-05-27 12:45:00+00:00
[2026-05-27T12:45:27.137+0000] {processor.py:183} INFO - Processing /opt/airflow/dags/minio_to_snowflake_dag.py took 0.266 seconds
[2026-05-27T12:45:57.207+0000] {processor.py:161} INFO - Started process (PID=211) to work on /opt/airflow/dags/minio_to_snowflake_dag.py
[2026-05-27T12:45:57.208+0000] {processor.py:830} INFO - Processing file /opt/airflow/dags/minio_to_snowflake_dag.py for tasks to queue
[2026-05-27T12:45:57.209+0000] {logging_mixin.py:188} INFO - [2026-05-27T12:45:57.209+0000] {dagbag.py:545} INFO - Filling up the DagBag from /opt/airflow/dags/minio_to_snowflake_dag.py
[2026-05-27T12:45:57.440+0000] {processor.py:840} INFO - DAG(s) 'minio_to_snowflake_banking' retrieved from /opt/airflow/dags/minio_to_snowflake_dag.py
[2026-05-27T12:45:57.449+0000] {logging_mixin.py:188} INFO - [2026-05-27T12:45:57.449+0000] {dag.py:3089} INFO - Sync 1 DAGs
[2026-05-27T12:45:57.455+0000] {logging_mixin.py:188} INFO - [2026-05-27T12:45:57.455+0000] {dag.py:3947} INFO - Setting next_dagrun for minio_to_snowflake_banking to 2026-05-27 12:44:00+00:00, run_after=2026-05-27 12:45:00+00:00
[2026-05-27T12:45:57.460+0000] {processor.py:183} INFO - Processing /opt/airflow/dags/minio_to_snowflake_dag.py took 0.256 seconds
[2026-05-27T12:46:27.519+0000] {processor.py:161} INFO - Started process (PID=215) to work on /opt/airflow/dags/minio_to_snowflake_dag.py
[2026-05-27T12:46:27.520+0000] {processor.py:830} INFO - Processing file /opt/airflow/dags/minio_to_snowflake_dag.py for tasks to queue
[2026-05-27T12:46:27.521+0000] {logging_mixin.py:188} INFO - [2026-05-27T12:46:27.521+0000] {dagbag.py:545} INFO - Filling up the DagBag from /opt/airflow/dags/minio_to_snowflake_dag.py
[2026-05-27T12:46:27.757+0000] {processor.py:840} INFO - DAG(s) 'minio_to_snowflake_banking' retrieved from /opt/airflow/dags/minio_to_snowflake_dag.py
[2026-05-27T12:46:27.765+0000] {logging_mixin.py:188} INFO - [2026-05-27T12:46:27.765+0000] {dag.py:3089} INFO - Sync 1 DAGs
[2026-05-27T12:46:27.771+0000] {logging_mixin.py:188} INFO - [2026-05-27T12:46:27.771+0000] {dag.py:3947} INFO - Setting next_dagrun for minio_to_snowflake_banking to 2026-05-27 12:45:00+00:00, run_after=2026-05-27 12:46:00+00:00
[2026-05-27T12:46:27.777+0000] {processor.py:183} INFO - Processing /opt/airflow/dags/minio_to_snowflake_dag.py took 0.261 seconds
[2026-05-27T12:46:58.113+0000] {processor.py:161} INFO - Started process (PID=219) to work on /opt/airflow/dags/minio_to_snowflake_dag.py
[2026-05-27T12:46:58.115+0000] {processor.py:830} INFO - Processing file /opt/airflow/dags/minio_to_snowflake_dag.py for tasks to queue
[2026-05-27T12:46:58.116+0000] {logging_mixin.py:188} INFO - [2026-05-27T12:46:58.116+0000] {dagbag.py:545} INFO - Filling up the DagBag from /opt/airflow/dags/minio_to_snowflake_dag.py
[2026-05-27T12:46:58.350+0000] {processor.py:840} INFO - DAG(s) 'minio_to_snowflake_banking' retrieved from /opt/airflow/dags/minio_to_snowflake_dag.py
[2026-05-27T12:46:58.358+0000] {logging_mixin.py:188} INFO - [2026-05-27T12:46:58.357+0000] {dag.py:3089} INFO - Sync 1 DAGs
[2026-05-27T12:46:58.364+0000] {logging_mixin.py:188} INFO - [2026-05-27T12:46:58.364+0000] {dag.py:3947} INFO - Setting next_dagrun for minio_to_snowflake_banking to 2026-05-27 12:45:00+00:00, run_after=2026-05-27 12:46:00+00:00
[2026-05-27T12:46:58.370+0000] {processor.py:183} INFO - Processing /opt/airflow/dags/minio_to_snowflake_dag.py took 0.260 seconds
[2026-05-27T12:47:28.505+0000] {processor.py:161} INFO - Started process (PID=223) to work on /opt/airflow/dags/minio_to_snowflake_dag.py
[2026-05-27T12:47:28.506+0000] {processor.py:830} INFO - Processing file /opt/airflow/dags/minio_to_snowflake_dag.py for tasks to queue
[2026-05-27T12:47:28.508+0000] {logging_mixin.py:188} INFO - [2026-05-27T12:47:28.507+0000] {dagbag.py:545} INFO - Filling up the DagBag from /opt/airflow/dags/minio_to_snowflake_dag.py
[2026-05-27T12:47:28.741+0000] {processor.py:840} INFO - DAG(s) 'minio_to_snowflake_banking' retrieved from /opt/airflow/dags/minio_to_snowflake_dag.py
[2026-05-27T12:47:28.749+0000] {logging_mixin.py:188} INFO - [2026-05-27T12:47:28.749+0000] {dag.py:3089} INFO - Sync 1 DAGs
[2026-05-27T12:47:28.755+0000] {logging_mixin.py:188} INFO - [2026-05-27T12:47:28.755+0000] {dag.py:3947} INFO - Setting next_dagrun for minio_to_snowflake_banking to 2026-05-27 12:46:00+00:00, run_after=2026-05-27 12:47:00+00:00
[2026-05-27T12:47:28.761+0000] {processor.py:183} INFO - Processing /opt/airflow/dags/minio_to_snowflake_dag.py took 0.261 seconds
[2026-05-27T12:47:59.067+0000] {processor.py:161} INFO - Started process (PID=227) to work on /opt/airflow/dags/minio_to_snowflake_dag.py
[2026-05-27T12:47:59.068+0000] {processor.py:830} INFO - Processing file /opt/airflow/dags/minio_to_snowflake_dag.py for tasks to queue
[2026-05-27T12:47:59.070+0000] {logging_mixin.py:188} INFO - [2026-05-27T12:47:59.069+0000] {dagbag.py:545} INFO - Filling up the DagBag from /opt/airflow/dags/minio_to_snowflake_dag.py
[2026-05-27T12:47:59.301+0000] {processor.py:840} INFO - DAG(s) 'minio_to_snowflake_banking' retrieved from /opt/airflow/dags/minio_to_snowflake_dag.py
[2026-05-27T12:47:59.310+0000] {logging_mixin.py:188} INFO - [2026-05-27T12:47:59.309+0000] {dag.py:3089} INFO - Sync 1 DAGs
[2026-05-27T12:47:59.316+0000] {logging_mixin.py:188} INFO - [2026-05-27T12:47:59.316+0000] {dag.py:3947} INFO - Setting next_dagrun for minio_to_snowflake_banking to 2026-05-27 12:46:00+00:00, run_after=2026-05-27 12:47:00+00:00
[2026-05-27T12:47:59.321+0000] {processor.py:183} INFO - Processing /opt/airflow/dags/minio_to_snowflake_dag.py took 0.259 seconds
[2026-05-27T12:48:29.470+0000] {processor.py:161} INFO - Started process (PID=231) to work on /opt/airflow/dags/minio_to_snowflake_dag.py
[2026-05-27T12:48:29.471+0000] {processor.py:830} INFO - Processing file /opt/airflow/dags/minio_to_snowflake_dag.py for tasks to queue
[2026-05-27T12:48:29.473+0000] {logging_mixin.py:188} INFO - [2026-05-27T12:48:29.473+0000] {dagbag.py:545} INFO - Filling up the DagBag from /opt/airflow/dags/minio_to_snowflake_dag.py
[2026-05-27T12:48:29.706+0000] {processor.py:840} INFO - DAG(s) 'minio_to_snowflake_banking' retrieved from /opt/airflow/dags/minio_to_snowflake_dag.py
[2026-05-27T12:48:29.714+0000] {logging_mixin.py:188} INFO - [2026-05-27T12:48:29.714+0000] {dag.py:3089} INFO - Sync 1 DAGs
[2026-05-27T12:48:29.720+0000] {logging_mixin.py:188} INFO - [2026-05-27T12:48:29.720+0000] {dag.py:3947} INFO - Setting next_dagrun for minio_to_snowflake_banking to 2026-05-27 12:47:00+00:00, run_after=2026-05-27 12:48:00+00:00
[2026-05-27T12:48:29.725+0000] {processor.py:183} INFO - Processing /opt/airflow/dags/minio_to_snowflake_dag.py took 0.262 seconds
[2026-05-27T12:48:59.999+0000] {processor.py:161} INFO - Started process (PID=235) to work on /opt/airflow/dags/minio_to_snowflake_dag.py
[2026-05-27T12:49:00.001+0000] {processor.py:830} INFO - Processing file /opt/airflow/dags/minio_to_snowflake_dag.py for tasks to queue
[2026-05-27T12:49:00.002+0000] {logging_mixin.py:188} INFO - [2026-05-27T12:49:00.002+0000] {dagbag.py:545} INFO - Filling up the DagBag from /opt/airflow/dags/minio_to_snowflake_dag.py
[2026-05-27T12:49:00.246+0000] {processor.py:840} INFO - DAG(s) 'minio_to_snowflake_banking' retrieved from /opt/airflow/dags/minio_to_snowflake_dag.py
[2026-05-27T12:49:00.255+0000] {logging_mixin.py:188} INFO - [2026-05-27T12:49:00.255+0000] {dag.py:3089} INFO - Sync 1 DAGs
[2026-05-27T12:49:00.262+0000] {logging_mixin.py:188} INFO - [2026-05-27T12:49:00.262+0000] {dag.py:3947} INFO - Setting next_dagrun for minio_to_snowflake_banking to 2026-05-27 12:48:00+00:00, run_after=2026-05-27 12:49:00+00:00
[2026-05-27T12:49:00.267+0000] {processor.py:183} INFO - Processing /opt/airflow/dags/minio_to_snowflake_dag.py took 0.273 seconds
[2026-05-27T12:49:30.358+0000] {processor.py:161} INFO - Started process (PID=239) to work on /opt/airflow/dags/minio_to_snowflake_dag.py
[2026-05-27T12:49:30.359+0000] {processor.py:830} INFO - Processing file /opt/airflow/dags/minio_to_snowflake_dag.py for tasks to queue
[2026-05-27T12:49:30.361+0000] {logging_mixin.py:188} INFO - [2026-05-27T12:49:30.360+0000] {dagbag.py:545} INFO - Filling up the DagBag from /opt/airflow/dags/minio_to_snowflake_dag.py
[2026-05-27T12:49:30.594+0000] {processor.py:840} INFO - DAG(s) 'minio_to_snowflake_banking' retrieved from /opt/airflow/dags/minio_to_snowflake_dag.py
[2026-05-27T12:49:30.602+0000] {logging_mixin.py:188} INFO - [2026-05-27T12:49:30.601+0000] {dag.py:3089} INFO - Sync 1 DAGs
[2026-05-27T12:49:30.608+0000] {logging_mixin.py:188} INFO - [2026-05-27T12:49:30.608+0000] {dag.py:3947} INFO - Setting next_dagrun for minio_to_snowflake_banking to 2026-05-27 12:48:00+00:00, run_after=2026-05-27 12:49:00+00:00
[2026-05-27T12:49:30.613+0000] {processor.py:183} INFO - Processing /opt/airflow/dags/minio_to_snowflake_dag.py took 0.260 seconds
[2026-05-27T12:50:01.008+0000] {processor.py:161} INFO - Started process (PID=243) to work on /opt/airflow/dags/minio_to_snowflake_dag.py
[2026-05-27T12:50:01.009+0000] {processor.py:830} INFO - Processing file /opt/airflow/dags/minio_to_snowflake_dag.py for tasks to queue
[2026-05-27T12:50:01.011+0000] {logging_mixin.py:188} INFO - [2026-05-27T12:50:01.010+0000] {dagbag.py:545} INFO - Filling up the DagBag from /opt/airflow/dags/minio_to_snowflake_dag.py
[2026-05-27T12:50:01.244+0000] {processor.py:840} INFO - DAG(s) 'minio_to_snowflake_banking' retrieved from /opt/airflow/dags/minio_to_snowflake_dag.py
[2026-05-27T12:50:01.252+0000] {logging_mixin.py:188} INFO - [2026-05-27T12:50:01.252+0000] {dag.py:3089} INFO - Sync 1 DAGs
[2026-05-27T12:50:01.258+0000] {logging_mixin.py:188} INFO - [2026-05-27T12:50:01.258+0000] {dag.py:3947} INFO - Setting next_dagrun for minio_to_snowflake_banking to 2026-05-27 12:49:00+00:00, run_after=2026-05-27 12:50:00+00:00
[2026-05-27T12:50:01.263+0000] {processor.py:183} INFO - Processing /opt/airflow/dags/minio_to_snowflake_dag.py took 0.260 seconds
[2026-05-27T12:50:31.361+0000] {processor.py:161} INFO - Started process (PID=247) to work on /opt/airflow/dags/minio_to_snowflake_dag.py
[2026-05-27T12:50:31.362+0000] {processor.py:830} INFO - Processing file /opt/airflow/dags/minio_to_snowflake_dag.py for tasks to queue
[2026-05-27T12:50:31.364+0000] {logging_mixin.py:188} INFO - [2026-05-27T12:50:31.363+0000] {dagbag.py:545} INFO - Filling up the DagBag from /opt/airflow/dags/minio_to_snowflake_dag.py
[2026-05-27T12:50:31.601+0000] {processor.py:840} INFO - DAG(s) 'minio_to_snowflake_banking' retrieved from /opt/airflow/dags/minio_to_snowflake_dag.py
[2026-05-27T12:50:31.610+0000] {logging_mixin.py:188} INFO - [2026-05-27T12:50:31.609+0000] {dag.py:3089} INFO - Sync 1 DAGs
[2026-05-27T12:50:31.616+0000] {logging_mixin.py:188} INFO - [2026-05-27T12:50:31.616+0000] {dag.py:3947} INFO - Setting next_dagrun for minio_to_snowflake_banking to 2026-05-27 12:49:00+00:00, run_after=2026-05-27 12:50:00+00:00
[2026-05-27T12:50:31.620+0000] {processor.py:183} INFO - Processing /opt/airflow/dags/minio_to_snowflake_dag.py took 0.264 seconds
[2026-05-27T12:51:01.954+0000] {processor.py:161} INFO - Started process (PID=251) to work on /opt/airflow/dags/minio_to_snowflake_dag.py
[2026-05-27T12:51:01.955+0000] {processor.py:830} INFO - Processing file /opt/airflow/dags/minio_to_snowflake_dag.py for tasks to queue
[2026-05-27T12:51:01.956+0000] {logging_mixin.py:188} INFO - [2026-05-27T12:51:01.956+0000] {dagbag.py:545} INFO - Filling up the DagBag from /opt/airflow/dags/minio_to_snowflake_dag.py
[2026-05-27T12:51:02.189+0000] {processor.py:840} INFO - DAG(s) 'minio_to_snowflake_banking' retrieved from /opt/airflow/dags/minio_to_snowflake_dag.py
[2026-05-27T12:51:02.197+0000] {logging_mixin.py:188} INFO - [2026-05-27T12:51:02.197+0000] {dag.py:3089} INFO - Sync 1 DAGs
[2026-05-27T12:51:02.203+0000] {logging_mixin.py:188} INFO - [2026-05-27T12:51:02.203+0000] {dag.py:3947} INFO - Setting next_dagrun for minio_to_snowflake_banking to 2026-05-27 12:50:00+00:00, run_after=2026-05-27 12:51:00+00:00
[2026-05-27T12:51:02.208+0000] {processor.py:183} INFO - Processing /opt/airflow/dags/minio_to_snowflake_dag.py took 0.259 seconds
[2026-05-27T12:51:32.347+0000] {processor.py:161} INFO - Started process (PID=255) to work on /opt/airflow/dags/minio_to_snowflake_dag.py
[2026-05-27T12:51:32.348+0000] {processor.py:830} INFO - Processing file /opt/airflow/dags/minio_to_snowflake_dag.py for tasks to queue
[2026-05-27T12:51:32.349+0000] {logging_mixin.py:188} INFO - [2026-05-27T12:51:32.349+0000] {dagbag.py:545} INFO - Filling up the DagBag from /opt/airflow/dags/minio_to_snowflake_dag.py
[2026-05-27T12:51:32.584+0000] {processor.py:840} INFO - DAG(s) 'minio_to_snowflake_banking' retrieved from /opt/airflow/dags/minio_to_snowflake_dag.py
[2026-05-27T12:51:32.592+0000] {logging_mixin.py:188} INFO - [2026-05-27T12:51:32.592+0000] {dag.py:3089} INFO - Sync 1 DAGs
[2026-05-27T12:51:32.599+0000] {logging_mixin.py:188} INFO - [2026-05-27T12:51:32.599+0000] {dag.py:3947} INFO - Setting next_dagrun for minio_to_snowflake_banking to 2026-05-27 12:50:00+00:00, run_after=2026-05-27 12:51:00+00:00
[2026-05-27T12:51:32.604+0000] {processor.py:183} INFO - Processing /opt/airflow/dags/minio_to_snowflake_dag.py took 0.262 seconds
[2026-05-27T12:52:02.933+0000] {processor.py:161} INFO - Started process (PID=259) to work on /opt/airflow/dags/minio_to_snowflake_dag.py
[2026-05-27T12:52:02.934+0000] {processor.py:830} INFO - Processing file /opt/airflow/dags/minio_to_snowflake_dag.py for tasks to queue
[2026-05-27T12:52:02.936+0000] {logging_mixin.py:188} INFO - [2026-05-27T12:52:02.935+0000] {dagbag.py:545} INFO - Filling up the DagBag from /opt/airflow/dags/minio_to_snowflake_dag.py
[2026-05-27T12:52:03.169+0000] {processor.py:840} INFO - DAG(s) 'minio_to_snowflake_banking' retrieved from /opt/airflow/dags/minio_to_snowflake_dag.py
[2026-05-27T12:52:03.177+0000] {logging_mixin.py:188} INFO - [2026-05-27T12:52:03.176+0000] {dag.py:3089} INFO - Sync 1 DAGs
[2026-05-27T12:52:03.183+0000] {logging_mixin.py:188} INFO - [2026-05-27T12:52:03.183+0000] {dag.py:3947} INFO - Setting next_dagrun for minio_to_snowflake_banking to 2026-05-27 12:51:00+00:00, run_after=2026-05-27 12:52:00+00:00
[2026-05-27T12:52:03.188+0000] {processor.py:183} INFO - Processing /opt/airflow/dags/minio_to_snowflake_dag.py took 0.259 seconds
[2026-05-27T12:52:33.274+0000] {processor.py:161} INFO - Started process (PID=263) to work on /opt/airflow/dags/minio_to_snowflake_dag.py
[2026-05-27T12:52:33.275+0000] {processor.py:830} INFO - Processing file /opt/airflow/dags/minio_to_snowflake_dag.py for tasks to queue
[2026-05-27T12:52:33.277+0000] {logging_mixin.py:188} INFO - [2026-05-27T12:52:33.277+0000] {dagbag.py:545} INFO - Filling up the DagBag from /opt/airflow/dags/minio_to_snowflake_dag.py
[2026-05-27T12:52:33.509+0000] {processor.py:840} INFO - DAG(s) 'minio_to_snowflake_banking' retrieved from /opt/airflow/dags/minio_to_snowflake_dag.py
[2026-05-27T12:52:33.518+0000] {logging_mixin.py:188} INFO - [2026-05-27T12:52:33.517+0000] {dag.py:3089} INFO - Sync 1 DAGs
[2026-05-27T12:52:33.524+0000] {logging_mixin.py:188} INFO - [2026-05-27T12:52:33.524+0000] {dag.py:3947} INFO - Setting next_dagrun for minio_to_snowflake_banking to 2026-05-27 12:51:00+00:00, run_after=2026-05-27 12:52:00+00:00
[2026-05-27T12:52:33.529+0000] {processor.py:183} INFO - Processing /opt/airflow/dags/minio_to_snowflake_dag.py took 0.260 seconds
[2026-05-27T12:53:03.592+0000] {processor.py:161} INFO - Started process (PID=267) to work on /opt/airflow/dags/minio_to_snowflake_dag.py
[2026-05-27T12:53:03.593+0000] {processor.py:830} INFO - Processing file /opt/airflow/dags/minio_to_snowflake_dag.py for tasks to queue
[2026-05-27T12:53:03.595+0000] {logging_mixin.py:188} INFO - [2026-05-27T12:53:03.594+0000] {dagbag.py:545} INFO - Filling up the DagBag from /opt/airflow/dags/minio_to_snowflake_dag.py
[2026-05-27T12:53:03.834+0000] {processor.py:840} INFO - DAG(s) 'minio_to_snowflake_banking' retrieved from /opt/airflow/dags/minio_to_snowflake_dag.py
[2026-05-27T12:53:03.841+0000] {logging_mixin.py:188} INFO - [2026-05-27T12:53:03.841+0000] {dag.py:3089} INFO - Sync 1 DAGs
[2026-05-27T12:53:03.847+0000] {logging_mixin.py:188} INFO - [2026-05-27T12:53:03.847+0000] {dag.py:3947} INFO - Setting next_dagrun for minio_to_snowflake_banking to 2026-05-27 12:52:00+00:00, run_after=2026-05-27 12:53:00+00:00
[2026-05-27T12:53:03.853+0000] {processor.py:183} INFO - Processing /opt/airflow/dags/minio_to_snowflake_dag.py took 0.266 seconds
[2026-05-27T12:53:34.171+0000] {processor.py:161} INFO - Started process (PID=271) to work on /opt/airflow/dags/minio_to_snowflake_dag.py
[2026-05-27T12:53:34.172+0000] {processor.py:830} INFO - Processing file /opt/airflow/dags/minio_to_snowflake_dag.py for tasks to queue
[2026-05-27T12:53:34.173+0000] {logging_mixin.py:188} INFO - [2026-05-27T12:53:34.173+0000] {dagbag.py:545} INFO - Filling up the DagBag from /opt/airflow/dags/minio_to_snowflake_dag.py
[2026-05-27T12:53:34.422+0000] {processor.py:840} INFO - DAG(s) 'minio_to_snowflake_banking' retrieved from /opt/airflow/dags/minio_to_snowflake_dag.py
[2026-05-27T12:53:34.430+0000] {logging_mixin.py:188} INFO - [2026-05-27T12:53:34.430+0000] {dag.py:3089} INFO - Sync 1 DAGs
[2026-05-27T12:53:34.436+0000] {logging_mixin.py:188} INFO - [2026-05-27T12:53:34.436+0000] {dag.py:3947} INFO - Setting next_dagrun for minio_to_snowflake_banking to 2026-05-27 12:52:00+00:00, run_after=2026-05-27 12:53:00+00:00
[2026-05-27T12:53:34.443+0000] {processor.py:183} INFO - Processing /opt/airflow/dags/minio_to_snowflake_dag.py took 0.275 seconds
[2026-05-27T12:54:04.744+0000] {processor.py:161} INFO - Started process (PID=275) to work on /opt/airflow/dags/minio_to_snowflake_dag.py
[2026-05-27T12:54:04.745+0000] {processor.py:830} INFO - Processing file /opt/airflow/dags/minio_to_snowflake_dag.py for tasks to queue
[2026-05-27T12:54:04.746+0000] {logging_mixin.py:188} INFO - [2026-05-27T12:54:04.746+0000] {dagbag.py:545} INFO - Filling up the DagBag from /opt/airflow/dags/minio_to_snowflake_dag.py
[2026-05-27T12:54:04.983+0000] {processor.py:840} INFO - DAG(s) 'minio_to_snowflake_banking' retrieved from /opt/airflow/dags/minio_to_snowflake_dag.py
[2026-05-27T12:54:04.991+0000] {logging_mixin.py:188} INFO - [2026-05-27T12:54:04.991+0000] {dag.py:3089} INFO - Sync 1 DAGs
[2026-05-27T12:54:04.998+0000] {logging_mixin.py:188} INFO - [2026-05-27T12:54:04.997+0000] {dag.py:3947} INFO - Setting next_dagrun for minio_to_snowflake_banking to 2026-05-27 12:53:00+00:00, run_after=2026-05-27 12:54:00+00:00
[2026-05-27T12:54:05.003+0000] {processor.py:183} INFO - Processing /opt/airflow/dags/minio_to_snowflake_dag.py took 0.263 seconds
[2026-05-27T12:54:35.046+0000] {processor.py:161} INFO - Started process (PID=279) to work on /opt/airflow/dags/minio_to_snowflake_dag.py
[2026-05-27T12:54:35.047+0000] {processor.py:830} INFO - Processing file /opt/airflow/dags/minio_to_snowflake_dag.py for tasks to queue
[2026-05-27T12:54:35.049+0000] {logging_mixin.py:188} INFO - [2026-05-27T12:54:35.048+0000] {dagbag.py:545} INFO - Filling up the DagBag from /opt/airflow/dags/minio_to_snowflake_dag.py
[2026-05-27T12:54:35.272+0000] {processor.py:840} INFO - DAG(s) 'minio_to_snowflake_banking' retrieved from /opt/airflow/dags/minio_to_snowflake_dag.py
[2026-05-27T12:54:35.280+0000] {logging_mixin.py:188} INFO - [2026-05-27T12:54:35.280+0000] {dag.py:3089} INFO - Sync 1 DAGs
[2026-05-27T12:54:35.286+0000] {logging_mixin.py:188} INFO - [2026-05-27T12:54:35.286+0000] {dag.py:3947} INFO - Setting next_dagrun for minio_to_snowflake_banking to 2026-05-27 12:53:00+00:00, run_after=2026-05-27 12:54:00+00:00
[2026-05-27T12:54:35.291+0000] {processor.py:183} INFO - Processing /opt/airflow/dags/minio_to_snowflake_dag.py took 0.251 seconds
[2026-05-27T12:55:05.553+0000] {processor.py:161} INFO - Started process (PID=283) to work on /opt/airflow/dags/minio_to_snowflake_dag.py
[2026-05-27T12:55:05.554+0000] {processor.py:830} INFO - Processing file /opt/airflow/dags/minio_to_snowflake_dag.py for tasks to queue
[2026-05-27T12:55:05.556+0000] {logging_mixin.py:188} INFO - [2026-05-27T12:55:05.555+0000] {dagbag.py:545} INFO - Filling up the DagBag from /opt/airflow/dags/minio_to_snowflake_dag.py
[2026-05-27T12:55:05.790+0000] {processor.py:840} INFO - DAG(s) 'minio_to_snowflake_banking' retrieved from /opt/airflow/dags/minio_to_snowflake_dag.py
[2026-05-27T12:55:05.798+0000] {logging_mixin.py:188} INFO - [2026-05-27T12:55:05.798+0000] {dag.py:3089} INFO - Sync 1 DAGs
[2026-05-27T12:55:05.805+0000] {logging_mixin.py:188} INFO - [2026-05-27T12:55:05.805+0000] {dag.py:3947} INFO - Setting next_dagrun for minio_to_snowflake_banking to 2026-05-27 12:54:00+00:00, run_after=2026-05-27 12:55:00+00:00
[2026-05-27T12:55:05.809+0000] {processor.py:183} INFO - Processing /opt/airflow/dags/minio_to_snowflake_dag.py took 0.261 seconds
[2026-05-27T12:55:36.028+0000] {processor.py:161} INFO - Started process (PID=287) to work on /opt/airflow/dags/minio_to_snowflake_dag.py
[2026-05-27T12:55:36.029+0000] {processor.py:830} INFO - Processing file /opt/airflow/dags/minio_to_snowflake_dag.py for tasks to queue
[2026-05-27T12:55:36.030+0000] {logging_mixin.py:188} INFO - [2026-05-27T12:55:36.030+0000] {dagbag.py:545} INFO - Filling up the DagBag from /opt/airflow/dags/minio_to_snowflake_dag.py
[2026-05-27T12:55:36.273+0000] {processor.py:840} INFO - DAG(s) 'minio_to_snowflake_banking' retrieved from /opt/airflow/dags/minio_to_snowflake_dag.py
[2026-05-27T12:55:36.281+0000] {logging_mixin.py:188} INFO - [2026-05-27T12:55:36.281+0000] {dag.py:3089} INFO - Sync 1 DAGs
[2026-05-27T12:55:36.287+0000] {logging_mixin.py:188} INFO - [2026-05-27T12:55:36.287+0000] {dag.py:3947} INFO - Setting next_dagrun for minio_to_snowflake_banking to 2026-05-27 12:54:00+00:00, run_after=2026-05-27 12:55:00+00:00
[2026-05-27T12:55:36.292+0000] {processor.py:183} INFO - Processing /opt/airflow/dags/minio_to_snowflake_dag.py took 0.268 seconds
[2026-05-27T12:56:06.539+0000] {processor.py:161} INFO - Started process (PID=291) to work on /opt/airflow/dags/minio_to_snowflake_dag.py
[2026-05-27T12:56:06.540+0000] {processor.py:830} INFO - Processing file /opt/airflow/dags/minio_to_snowflake_dag.py for tasks to queue
[2026-05-27T12:56:06.541+0000] {logging_mixin.py:188} INFO - [2026-05-27T12:56:06.541+0000] {dagbag.py:545} INFO - Filling up the DagBag from /opt/airflow/dags/minio_to_snowflake_dag.py
[2026-05-27T12:56:06.788+0000] {processor.py:840} INFO - DAG(s) 'minio_to_snowflake_banking' retrieved from /opt/airflow/dags/minio_to_snowflake_dag.py
[2026-05-27T12:56:06.796+0000] {logging_mixin.py:188} INFO - [2026-05-27T12:56:06.796+0000] {dag.py:3089} INFO - Sync 1 DAGs
[2026-05-27T12:56:06.803+0000] {logging_mixin.py:188} INFO - [2026-05-27T12:56:06.803+0000] {dag.py:3947} INFO - Setting next_dagrun for minio_to_snowflake_banking to 2026-05-27 12:55:00+00:00, run_after=2026-05-27 12:56:00+00:00
[2026-05-27T12:56:06.809+0000] {processor.py:183} INFO - Processing /opt/airflow/dags/minio_to_snowflake_dag.py took 0.276 seconds
[2026-05-27T12:56:37.046+0000] {processor.py:161} INFO - Started process (PID=295) to work on /opt/airflow/dags/minio_to_snowflake_dag.py
[2026-05-27T12:56:37.047+0000] {processor.py:830} INFO - Processing file /opt/airflow/dags/minio_to_snowflake_dag.py for tasks to queue
[2026-05-27T12:56:37.049+0000] {logging_mixin.py:188} INFO - [2026-05-27T12:56:37.048+0000] {dagbag.py:545} INFO - Filling up the DagBag from /opt/airflow/dags/minio_to_snowflake_dag.py
[2026-05-27T12:56:37.277+0000] {processor.py:840} INFO - DAG(s) 'minio_to_snowflake_banking' retrieved from /opt/airflow/dags/minio_to_snowflake_dag.py
[2026-05-27T12:56:37.287+0000] {logging_mixin.py:188} INFO - [2026-05-27T12:56:37.287+0000] {dag.py:3089} INFO - Sync 1 DAGs
[2026-05-27T12:56:37.294+0000] {logging_mixin.py:188} INFO - [2026-05-27T12:56:37.294+0000] {dag.py:3947} INFO - Setting next_dagrun for minio_to_snowflake_banking to 2026-05-27 12:55:00+00:00, run_after=2026-05-27 12:56:00+00:00
[2026-05-27T12:56:37.299+0000] {processor.py:183} INFO - Processing /opt/airflow/dags/minio_to_snowflake_dag.py took 0.257 seconds
[2026-05-27T12:57:07.522+0000] {processor.py:161} INFO - Started process (PID=299) to work on /opt/airflow/dags/minio_to_snowflake_dag.py
[2026-05-27T12:57:07.523+0000] {processor.py:830} INFO - Processing file /opt/airflow/dags/minio_to_snowflake_dag.py for tasks to queue
[2026-05-27T12:57:07.524+0000] {logging_mixin.py:188} INFO - [2026-05-27T12:57:07.524+0000] {dagbag.py:545} INFO - Filling up the DagBag from /opt/airflow/dags/minio_to_snowflake_dag.py
[2026-05-27T12:57:07.747+0000] {processor.py:840} INFO - DAG(s) 'minio_to_snowflake_banking' retrieved from /opt/airflow/dags/minio_to_snowflake_dag.py
[2026-05-27T12:57:07.756+0000] {logging_mixin.py:188} INFO - [2026-05-27T12:57:07.755+0000] {dag.py:3089} INFO - Sync 1 DAGs
[2026-05-27T12:57:07.762+0000] {logging_mixin.py:188} INFO - [2026-05-27T12:57:07.762+0000] {dag.py:3947} INFO - Setting next_dagrun for minio_to_snowflake_banking to 2026-05-27 12:56:00+00:00, run_after=2026-05-27 12:57:00+00:00
[2026-05-27T12:57:07.767+0000] {processor.py:183} INFO - Processing /opt/airflow/dags/minio_to_snowflake_dag.py took 0.248 seconds
[2026-05-27T12:57:37.819+0000] {processor.py:161} INFO - Started process (PID=303) to work on /opt/airflow/dags/minio_to_snowflake_dag.py
[2026-05-27T12:57:37.820+0000] {processor.py:830} INFO - Processing file /opt/airflow/dags/minio_to_snowflake_dag.py for tasks to queue
[2026-05-27T12:57:37.822+0000] {logging_mixin.py:188} INFO - [2026-05-27T12:57:37.821+0000] {dagbag.py:545} INFO - Filling up the DagBag from /opt/airflow/dags/minio_to_snowflake_dag.py
[2026-05-27T12:57:38.051+0000] {processor.py:840} INFO - DAG(s) 'minio_to_snowflake_banking' retrieved from /opt/airflow/dags/minio_to_snowflake_dag.py
[2026-05-27T12:57:38.058+0000] {logging_mixin.py:188} INFO - [2026-05-27T12:57:38.058+0000] {dag.py:3089} INFO - Sync 1 DAGs
[2026-05-27T12:57:38.064+0000] {logging_mixin.py:188} INFO - [2026-05-27T12:57:38.064+0000] {dag.py:3947} INFO - Setting next_dagrun for minio_to_snowflake_banking to 2026-05-27 12:56:00+00:00, run_after=2026-05-27 12:57:00+00:00
[2026-05-27T12:57:38.069+0000] {processor.py:183} INFO - Processing /opt/airflow/dags/minio_to_snowflake_dag.py took 0.255 seconds
[2026-05-27T12:58:08.250+0000] {processor.py:161} INFO - Started process (PID=307) to work on /opt/airflow/dags/minio_to_snowflake_dag.py
[2026-05-27T12:58:08.251+0000] {processor.py:830} INFO - Processing file /opt/airflow/dags/minio_to_snowflake_dag.py for tasks to queue
[2026-05-27T12:58:08.254+0000] {logging_mixin.py:188} INFO - [2026-05-27T12:58:08.254+0000] {dagbag.py:545} INFO - Filling up the DagBag from /opt/airflow/dags/minio_to_snowflake_dag.py
[2026-05-27T12:58:08.477+0000] {processor.py:840} INFO - DAG(s) 'minio_to_snowflake_banking' retrieved from /opt/airflow/dags/minio_to_snowflake_dag.py
[2026-05-27T12:58:08.485+0000] {logging_mixin.py:188} INFO - [2026-05-27T12:58:08.485+0000] {dag.py:3089} INFO - Sync 1 DAGs
[2026-05-27T12:58:08.491+0000] {logging_mixin.py:188} INFO - [2026-05-27T12:58:08.491+0000] {dag.py:3947} INFO - Setting next_dagrun for minio_to_snowflake_banking to 2026-05-27 12:57:00+00:00, run_after=2026-05-27 12:58:00+00:00
[2026-05-27T12:58:08.497+0000] {processor.py:183} INFO - Processing /opt/airflow/dags/minio_to_snowflake_dag.py took 0.252 seconds
[2026-05-27T12:58:38.768+0000] {processor.py:161} INFO - Started process (PID=311) to work on /opt/airflow/dags/minio_to_snowflake_dag.py
[2026-05-27T12:58:38.769+0000] {processor.py:830} INFO - Processing file /opt/airflow/dags/minio_to_snowflake_dag.py for tasks to queue
[2026-05-27T12:58:38.771+0000] {logging_mixin.py:188} INFO - [2026-05-27T12:58:38.771+0000] {dagbag.py:545} INFO - Filling up the DagBag from /opt/airflow/dags/minio_to_snowflake_dag.py
[2026-05-27T12:58:38.998+0000] {processor.py:840} INFO - DAG(s) 'minio_to_snowflake_banking' retrieved from /opt/airflow/dags/minio_to_snowflake_dag.py
[2026-05-27T12:58:39.006+0000] {logging_mixin.py:188} INFO - [2026-05-27T12:58:39.006+0000] {dag.py:3089} INFO - Sync 1 DAGs
[2026-05-27T12:58:39.012+0000] {logging_mixin.py:188} INFO - [2026-05-27T12:58:39.012+0000] {dag.py:3947} INFO - Setting next_dagrun for minio_to_snowflake_banking to 2026-05-27 12:57:00+00:00, run_after=2026-05-27 12:58:00+00:00
[2026-05-27T12:58:39.018+0000] {processor.py:183} INFO - Processing /opt/airflow/dags/minio_to_snowflake_dag.py took 0.254 seconds
[2026-05-27T12:59:09.061+0000] {processor.py:161} INFO - Started process (PID=315) to work on /opt/airflow/dags/minio_to_snowflake_dag.py
[2026-05-27T12:59:09.062+0000] {processor.py:830} INFO - Processing file /opt/airflow/dags/minio_to_snowflake_dag.py for tasks to queue
[2026-05-27T12:59:09.064+0000] {logging_mixin.py:188} INFO - [2026-05-27T12:59:09.063+0000] {dagbag.py:545} INFO - Filling up the DagBag from /opt/airflow/dags/minio_to_snowflake_dag.py
[2026-05-27T12:59:09.289+0000] {processor.py:840} INFO - DAG(s) 'minio_to_snowflake_banking' retrieved from /opt/airflow/dags/minio_to_snowflake_dag.py
[2026-05-27T12:59:09.297+0000] {logging_mixin.py:188} INFO - [2026-05-27T12:59:09.297+0000] {dag.py:3089} INFO - Sync 1 DAGs
[2026-05-27T12:59:09.303+0000] {logging_mixin.py:188} INFO - [2026-05-27T12:59:09.303+0000] {dag.py:3947} INFO - Setting next_dagrun for minio_to_snowflake_banking to 2026-05-27 12:58:00+00:00, run_after=2026-05-27 12:59:00+00:00
[2026-05-27T12:59:09.308+0000] {processor.py:183} INFO - Processing /opt/airflow/dags/minio_to_snowflake_dag.py took 0.252 seconds
[2026-05-27T12:59:39.572+0000] {processor.py:161} INFO - Started process (PID=319) to work on /opt/airflow/dags/minio_to_snowflake_dag.py
[2026-05-27T12:59:39.573+0000] {processor.py:830} INFO - Processing file /opt/airflow/dags/minio_to_snowflake_dag.py for tasks to queue
[2026-05-27T12:59:39.575+0000] {logging_mixin.py:188} INFO - [2026-05-27T12:59:39.574+0000] {dagbag.py:545} INFO - Filling up the DagBag from /opt/airflow/dags/minio_to_snowflake_dag.py
[2026-05-27T12:59:39.799+0000] {processor.py:840} INFO - DAG(s) 'minio_to_snowflake_banking' retrieved from /opt/airflow/dags/minio_to_snowflake_dag.py
[2026-05-27T12:59:39.808+0000] {logging_mixin.py:188} INFO - [2026-05-27T12:59:39.807+0000] {dag.py:3089} INFO - Sync 1 DAGs
[2026-05-27T12:59:39.814+0000] {logging_mixin.py:188} INFO - [2026-05-27T12:59:39.813+0000] {dag.py:3947} INFO - Setting next_dagrun for minio_to_snowflake_banking to 2026-05-27 12:58:00+00:00, run_after=2026-05-27 12:59:00+00:00
[2026-05-27T12:59:39.819+0000] {processor.py:183} INFO - Processing /opt/airflow/dags/minio_to_snowflake_dag.py took 0.251 seconds
[2026-05-27T13:00:10.093+0000] {processor.py:161} INFO - Started process (PID=323) to work on /opt/airflow/dags/minio_to_snowflake_dag.py
[2026-05-27T13:00:10.094+0000] {processor.py:830} INFO - Processing file /opt/airflow/dags/minio_to_snowflake_dag.py for tasks to queue
[2026-05-27T13:00:10.095+0000] {logging_mixin.py:188} INFO - [2026-05-27T13:00:10.095+0000] {dagbag.py:545} INFO - Filling up the DagBag from /opt/airflow/dags/minio_to_snowflake_dag.py
[2026-05-27T13:00:10.351+0000] {processor.py:840} INFO - DAG(s) 'minio_to_snowflake_banking' retrieved from /opt/airflow/dags/minio_to_snowflake_dag.py
[2026-05-27T13:00:10.360+0000] {logging_mixin.py:188} INFO - [2026-05-27T13:00:10.360+0000] {dag.py:3089} INFO - Sync 1 DAGs
[2026-05-27T13:00:10.367+0000] {logging_mixin.py:188} INFO - [2026-05-27T13:00:10.367+0000] {dag.py:3947} INFO - Setting next_dagrun for minio_to_snowflake_banking to 2026-05-27 12:59:00+00:00, run_after=2026-05-27 13:00:00+00:00
[2026-05-27T13:00:10.372+0000] {processor.py:183} INFO - Processing /opt/airflow/dags/minio_to_snowflake_dag.py took 0.283 seconds
[2026-05-27T13:00:40.595+0000] {processor.py:161} INFO - Started process (PID=327) to work on /opt/airflow/dags/minio_to_snowflake_dag.py
[2026-05-27T13:00:40.596+0000] {processor.py:830} INFO - Processing file /opt/airflow/dags/minio_to_snowflake_dag.py for tasks to queue
[2026-05-27T13:00:40.597+0000] {logging_mixin.py:188} INFO - [2026-05-27T13:00:40.597+0000] {dagbag.py:545} INFO - Filling up the DagBag from /opt/airflow/dags/minio_to_snowflake_dag.py
[2026-05-27T13:00:40.862+0000] {processor.py:840} INFO - DAG(s) 'minio_to_snowflake_banking' retrieved from /opt/airflow/dags/minio_to_snowflake_dag.py
[2026-05-27T13:00:40.872+0000] {logging_mixin.py:188} INFO - [2026-05-27T13:00:40.872+0000] {dag.py:3089} INFO - Sync 1 DAGs
[2026-05-27T13:00:40.879+0000] {logging_mixin.py:188} INFO - [2026-05-27T13:00:40.879+0000] {dag.py:3947} INFO - Setting next_dagrun for minio_to_snowflake_banking to 2026-05-27 12:59:00+00:00, run_after=2026-05-27 13:00:00+00:00
[2026-05-27T13:00:40.884+0000] {processor.py:183} INFO - Processing /opt/airflow/dags/minio_to_snowflake_dag.py took 0.292 seconds
[2026-05-27T13:01:11.128+0000] {processor.py:161} INFO - Started process (PID=331) to work on /opt/airflow/dags/minio_to_snowflake_dag.py
[2026-05-27T13:01:11.129+0000] {processor.py:830} INFO - Processing file /opt/airflow/dags/minio_to_snowflake_dag.py for tasks to queue
[2026-05-27T13:01:11.130+0000] {logging_mixin.py:188} INFO - [2026-05-27T13:01:11.130+0000] {dagbag.py:545} INFO - Filling up the DagBag from /opt/airflow/dags/minio_to_snowflake_dag.py
[2026-05-27T13:01:11.375+0000] {processor.py:840} INFO - DAG(s) 'minio_to_snowflake_banking' retrieved from /opt/airflow/dags/minio_to_snowflake_dag.py
[2026-05-27T13:01:11.385+0000] {logging_mixin.py:188} INFO - [2026-05-27T13:01:11.385+0000] {dag.py:3089} INFO - Sync 1 DAGs
[2026-05-27T13:01:11.392+0000] {logging_mixin.py:188} INFO - [2026-05-27T13:01:11.392+0000] {dag.py:3947} INFO - Setting next_dagrun for minio_to_snowflake_banking to 2026-05-27 13:00:00+00:00, run_after=2026-05-27 13:01:00+00:00
[2026-05-27T13:01:11.399+0000] {processor.py:183} INFO - Processing /opt/airflow/dags/minio_to_snowflake_dag.py took 0.274 seconds
[2026-05-27T13:01:41.611+0000] {processor.py:161} INFO - Started process (PID=335) to work on /opt/airflow/dags/minio_to_snowflake_dag.py
[2026-05-27T13:01:41.612+0000] {processor.py:830} INFO - Processing file /opt/airflow/dags/minio_to_snowflake_dag.py for tasks to queue
[2026-05-27T13:01:41.613+0000] {logging_mixin.py:188} INFO - [2026-05-27T13:01:41.613+0000] {dagbag.py:545} INFO - Filling up the DagBag from /opt/airflow/dags/minio_to_snowflake_dag.py
[2026-05-27T13:01:41.874+0000] {processor.py:840} INFO - DAG(s) 'minio_to_snowflake_banking' retrieved from /opt/airflow/dags/minio_to_snowflake_dag.py
[2026-05-27T13:01:41.883+0000] {logging_mixin.py:188} INFO - [2026-05-27T13:01:41.883+0000] {dag.py:3089} INFO - Sync 1 DAGs
[2026-05-27T13:01:41.891+0000] {logging_mixin.py:188} INFO - [2026-05-27T13:01:41.891+0000] {dag.py:3947} INFO - Setting next_dagrun for minio_to_snowflake_banking to 2026-05-27 13:00:00+00:00, run_after=2026-05-27 13:01:00+00:00
[2026-05-27T13:01:41.896+0000] {processor.py:183} INFO - Processing /opt/airflow/dags/minio_to_snowflake_dag.py took 0.289 seconds
[2026-05-27T13:02:12.135+0000] {processor.py:161} INFO - Started process (PID=339) to work on /opt/airflow/dags/minio_to_snowflake_dag.py
[2026-05-27T13:02:12.136+0000] {processor.py:830} INFO - Processing file /opt/airflow/dags/minio_to_snowflake_dag.py for tasks to queue
[2026-05-27T13:02:12.137+0000] {logging_mixin.py:188} INFO - [2026-05-27T13:02:12.137+0000] {dagbag.py:545} INFO - Filling up the DagBag from /opt/airflow/dags/minio_to_snowflake_dag.py
[2026-05-27T13:02:12.394+0000] {processor.py:840} INFO - DAG(s) 'minio_to_snowflake_banking' retrieved from /opt/airflow/dags/minio_to_snowflake_dag.py
[2026-05-27T13:02:12.402+0000] {logging_mixin.py:188} INFO - [2026-05-27T13:02:12.402+0000] {dag.py:3089} INFO - Sync 1 DAGs
[2026-05-27T13:02:12.409+0000] {logging_mixin.py:188} INFO - [2026-05-27T13:02:12.408+0000] {dag.py:3947} INFO - Setting next_dagrun for minio_to_snowflake_banking to 2026-05-27 13:01:00+00:00, run_after=2026-05-27 13:02:00+00:00
[2026-05-27T13:02:12.414+0000] {processor.py:183} INFO - Processing /opt/airflow/dags/minio_to_snowflake_dag.py took 0.283 seconds
[2026-05-27T13:02:42.660+0000] {processor.py:161} INFO - Started process (PID=343) to work on /opt/airflow/dags/minio_to_snowflake_dag.py
[2026-05-27T13:02:42.661+0000] {processor.py:830} INFO - Processing file /opt/airflow/dags/minio_to_snowflake_dag.py for tasks to queue
[2026-05-27T13:02:42.662+0000] {logging_mixin.py:188} INFO - [2026-05-27T13:02:42.662+0000] {dagbag.py:545} INFO - Filling up the DagBag from /opt/airflow/dags/minio_to_snowflake_dag.py
[2026-05-27T13:02:42.923+0000] {processor.py:840} INFO - DAG(s) 'minio_to_snowflake_banking' retrieved from /opt/airflow/dags/minio_to_snowflake_dag.py
[2026-05-27T13:02:42.932+0000] {logging_mixin.py:188} INFO - [2026-05-27T13:02:42.932+0000] {dag.py:3089} INFO - Sync 1 DAGs
[2026-05-27T13:02:42.939+0000] {logging_mixin.py:188} INFO - [2026-05-27T13:02:42.939+0000] {dag.py:3947} INFO - Setting next_dagrun for minio_to_snowflake_banking to 2026-05-27 13:01:00+00:00, run_after=2026-05-27 13:02:00+00:00
[2026-05-27T13:02:42.945+0000] {processor.py:183} INFO - Processing /opt/airflow/dags/minio_to_snowflake_dag.py took 0.289 seconds
[2026-05-27T13:03:13.205+0000] {processor.py:161} INFO - Started process (PID=347) to work on /opt/airflow/dags/minio_to_snowflake_dag.py
[2026-05-27T13:03:13.206+0000] {processor.py:830} INFO - Processing file /opt/airflow/dags/minio_to_snowflake_dag.py for tasks to queue
[2026-05-27T13:03:13.208+0000] {logging_mixin.py:188} INFO - [2026-05-27T13:03:13.207+0000] {dagbag.py:545} INFO - Filling up the DagBag from /opt/airflow/dags/minio_to_snowflake_dag.py
[2026-05-27T13:03:13.456+0000] {processor.py:840} INFO - DAG(s) 'minio_to_snowflake_banking' retrieved from /opt/airflow/dags/minio_to_snowflake_dag.py
[2026-05-27T13:03:13.466+0000] {logging_mixin.py:188} INFO - [2026-05-27T13:03:13.466+0000] {dag.py:3089} INFO - Sync 1 DAGs
[2026-05-27T13:03:13.474+0000] {logging_mixin.py:188} INFO - [2026-05-27T13:03:13.474+0000] {dag.py:3947} INFO - Setting next_dagrun for minio_to_snowflake_banking to 2026-05-27 13:02:00+00:00, run_after=2026-05-27 13:03:00+00:00
[2026-05-27T13:03:13.480+0000] {processor.py:183} INFO - Processing /opt/airflow/dags/minio_to_snowflake_dag.py took 0.279 seconds
[2026-05-27T13:03:43.679+0000] {processor.py:161} INFO - Started process (PID=351) to work on /opt/airflow/dags/minio_to_snowflake_dag.py
[2026-05-27T13:03:43.680+0000] {processor.py:830} INFO - Processing file /opt/airflow/dags/minio_to_snowflake_dag.py for tasks to queue
[2026-05-27T13:03:43.681+0000] {logging_mixin.py:188} INFO - [2026-05-27T13:03:43.681+0000] {dagbag.py:545} INFO - Filling up the DagBag from /opt/airflow/dags/minio_to_snowflake_dag.py
[2026-05-27T13:03:43.922+0000] {processor.py:840} INFO - DAG(s) 'minio_to_snowflake_banking' retrieved from /opt/airflow/dags/minio_to_snowflake_dag.py
[2026-05-27T13:03:43.931+0000] {logging_mixin.py:188} INFO - [2026-05-27T13:03:43.931+0000] {dag.py:3089} INFO - Sync 1 DAGs
[2026-05-27T13:03:43.937+0000] {logging_mixin.py:188} INFO - [2026-05-27T13:03:43.937+0000] {dag.py:3947} INFO - Setting next_dagrun for minio_to_snowflake_banking to 2026-05-27 13:02:00+00:00, run_after=2026-05-27 13:03:00+00:00
[2026-05-27T13:03:43.943+0000] {processor.py:183} INFO - Processing /opt/airflow/dags/minio_to_snowflake_dag.py took 0.268 seconds
[2026-05-27T13:04:14.194+0000] {processor.py:161} INFO - Started process (PID=355) to work on /opt/airflow/dags/minio_to_snowflake_dag.py
[2026-05-27T13:04:14.195+0000] {processor.py:830} INFO - Processing file /opt/airflow/dags/minio_to_snowflake_dag.py for tasks to queue
[2026-05-27T13:04:14.197+0000] {logging_mixin.py:188} INFO - [2026-05-27T13:04:14.196+0000] {dagbag.py:545} INFO - Filling up the DagBag from /opt/airflow/dags/minio_to_snowflake_dag.py
[2026-05-27T13:04:14.437+0000] {processor.py:840} INFO - DAG(s) 'minio_to_snowflake_banking' retrieved from /opt/airflow/dags/minio_to_snowflake_dag.py
[2026-05-27T13:04:14.445+0000] {logging_mixin.py:188} INFO - [2026-05-27T13:04:14.445+0000] {dag.py:3089} INFO - Sync 1 DAGs
[2026-05-27T13:04:14.451+0000] {logging_mixin.py:188} INFO - [2026-05-27T13:04:14.451+0000] {dag.py:3947} INFO - Setting next_dagrun for minio_to_snowflake_banking to 2026-05-27 13:03:00+00:00, run_after=2026-05-27 13:04:00+00:00
[2026-05-27T13:04:14.457+0000] {processor.py:183} INFO - Processing /opt/airflow/dags/minio_to_snowflake_dag.py took 0.267 seconds
[2026-05-27T13:04:44.667+0000] {processor.py:161} INFO - Started process (PID=359) to work on /opt/airflow/dags/minio_to_snowflake_dag.py
[2026-05-27T13:04:44.668+0000] {processor.py:830} INFO - Processing file /opt/airflow/dags/minio_to_snowflake_dag.py for tasks to queue
[2026-05-27T13:04:44.669+0000] {logging_mixin.py:188} INFO - [2026-05-27T13:04:44.669+0000] {dagbag.py:545} INFO - Filling up the DagBag from /opt/airflow/dags/minio_to_snowflake_dag.py
[2026-05-27T13:04:44.909+0000] {processor.py:840} INFO - DAG(s) 'minio_to_snowflake_banking' retrieved from /opt/airflow/dags/minio_to_snowflake_dag.py
[2026-05-27T13:04:44.918+0000] {logging_mixin.py:188} INFO - [2026-05-27T13:04:44.917+0000] {dag.py:3089} INFO - Sync 1 DAGs
[2026-05-27T13:04:44.924+0000] {logging_mixin.py:188} INFO - [2026-05-27T13:04:44.924+0000] {dag.py:3947} INFO - Setting next_dagrun for minio_to_snowflake_banking to 2026-05-27 13:03:00+00:00, run_after=2026-05-27 13:04:00+00:00
[2026-05-27T13:04:44.929+0000] {processor.py:183} INFO - Processing /opt/airflow/dags/minio_to_snowflake_dag.py took 0.267 seconds
[2026-05-27T13:05:15.195+0000] {processor.py:161} INFO - Started process (PID=363) to work on /opt/airflow/dags/minio_to_snowflake_dag.py
[2026-05-27T13:05:15.196+0000] {processor.py:830} INFO - Processing file /opt/airflow/dags/minio_to_snowflake_dag.py for tasks to queue
[2026-05-27T13:05:15.196+0000] {logging_mixin.py:188} INFO - [2026-05-27T13:05:15.196+0000] {dagbag.py:545} INFO - Filling up the DagBag from /opt/airflow/dags/minio_to_snowflake_dag.py
[2026-05-27T13:05:15.430+0000] {processor.py:840} INFO - DAG(s) 'minio_to_snowflake_banking' retrieved from /opt/airflow/dags/minio_to_snowflake_dag.py
[2026-05-27T13:05:15.438+0000] {logging_mixin.py:188} INFO - [2026-05-27T13:05:15.437+0000] {dag.py:3089} INFO - Sync 1 DAGs
[2026-05-27T13:05:15.444+0000] {logging_mixin.py:188} INFO - [2026-05-27T13:05:15.444+0000] {dag.py:3947} INFO - Setting next_dagrun for minio_to_snowflake_banking to 2026-05-27 13:04:00+00:00, run_after=2026-05-27 13:05:00+00:00
[2026-05-27T13:05:15.450+0000] {processor.py:183} INFO - Processing /opt/airflow/dags/minio_to_snowflake_dag.py took 0.257 seconds
[2026-05-27T13:05:45.696+0000] {processor.py:161} INFO - Started process (PID=367) to work on /opt/airflow/dags/minio_to_snowflake_dag.py
[2026-05-27T13:05:45.698+0000] {processor.py:830} INFO - Processing file /opt/airflow/dags/minio_to_snowflake_dag.py for tasks to queue
[2026-05-27T13:05:45.699+0000] {logging_mixin.py:188} INFO - [2026-05-27T13:05:45.699+0000] {dagbag.py:545} INFO - Filling up the DagBag from /opt/airflow/dags/minio_to_snowflake_dag.py
[2026-05-27T13:05:45.952+0000] {processor.py:840} INFO - DAG(s) 'minio_to_snowflake_banking' retrieved from /opt/airflow/dags/minio_to_snowflake_dag.py
[2026-05-27T13:05:45.961+0000] {logging_mixin.py:188} INFO - [2026-05-27T13:05:45.960+0000] {dag.py:3089} INFO - Sync 1 DAGs
[2026-05-27T13:05:45.967+0000] {logging_mixin.py:188} INFO - [2026-05-27T13:05:45.967+0000] {dag.py:3947} INFO - Setting next_dagrun for minio_to_snowflake_banking to 2026-05-27 13:04:00+00:00, run_after=2026-05-27 13:05:00+00:00
[2026-05-27T13:05:45.972+0000] {processor.py:183} INFO - Processing /opt/airflow/dags/minio_to_snowflake_dag.py took 0.281 seconds
[2026-05-27T13:06:16.241+0000] {processor.py:161} INFO - Started process (PID=371) to work on /opt/airflow/dags/minio_to_snowflake_dag.py
[2026-05-27T13:06:16.242+0000] {processor.py:830} INFO - Processing file /opt/airflow/dags/minio_to_snowflake_dag.py for tasks to queue
[2026-05-27T13:06:16.243+0000] {logging_mixin.py:188} INFO - [2026-05-27T13:06:16.243+0000] {dagbag.py:545} INFO - Filling up the DagBag from /opt/airflow/dags/minio_to_snowflake_dag.py
[2026-05-27T13:06:16.501+0000] {processor.py:840} INFO - DAG(s) 'minio_to_snowflake_banking' retrieved from /opt/airflow/dags/minio_to_snowflake_dag.py
[2026-05-27T13:06:16.510+0000] {logging_mixin.py:188} INFO - [2026-05-27T13:06:16.510+0000] {dag.py:3089} INFO - Sync 1 DAGs
[2026-05-27T13:06:16.517+0000] {logging_mixin.py:188} INFO - [2026-05-27T13:06:16.517+0000] {dag.py:3947} INFO - Setting next_dagrun for minio_to_snowflake_banking to 2026-05-27 13:05:00+00:00, run_after=2026-05-27 13:06:00+00:00
[2026-05-27T13:06:16.523+0000] {processor.py:183} INFO - Processing /opt/airflow/dags/minio_to_snowflake_dag.py took 0.286 seconds
[2026-05-27T13:06:46.764+0000] {processor.py:161} INFO - Started process (PID=375) to work on /opt/airflow/dags/minio_to_snowflake_dag.py
[2026-05-27T13:06:46.765+0000] {processor.py:830} INFO - Processing file /opt/airflow/dags/minio_to_snowflake_dag.py for tasks to queue
[2026-05-27T13:06:46.766+0000] {logging_mixin.py:188} INFO - [2026-05-27T13:06:46.766+0000] {dagbag.py:545} INFO - Filling up the DagBag from /opt/airflow/dags/minio_to_snowflake_dag.py
[2026-05-27T13:06:47.015+0000] {processor.py:840} INFO - DAG(s) 'minio_to_snowflake_banking' retrieved from /opt/airflow/dags/minio_to_snowflake_dag.py
[2026-05-27T13:06:47.024+0000] {logging_mixin.py:188} INFO - [2026-05-27T13:06:47.023+0000] {dag.py:3089} INFO - Sync 1 DAGs
[2026-05-27T13:06:47.030+0000] {logging_mixin.py:188} INFO - [2026-05-27T13:06:47.030+0000] {dag.py:3947} INFO - Setting next_dagrun for minio_to_snowflake_banking to 2026-05-27 13:05:00+00:00, run_after=2026-05-27 13:06:00+00:00
[2026-05-27T13:06:47.035+0000] {processor.py:183} INFO - Processing /opt/airflow/dags/minio_to_snowflake_dag.py took 0.276 seconds
[2026-05-27T13:07:17.240+0000] {processor.py:161} INFO - Started process (PID=379) to work on /opt/airflow/dags/minio_to_snowflake_dag.py
[2026-05-27T13:07:17.241+0000] {processor.py:830} INFO - Processing file /opt/airflow/dags/minio_to_snowflake_dag.py for tasks to queue
[2026-05-27T13:07:17.242+0000] {logging_mixin.py:188} INFO - [2026-05-27T13:07:17.242+0000] {dagbag.py:545} INFO - Filling up the DagBag from /opt/airflow/dags/minio_to_snowflake_dag.py
[2026-05-27T13:07:17.479+0000] {processor.py:840} INFO - DAG(s) 'minio_to_snowflake_banking' retrieved from /opt/airflow/dags/minio_to_snowflake_dag.py
[2026-05-27T13:07:17.487+0000] {logging_mixin.py:188} INFO - [2026-05-27T13:07:17.487+0000] {dag.py:3089} INFO - Sync 1 DAGs
[2026-05-27T13:07:17.495+0000] {logging_mixin.py:188} INFO - [2026-05-27T13:07:17.495+0000] {dag.py:3947} INFO - Setting next_dagrun for minio_to_snowflake_banking to 2026-05-27 13:06:00+00:00, run_after=2026-05-27 13:07:00+00:00
[2026-05-27T13:07:17.501+0000] {processor.py:183} INFO - Processing /opt/airflow/dags/minio_to_snowflake_dag.py took 0.264 seconds
[2026-05-27T13:07:47.723+0000] {processor.py:161} INFO - Started process (PID=383) to work on /opt/airflow/dags/minio_to_snowflake_dag.py
[2026-05-27T13:07:47.725+0000] {processor.py:830} INFO - Processing file /opt/airflow/dags/minio_to_snowflake_dag.py for tasks to queue
[2026-05-27T13:07:47.726+0000] {logging_mixin.py:188} INFO - [2026-05-27T13:07:47.726+0000] {dagbag.py:545} INFO - Filling up the DagBag from /opt/airflow/dags/minio_to_snowflake_dag.py
[2026-05-27T13:07:47.974+0000] {processor.py:840} INFO - DAG(s) 'minio_to_snowflake_banking' retrieved from /opt/airflow/dags/minio_to_snowflake_dag.py
[2026-05-27T13:07:47.983+0000] {logging_mixin.py:188} INFO - [2026-05-27T13:07:47.982+0000] {dag.py:3089} INFO - Sync 1 DAGs
[2026-05-27T13:07:47.989+0000] {logging_mixin.py:188} INFO - [2026-05-27T13:07:47.989+0000] {dag.py:3947} INFO - Setting next_dagrun for minio_to_snowflake_banking to 2026-05-27 13:06:00+00:00, run_after=2026-05-27 13:07:00+00:00
[2026-05-27T13:07:47.995+0000] {processor.py:183} INFO - Processing /opt/airflow/dags/minio_to_snowflake_dag.py took 0.277 seconds
[2026-05-27T13:08:18.247+0000] {processor.py:161} INFO - Started process (PID=387) to work on /opt/airflow/dags/minio_to_snowflake_dag.py
[2026-05-27T13:08:18.248+0000] {processor.py:830} INFO - Processing file /opt/airflow/dags/minio_to_snowflake_dag.py for tasks to queue
[2026-05-27T13:08:18.249+0000] {logging_mixin.py:188} INFO - [2026-05-27T13:08:18.249+0000] {dagbag.py:545} INFO - Filling up the DagBag from /opt/airflow/dags/minio_to_snowflake_dag.py
[2026-05-27T13:08:18.492+0000] {processor.py:840} INFO - DAG(s) 'minio_to_snowflake_banking' retrieved from /opt/airflow/dags/minio_to_snowflake_dag.py
[2026-05-27T13:08:18.501+0000] {logging_mixin.py:188} INFO - [2026-05-27T13:08:18.501+0000] {dag.py:3089} INFO - Sync 1 DAGs
[2026-05-27T13:08:18.507+0000] {logging_mixin.py:188} INFO - [2026-05-27T13:08:18.507+0000] {dag.py:3947} INFO - Setting next_dagrun for minio_to_snowflake_banking to 2026-05-27 13:07:00+00:00, run_after=2026-05-27 13:08:00+00:00
[2026-05-27T13:08:18.514+0000] {processor.py:183} INFO - Processing /opt/airflow/dags/minio_to_snowflake_dag.py took 0.271 seconds
[2026-05-27T13:08:48.764+0000] {processor.py:161} INFO - Started process (PID=391) to work on /opt/airflow/dags/minio_to_snowflake_dag.py
[2026-05-27T13:08:48.765+0000] {processor.py:830} INFO - Processing file /opt/airflow/dags/minio_to_snowflake_dag.py for tasks to queue
[2026-05-27T13:08:48.766+0000] {logging_mixin.py:188} INFO - [2026-05-27T13:08:48.766+0000] {dagbag.py:545} INFO - Filling up the DagBag from /opt/airflow/dags/minio_to_snowflake_dag.py
[2026-05-27T13:08:49.011+0000] {processor.py:840} INFO - DAG(s) 'minio_to_snowflake_banking' retrieved from /opt/airflow/dags/minio_to_snowflake_dag.py
[2026-05-27T13:08:49.019+0000] {logging_mixin.py:188} INFO - [2026-05-27T13:08:49.019+0000] {dag.py:3089} INFO - Sync 1 DAGs
[2026-05-27T13:08:49.026+0000] {logging_mixin.py:188} INFO - [2026-05-27T13:08:49.026+0000] {dag.py:3947} INFO - Setting next_dagrun for minio_to_snowflake_banking to 2026-05-27 13:07:00+00:00, run_after=2026-05-27 13:08:00+00:00
[2026-05-27T13:08:49.031+0000] {processor.py:183} INFO - Processing /opt/airflow/dags/minio_to_snowflake_dag.py took 0.272 seconds
[2026-05-27T13:09:19.319+0000] {processor.py:161} INFO - Started process (PID=395) to work on /opt/airflow/dags/minio_to_snowflake_dag.py
[2026-05-27T13:09:19.320+0000] {processor.py:830} INFO - Processing file /opt/airflow/dags/minio_to_snowflake_dag.py for tasks to queue
[2026-05-27T13:09:19.321+0000] {logging_mixin.py:188} INFO - [2026-05-27T13:09:19.321+0000] {dagbag.py:545} INFO - Filling up the DagBag from /opt/airflow/dags/minio_to_snowflake_dag.py
[2026-05-27T13:09:19.561+0000] {processor.py:840} INFO - DAG(s) 'minio_to_snowflake_banking' retrieved from /opt/airflow/dags/minio_to_snowflake_dag.py
[2026-05-27T13:09:19.570+0000] {logging_mixin.py:188} INFO - [2026-05-27T13:09:19.570+0000] {dag.py:3089} INFO - Sync 1 DAGs
[2026-05-27T13:09:19.577+0000] {logging_mixin.py:188} INFO - [2026-05-27T13:09:19.577+0000] {dag.py:3947} INFO - Setting next_dagrun for minio_to_snowflake_banking to 2026-05-27 13:08:00+00:00, run_after=2026-05-27 13:09:00+00:00
[2026-05-27T13:09:19.583+0000] {processor.py:183} INFO - Processing /opt/airflow/dags/minio_to_snowflake_dag.py took 0.268 seconds
[2026-05-27T13:09:49.800+0000] {processor.py:161} INFO - Started process (PID=399) to work on /opt/airflow/dags/minio_to_snowflake_dag.py
[2026-05-27T13:09:49.801+0000] {processor.py:830} INFO - Processing file /opt/airflow/dags/minio_to_snowflake_dag.py for tasks to queue
[2026-05-27T13:09:49.802+0000] {logging_mixin.py:188} INFO - [2026-05-27T13:09:49.802+0000] {dagbag.py:545} INFO - Filling up the DagBag from /opt/airflow/dags/minio_to_snowflake_dag.py
[2026-05-27T13:09:50.043+0000] {processor.py:840} INFO - DAG(s) 'minio_to_snowflake_banking' retrieved from /opt/airflow/dags/minio_to_snowflake_dag.py
[2026-05-27T13:09:50.051+0000] {logging_mixin.py:188} INFO - [2026-05-27T13:09:50.051+0000] {dag.py:3089} INFO - Sync 1 DAGs
[2026-05-27T13:09:50.057+0000] {logging_mixin.py:188} INFO - [2026-05-27T13:09:50.057+0000] {dag.py:3947} INFO - Setting next_dagrun for minio_to_snowflake_banking to 2026-05-27 13:08:00+00:00, run_after=2026-05-27 13:09:00+00:00
[2026-05-27T13:09:50.063+0000] {processor.py:183} INFO - Processing /opt/airflow/dags/minio_to_snowflake_dag.py took 0.268 seconds
[2026-05-27T13:10:20.322+0000] {processor.py:161} INFO - Started process (PID=403) to work on /opt/airflow/dags/minio_to_snowflake_dag.py
[2026-05-27T13:10:20.323+0000] {processor.py:830} INFO - Processing file /opt/airflow/dags/minio_to_snowflake_dag.py for tasks to queue
[2026-05-27T13:10:20.324+0000] {logging_mixin.py:188} INFO - [2026-05-27T13:10:20.324+0000] {dagbag.py:545} INFO - Filling up the DagBag from /opt/airflow/dags/minio_to_snowflake_dag.py
[2026-05-27T13:10:20.581+0000] {processor.py:840} INFO - DAG(s) 'minio_to_snowflake_banking' retrieved from /opt/airflow/dags/minio_to_snowflake_dag.py
[2026-05-27T13:10:20.589+0000] {logging_mixin.py:188} INFO - [2026-05-27T13:10:20.589+0000] {dag.py:3089} INFO - Sync 1 DAGs
[2026-05-27T13:10:20.595+0000] {logging_mixin.py:188} INFO - [2026-05-27T13:10:20.595+0000] {dag.py:3947} INFO - Setting next_dagrun for minio_to_snowflake_banking to 2026-05-27 13:09:00+00:00, run_after=2026-05-27 13:10:00+00:00
[2026-05-27T13:10:20.600+0000] {processor.py:183} INFO - Processing /opt/airflow/dags/minio_to_snowflake_dag.py took 0.283 seconds
[2026-05-27T13:10:50.825+0000] {processor.py:161} INFO - Started process (PID=407) to work on /opt/airflow/dags/minio_to_snowflake_dag.py
[2026-05-27T13:10:50.826+0000] {processor.py:830} INFO - Processing file /opt/airflow/dags/minio_to_snowflake_dag.py for tasks to queue
[2026-05-27T13:10:50.827+0000] {logging_mixin.py:188} INFO - [2026-05-27T13:10:50.827+0000] {dagbag.py:545} INFO - Filling up the DagBag from /opt/airflow/dags/minio_to_snowflake_dag.py
[2026-05-27T13:10:51.085+0000] {processor.py:840} INFO - DAG(s) 'minio_to_snowflake_banking' retrieved from /opt/airflow/dags/minio_to_snowflake_dag.py
[2026-05-27T13:10:51.093+0000] {logging_mixin.py:188} INFO - [2026-05-27T13:10:51.093+0000] {dag.py:3089} INFO - Sync 1 DAGs
[2026-05-27T13:10:51.100+0000] {logging_mixin.py:188} INFO - [2026-05-27T13:10:51.100+0000] {dag.py:3947} INFO - Setting next_dagrun for minio_to_snowflake_banking to 2026-05-27 13:09:00+00:00, run_after=2026-05-27 13:10:00+00:00
[2026-05-27T13:10:51.105+0000] {processor.py:183} INFO - Processing /opt/airflow/dags/minio_to_snowflake_dag.py took 0.285 seconds
[2026-05-27T13:11:21.370+0000] {processor.py:161} INFO - Started process (PID=411) to work on /opt/airflow/dags/minio_to_snowflake_dag.py
[2026-05-27T13:11:21.371+0000] {processor.py:830} INFO - Processing file /opt/airflow/dags/minio_to_snowflake_dag.py for tasks to queue
[2026-05-27T13:11:21.372+0000] {logging_mixin.py:188} INFO - [2026-05-27T13:11:21.372+0000] {dagbag.py:545} INFO - Filling up the DagBag from /opt/airflow/dags/minio_to_snowflake_dag.py
[2026-05-27T13:11:21.615+0000] {processor.py:840} INFO - DAG(s) 'minio_to_snowflake_banking' retrieved from /opt/airflow/dags/minio_to_snowflake_dag.py
[2026-05-27T13:11:21.623+0000] {logging_mixin.py:188} INFO - [2026-05-27T13:11:21.623+0000] {dag.py:3089} INFO - Sync 1 DAGs
[2026-05-27T13:11:21.629+0000] {logging_mixin.py:188} INFO - [2026-05-27T13:11:21.629+0000] {dag.py:3947} INFO - Setting next_dagrun for minio_to_snowflake_banking to 2026-05-27 13:10:00+00:00, run_after=2026-05-27 13:11:00+00:00
[2026-05-27T13:11:21.635+0000] {processor.py:183} INFO - Processing /opt/airflow/dags/minio_to_snowflake_dag.py took 0.270 seconds
[2026-05-27T13:11:51.877+0000] {processor.py:161} INFO - Started process (PID=415) to work on /opt/airflow/dags/minio_to_snowflake_dag.py
[2026-05-27T13:11:51.878+0000] {processor.py:830} INFO - Processing file /opt/airflow/dags/minio_to_snowflake_dag.py for tasks to queue
[2026-05-27T13:11:51.879+0000] {logging_mixin.py:188} INFO - [2026-05-27T13:11:51.879+0000] {dagbag.py:545} INFO - Filling up the DagBag from /opt/airflow/dags/minio_to_snowflake_dag.py
[2026-05-27T13:11:52.126+0000] {processor.py:840} INFO - DAG(s) 'minio_to_snowflake_banking' retrieved from /opt/airflow/dags/minio_to_snowflake_dag.py
[2026-05-27T13:11:52.140+0000] {logging_mixin.py:188} INFO - [2026-05-27T13:11:52.140+0000] {dag.py:3089} INFO - Sync 1 DAGs
[2026-05-27T13:11:52.153+0000] {logging_mixin.py:188} INFO - [2026-05-27T13:11:52.153+0000] {dag.py:3947} INFO - Setting next_dagrun for minio_to_snowflake_banking to 2026-05-27 13:10:00+00:00, run_after=2026-05-27 13:11:00+00:00
[2026-05-27T13:11:52.161+0000] {processor.py:183} INFO - Processing /opt/airflow/dags/minio_to_snowflake_dag.py took 0.289 seconds
[2026-05-27T13:12:22.415+0000] {processor.py:161} INFO - Started process (PID=419) to work on /opt/airflow/dags/minio_to_snowflake_dag.py
[2026-05-27T13:12:22.417+0000] {processor.py:830} INFO - Processing file /opt/airflow/dags/minio_to_snowflake_dag.py for tasks to queue
[2026-05-27T13:12:22.418+0000] {logging_mixin.py:188} INFO - [2026-05-27T13:12:22.418+0000] {dagbag.py:545} INFO - Filling up the DagBag from /opt/airflow/dags/minio_to_snowflake_dag.py
[2026-05-27T13:12:22.661+0000] {processor.py:840} INFO - DAG(s) 'minio_to_snowflake_banking' retrieved from /opt/airflow/dags/minio_to_snowflake_dag.py
[2026-05-27T13:12:22.670+0000] {logging_mixin.py:188} INFO - [2026-05-27T13:12:22.670+0000] {dag.py:3089} INFO - Sync 1 DAGs
[2026-05-27T13:12:22.676+0000] {logging_mixin.py:188} INFO - [2026-05-27T13:12:22.676+0000] {dag.py:3947} INFO - Setting next_dagrun for minio_to_snowflake_banking to 2026-05-27 13:11:00+00:00, run_after=2026-05-27 13:12:00+00:00
[2026-05-27T13:12:22.682+0000] {processor.py:183} INFO - Processing /opt/airflow/dags/minio_to_snowflake_dag.py took 0.271 seconds
[2026-05-27T13:12:52.891+0000] {processor.py:161} INFO - Started process (PID=423) to work on /opt/airflow/dags/minio_to_snowflake_dag.py
[2026-05-27T13:12:52.892+0000] {processor.py:830} INFO - Processing file /opt/airflow/dags/minio_to_snowflake_dag.py for tasks to queue
[2026-05-27T13:12:52.894+0000] {logging_mixin.py:188} INFO - [2026-05-27T13:12:52.894+0000] {dagbag.py:545} INFO - Filling up the DagBag from /opt/airflow/dags/minio_to_snowflake_dag.py
[2026-05-27T13:12:53.142+0000] {processor.py:840} INFO - DAG(s) 'minio_to_snowflake_banking' retrieved from /opt/airflow/dags/minio_to_snowflake_dag.py
[2026-05-27T13:12:53.150+0000] {logging_mixin.py:188} INFO - [2026-05-27T13:12:53.150+0000] {dag.py:3089} INFO - Sync 1 DAGs
[2026-05-27T13:12:53.156+0000] {logging_mixin.py:188} INFO - [2026-05-27T13:12:53.156+0000] {dag.py:3947} INFO - Setting next_dagrun for minio_to_snowflake_banking to 2026-05-27 13:11:00+00:00, run_after=2026-05-27 13:12:00+00:00
[2026-05-27T13:12:53.161+0000] {processor.py:183} INFO - Processing /opt/airflow/dags/minio_to_snowflake_dag.py took 0.275 seconds
[2026-05-27T13:13:23.403+0000] {processor.py:161} INFO - Started process (PID=427) to work on /opt/airflow/dags/minio_to_snowflake_dag.py
[2026-05-27T13:13:23.405+0000] {processor.py:830} INFO - Processing file /opt/airflow/dags/minio_to_snowflake_dag.py for tasks to queue
[2026-05-27T13:13:23.406+0000] {logging_mixin.py:188} INFO - [2026-05-27T13:13:23.406+0000] {dagbag.py:545} INFO - Filling up the DagBag from /opt/airflow/dags/minio_to_snowflake_dag.py
[2026-05-27T13:13:23.650+0000] {processor.py:840} INFO - DAG(s) 'minio_to_snowflake_banking' retrieved from /opt/airflow/dags/minio_to_snowflake_dag.py
[2026-05-27T13:13:23.659+0000] {logging_mixin.py:188} INFO - [2026-05-27T13:13:23.658+0000] {dag.py:3089} INFO - Sync 1 DAGs
[2026-05-27T13:13:23.665+0000] {logging_mixin.py:188} INFO - [2026-05-27T13:13:23.665+0000] {dag.py:3947} INFO - Setting next_dagrun for minio_to_snowflake_banking to 2026-05-27 13:12:00+00:00, run_after=2026-05-27 13:13:00+00:00
[2026-05-27T13:13:23.671+0000] {processor.py:183} INFO - Processing /opt/airflow/dags/minio_to_snowflake_dag.py took 0.273 seconds
[2026-05-27T13:13:53.914+0000] {processor.py:161} INFO - Started process (PID=431) to work on /opt/airflow/dags/minio_to_snowflake_dag.py
[2026-05-27T13:13:53.915+0000] {processor.py:830} INFO - Processing file /opt/airflow/dags/minio_to_snowflake_dag.py for tasks to queue
[2026-05-27T13:13:53.917+0000] {logging_mixin.py:188} INFO - [2026-05-27T13:13:53.916+0000] {dagbag.py:545} INFO - Filling up the DagBag from /opt/airflow/dags/minio_to_snowflake_dag.py
[2026-05-27T13:13:54.183+0000] {processor.py:840} INFO - DAG(s) 'minio_to_snowflake_banking' retrieved from /opt/airflow/dags/minio_to_snowflake_dag.py
[2026-05-27T13:13:54.192+0000] {logging_mixin.py:188} INFO - [2026-05-27T13:13:54.191+0000] {dag.py:3089} INFO - Sync 1 DAGs
[2026-05-27T13:13:54.199+0000] {logging_mixin.py:188} INFO - [2026-05-27T13:13:54.199+0000] {dag.py:3947} INFO - Setting next_dagrun for minio_to_snowflake_banking to 2026-05-27 13:12:00+00:00, run_after=2026-05-27 13:13:00+00:00
[2026-05-27T13:13:54.204+0000] {processor.py:183} INFO - Processing /opt/airflow/dags/minio_to_snowflake_dag.py took 0.295 seconds
[2026-05-27T13:14:24.393+0000] {processor.py:161} INFO - Started process (PID=435) to work on /opt/airflow/dags/minio_to_snowflake_dag.py
[2026-05-27T13:14:24.394+0000] {processor.py:830} INFO - Processing file /opt/airflow/dags/minio_to_snowflake_dag.py for tasks to queue
[2026-05-27T13:14:24.395+0000] {logging_mixin.py:188} INFO - [2026-05-27T13:14:24.395+0000] {dagbag.py:545} INFO - Filling up the DagBag from /opt/airflow/dags/minio_to_snowflake_dag.py
[2026-05-27T13:14:24.628+0000] {processor.py:840} INFO - DAG(s) 'minio_to_snowflake_banking' retrieved from /opt/airflow/dags/minio_to_snowflake_dag.py
[2026-05-27T13:14:24.637+0000] {logging_mixin.py:188} INFO - [2026-05-27T13:14:24.637+0000] {dag.py:3089} INFO - Sync 1 DAGs
[2026-05-27T13:14:24.643+0000] {logging_mixin.py:188} INFO - [2026-05-27T13:14:24.643+0000] {dag.py:3947} INFO - Setting next_dagrun for minio_to_snowflake_banking to 2026-05-27 13:13:00+00:00, run_after=2026-05-27 13:14:00+00:00
[2026-05-27T13:14:24.648+0000] {processor.py:183} INFO - Processing /opt/airflow/dags/minio_to_snowflake_dag.py took 0.260 seconds
[2026-05-27T13:14:54.873+0000] {processor.py:161} INFO - Started process (PID=439) to work on /opt/airflow/dags/minio_to_snowflake_dag.py
[2026-05-27T13:14:54.874+0000] {processor.py:830} INFO - Processing file /opt/airflow/dags/minio_to_snowflake_dag.py for tasks to queue
[2026-05-27T13:14:54.875+0000] {logging_mixin.py:188} INFO - [2026-05-27T13:14:54.875+0000] {dagbag.py:545} INFO - Filling up the DagBag from /opt/airflow/dags/minio_to_snowflake_dag.py
[2026-05-27T13:14:55.114+0000] {processor.py:840} INFO - DAG(s) 'minio_to_snowflake_banking' retrieved from /opt/airflow/dags/minio_to_snowflake_dag.py
[2026-05-27T13:14:55.123+0000] {logging_mixin.py:188} INFO - [2026-05-27T13:14:55.123+0000] {dag.py:3089} INFO - Sync 1 DAGs
[2026-05-27T13:14:55.129+0000] {logging_mixin.py:188} INFO - [2026-05-27T13:14:55.129+0000] {dag.py:3947} INFO - Setting next_dagrun for minio_to_snowflake_banking to 2026-05-27 13:13:00+00:00, run_after=2026-05-27 13:14:00+00:00
[2026-05-27T13:14:55.134+0000] {processor.py:183} INFO - Processing /opt/airflow/dags/minio_to_snowflake_dag.py took 0.265 seconds
[2026-05-27T13:15:25.158+0000] {processor.py:161} INFO - Started process (PID=443) to work on /opt/airflow/dags/minio_to_snowflake_dag.py
[2026-05-27T13:15:25.159+0000] {processor.py:830} INFO - Processing file /opt/airflow/dags/minio_to_snowflake_dag.py for tasks to queue
[2026-05-27T13:15:25.160+0000] {logging_mixin.py:188} INFO - [2026-05-27T13:15:25.160+0000] {dagbag.py:545} INFO - Filling up the DagBag from /opt/airflow/dags/minio_to_snowflake_dag.py
[2026-05-27T13:15:25.408+0000] {processor.py:840} INFO - DAG(s) 'minio_to_snowflake_banking' retrieved from /opt/airflow/dags/minio_to_snowflake_dag.py
[2026-05-27T13:15:25.417+0000] {logging_mixin.py:188} INFO - [2026-05-27T13:15:25.417+0000] {dag.py:3089} INFO - Sync 1 DAGs
[2026-05-27T13:15:25.424+0000] {logging_mixin.py:188} INFO - [2026-05-27T13:15:25.424+0000] {dag.py:3947} INFO - Setting next_dagrun for minio_to_snowflake_banking to 2026-05-27 13:14:00+00:00, run_after=2026-05-27 13:15:00+00:00
[2026-05-27T13:15:25.429+0000] {processor.py:183} INFO - Processing /opt/airflow/dags/minio_to_snowflake_dag.py took 0.276 seconds
[2026-05-27T13:15:55.645+0000] {processor.py:161} INFO - Started process (PID=447) to work on /opt/airflow/dags/minio_to_snowflake_dag.py
[2026-05-27T13:15:55.646+0000] {processor.py:830} INFO - Processing file /opt/airflow/dags/minio_to_snowflake_dag.py for tasks to queue
[2026-05-27T13:15:55.647+0000] {logging_mixin.py:188} INFO - [2026-05-27T13:15:55.647+0000] {dagbag.py:545} INFO - Filling up the DagBag from /opt/airflow/dags/minio_to_snowflake_dag.py
[2026-05-27T13:15:55.891+0000] {processor.py:840} INFO - DAG(s) 'minio_to_snowflake_banking' retrieved from /opt/airflow/dags/minio_to_snowflake_dag.py
[2026-05-27T13:15:55.899+0000] {logging_mixin.py:188} INFO - [2026-05-27T13:15:55.899+0000] {dag.py:3089} INFO - Sync 1 DAGs
[2026-05-27T13:15:55.907+0000] {logging_mixin.py:188} INFO - [2026-05-27T13:15:55.907+0000] {dag.py:3947} INFO - Setting next_dagrun for minio_to_snowflake_banking to 2026-05-27 13:14:00+00:00, run_after=2026-05-27 13:15:00+00:00
[2026-05-27T13:15:55.912+0000] {processor.py:183} INFO - Processing /opt/airflow/dags/minio_to_snowflake_dag.py took 0.270 seconds
[2026-05-27T13:16:26.157+0000] {processor.py:161} INFO - Started process (PID=451) to work on /opt/airflow/dags/minio_to_snowflake_dag.py
[2026-05-27T13:16:26.158+0000] {processor.py:830} INFO - Processing file /opt/airflow/dags/minio_to_snowflake_dag.py for tasks to queue
[2026-05-27T13:16:26.159+0000] {logging_mixin.py:188} INFO - [2026-05-27T13:16:26.159+0000] {dagbag.py:545} INFO - Filling up the DagBag from /opt/airflow/dags/minio_to_snowflake_dag.py
[2026-05-27T13:16:26.402+0000] {processor.py:840} INFO - DAG(s) 'minio_to_snowflake_banking' retrieved from /opt/airflow/dags/minio_to_snowflake_dag.py
[2026-05-27T13:16:26.411+0000] {logging_mixin.py:188} INFO - [2026-05-27T13:16:26.410+0000] {dag.py:3089} INFO - Sync 1 DAGs
[2026-05-27T13:16:26.417+0000] {logging_mixin.py:188} INFO - [2026-05-27T13:16:26.417+0000] {dag.py:3947} INFO - Setting next_dagrun for minio_to_snowflake_banking to 2026-05-27 13:15:00+00:00, run_after=2026-05-27 13:16:00+00:00
[2026-05-27T13:16:26.422+0000] {processor.py:183} INFO - Processing /opt/airflow/dags/minio_to_snowflake_dag.py took 0.271 seconds
[2026-05-27T13:16:56.683+0000] {processor.py:161} INFO - Started process (PID=455) to work on /opt/airflow/dags/minio_to_snowflake_dag.py
[2026-05-27T13:16:56.684+0000] {processor.py:830} INFO - Processing file /opt/airflow/dags/minio_to_snowflake_dag.py for tasks to queue
[2026-05-27T13:16:56.685+0000] {logging_mixin.py:188} INFO - [2026-05-27T13:16:56.685+0000] {dagbag.py:545} INFO - Filling up the DagBag from /opt/airflow/dags/minio_to_snowflake_dag.py
[2026-05-27T13:16:56.918+0000] {processor.py:840} INFO - DAG(s) 'minio_to_snowflake_banking' retrieved from /opt/airflow/dags/minio_to_snowflake_dag.py
[2026-05-27T13:16:56.926+0000] {logging_mixin.py:188} INFO - [2026-05-27T13:16:56.926+0000] {dag.py:3089} INFO - Sync 1 DAGs
[2026-05-27T13:16:56.933+0000] {logging_mixin.py:188} INFO - [2026-05-27T13:16:56.933+0000] {dag.py:3947} INFO - Setting next_dagrun for minio_to_snowflake_banking to 2026-05-27 13:15:00+00:00, run_after=2026-05-27 13:16:00+00:00
[2026-05-27T13:16:56.938+0000] {processor.py:183} INFO - Processing /opt/airflow/dags/minio_to_snowflake_dag.py took 0.257 seconds
[2026-05-27T13:17:27.190+0000] {processor.py:161} INFO - Started process (PID=459) to work on /opt/airflow/dags/minio_to_snowflake_dag.py
[2026-05-27T13:17:27.191+0000] {processor.py:830} INFO - Processing file /opt/airflow/dags/minio_to_snowflake_dag.py for tasks to queue
[2026-05-27T13:17:27.192+0000] {logging_mixin.py:188} INFO - [2026-05-27T13:17:27.192+0000] {dagbag.py:545} INFO - Filling up the DagBag from /opt/airflow/dags/minio_to_snowflake_dag.py
[2026-05-27T13:17:27.432+0000] {processor.py:840} INFO - DAG(s) 'minio_to_snowflake_banking' retrieved from /opt/airflow/dags/minio_to_snowflake_dag.py
[2026-05-27T13:17:27.440+0000] {logging_mixin.py:188} INFO - [2026-05-27T13:17:27.439+0000] {dag.py:3089} INFO - Sync 1 DAGs
[2026-05-27T13:17:27.446+0000] {logging_mixin.py:188} INFO - [2026-05-27T13:17:27.446+0000] {dag.py:3947} INFO - Setting next_dagrun for minio_to_snowflake_banking to 2026-05-27 13:16:00+00:00, run_after=2026-05-27 13:17:00+00:00
[2026-05-27T13:17:27.451+0000] {processor.py:183} INFO - Processing /opt/airflow/dags/minio_to_snowflake_dag.py took 0.266 seconds
[2026-05-27T13:17:57.694+0000] {processor.py:161} INFO - Started process (PID=463) to work on /opt/airflow/dags/minio_to_snowflake_dag.py
[2026-05-27T13:17:57.695+0000] {processor.py:830} INFO - Processing file /opt/airflow/dags/minio_to_snowflake_dag.py for tasks to queue
[2026-05-27T13:17:57.697+0000] {logging_mixin.py:188} INFO - [2026-05-27T13:17:57.697+0000] {dagbag.py:545} INFO - Filling up the DagBag from /opt/airflow/dags/minio_to_snowflake_dag.py
[2026-05-27T13:17:57.942+0000] {processor.py:840} INFO - DAG(s) 'minio_to_snowflake_banking' retrieved from /opt/airflow/dags/minio_to_snowflake_dag.py
[2026-05-27T13:17:57.951+0000] {logging_mixin.py:188} INFO - [2026-05-27T13:17:57.950+0000] {dag.py:3089} INFO - Sync 1 DAGs
[2026-05-27T13:17:57.957+0000] {logging_mixin.py:188} INFO - [2026-05-27T13:17:57.957+0000] {dag.py:3947} INFO - Setting next_dagrun for minio_to_snowflake_banking to 2026-05-27 13:16:00+00:00, run_after=2026-05-27 13:17:00+00:00
[2026-05-27T13:17:57.964+0000] {processor.py:183} INFO - Processing /opt/airflow/dags/minio_to_snowflake_dag.py took 0.275 seconds
[2026-05-27T13:18:28.041+0000] {processor.py:161} INFO - Started process (PID=467) to work on /opt/airflow/dags/minio_to_snowflake_dag.py
[2026-05-27T13:18:28.042+0000] {processor.py:830} INFO - Processing file /opt/airflow/dags/minio_to_snowflake_dag.py for tasks to queue
[2026-05-27T13:18:28.043+0000] {logging_mixin.py:188} INFO - [2026-05-27T13:18:28.043+0000] {dagbag.py:545} INFO - Filling up the DagBag from /opt/airflow/dags/minio_to_snowflake_dag.py
[2026-05-27T13:18:28.285+0000] {processor.py:840} INFO - DAG(s) 'minio_to_snowflake_banking' retrieved from /opt/airflow/dags/minio_to_snowflake_dag.py
[2026-05-27T13:18:28.293+0000] {logging_mixin.py:188} INFO - [2026-05-27T13:18:28.293+0000] {dag.py:3089} INFO - Sync 1 DAGs
[2026-05-27T13:18:28.300+0000] {logging_mixin.py:188} INFO - [2026-05-27T13:18:28.300+0000] {dag.py:3947} INFO - Setting next_dagrun for minio_to_snowflake_banking to 2026-05-27 13:17:00+00:00, run_after=2026-05-27 13:18:00+00:00
[2026-05-27T13:18:28.305+0000] {processor.py:183} INFO - Processing /opt/airflow/dags/minio_to_snowflake_dag.py took 0.269 seconds
[2026-05-27T13:18:58.548+0000] {processor.py:161} INFO - Started process (PID=471) to work on /opt/airflow/dags/minio_to_snowflake_dag.py
[2026-05-27T13:18:58.549+0000] {processor.py:830} INFO - Processing file /opt/airflow/dags/minio_to_snowflake_dag.py for tasks to queue
[2026-05-27T13:18:58.550+0000] {logging_mixin.py:188} INFO - [2026-05-27T13:18:58.550+0000] {dagbag.py:545} INFO - Filling up the DagBag from /opt/airflow/dags/minio_to_snowflake_dag.py
[2026-05-27T13:18:58.786+0000] {processor.py:840} INFO - DAG(s) 'minio_to_snowflake_banking' retrieved from /opt/airflow/dags/minio_to_snowflake_dag.py
[2026-05-27T13:18:58.794+0000] {logging_mixin.py:188} INFO - [2026-05-27T13:18:58.794+0000] {dag.py:3089} INFO - Sync 1 DAGs
[2026-05-27T13:18:58.801+0000] {logging_mixin.py:188} INFO - [2026-05-27T13:18:58.801+0000] {dag.py:3947} INFO - Setting next_dagrun for minio_to_snowflake_banking to 2026-05-27 13:17:00+00:00, run_after=2026-05-27 13:18:00+00:00
[2026-05-27T13:18:58.806+0000] {processor.py:183} INFO - Processing /opt/airflow/dags/minio_to_snowflake_dag.py took 0.263 seconds
[2026-05-27T13:19:29.036+0000] {processor.py:161} INFO - Started process (PID=475) to work on /opt/airflow/dags/minio_to_snowflake_dag.py
[2026-05-27T13:19:29.037+0000] {processor.py:830} INFO - Processing file /opt/airflow/dags/minio_to_snowflake_dag.py for tasks to queue
[2026-05-27T13:19:29.038+0000] {logging_mixin.py:188} INFO - [2026-05-27T13:19:29.038+0000] {dagbag.py:545} INFO - Filling up the DagBag from /opt/airflow/dags/minio_to_snowflake_dag.py
[2026-05-27T13:19:29.279+0000] {processor.py:840} INFO - DAG(s) 'minio_to_snowflake_banking' retrieved from /opt/airflow/dags/minio_to_snowflake_dag.py
[2026-05-27T13:19:29.287+0000] {logging_mixin.py:188} INFO - [2026-05-27T13:19:29.287+0000] {dag.py:3089} INFO - Sync 1 DAGs
[2026-05-27T13:19:29.293+0000] {logging_mixin.py:188} INFO - [2026-05-27T13:19:29.293+0000] {dag.py:3947} INFO - Setting next_dagrun for minio_to_snowflake_banking to 2026-05-27 13:18:00+00:00, run_after=2026-05-27 13:19:00+00:00
[2026-05-27T13:19:29.299+0000] {processor.py:183} INFO - Processing /opt/airflow/dags/minio_to_snowflake_dag.py took 0.268 seconds
[2026-05-27T13:19:59.587+0000] {processor.py:161} INFO - Started process (PID=479) to work on /opt/airflow/dags/minio_to_snowflake_dag.py
[2026-05-27T13:19:59.588+0000] {processor.py:830} INFO - Processing file /opt/airflow/dags/minio_to_snowflake_dag.py for tasks to queue
[2026-05-27T13:19:59.590+0000] {logging_mixin.py:188} INFO - [2026-05-27T13:19:59.589+0000] {dagbag.py:545} INFO - Filling up the DagBag from /opt/airflow/dags/minio_to_snowflake_dag.py
[2026-05-27T13:19:59.831+0000] {processor.py:840} INFO - DAG(s) 'minio_to_snowflake_banking' retrieved from /opt/airflow/dags/minio_to_snowflake_dag.py
[2026-05-27T13:19:59.839+0000] {logging_mixin.py:188} INFO - [2026-05-27T13:19:59.839+0000] {dag.py:3089} INFO - Sync 1 DAGs
[2026-05-27T13:19:59.845+0000] {logging_mixin.py:188} INFO - [2026-05-27T13:19:59.845+0000] {dag.py:3947} INFO - Setting next_dagrun for minio_to_snowflake_banking to 2026-05-27 13:18:00+00:00, run_after=2026-05-27 13:19:00+00:00
[2026-05-27T13:19:59.851+0000] {processor.py:183} INFO - Processing /opt/airflow/dags/minio_to_snowflake_dag.py took 0.269 seconds
[2026-05-27T13:20:30.093+0000] {processor.py:161} INFO - Started process (PID=483) to work on /opt/airflow/dags/minio_to_snowflake_dag.py
[2026-05-27T13:20:30.094+0000] {processor.py:830} INFO - Processing file /opt/airflow/dags/minio_to_snowflake_dag.py for tasks to queue
[2026-05-27T13:20:30.096+0000] {logging_mixin.py:188} INFO - [2026-05-27T13:20:30.096+0000] {dagbag.py:545} INFO - Filling up the DagBag from /opt/airflow/dags/minio_to_snowflake_dag.py
[2026-05-27T13:20:30.345+0000] {processor.py:840} INFO - DAG(s) 'minio_to_snowflake_banking' retrieved from /opt/airflow/dags/minio_to_snowflake_dag.py
[2026-05-27T13:20:30.353+0000] {logging_mixin.py:188} INFO - [2026-05-27T13:20:30.353+0000] {dag.py:3089} INFO - Sync 1 DAGs
[2026-05-27T13:20:30.360+0000] {logging_mixin.py:188} INFO - [2026-05-27T13:20:30.360+0000] {dag.py:3947} INFO - Setting next_dagrun for minio_to_snowflake_banking to 2026-05-27 13:19:00+00:00, run_after=2026-05-27 13:20:00+00:00
[2026-05-27T13:20:30.365+0000] {processor.py:183} INFO - Processing /opt/airflow/dags/minio_to_snowflake_dag.py took 0.277 seconds
[2026-05-27T13:21:00.613+0000] {processor.py:161} INFO - Started process (PID=487) to work on /opt/airflow/dags/minio_to_snowflake_dag.py
[2026-05-27T13:21:00.613+0000] {processor.py:830} INFO - Processing file /opt/airflow/dags/minio_to_snowflake_dag.py for tasks to queue
[2026-05-27T13:21:00.614+0000] {logging_mixin.py:188} INFO - [2026-05-27T13:21:00.614+0000] {dagbag.py:545} INFO - Filling up the DagBag from /opt/airflow/dags/minio_to_snowflake_dag.py
[2026-05-27T13:21:00.864+0000] {processor.py:840} INFO - DAG(s) 'minio_to_snowflake_banking' retrieved from /opt/airflow/dags/minio_to_snowflake_dag.py
[2026-05-27T13:21:00.874+0000] {logging_mixin.py:188} INFO - [2026-05-27T13:21:00.874+0000] {dag.py:3089} INFO - Sync 1 DAGs
[2026-05-27T13:21:00.882+0000] {logging_mixin.py:188} INFO - [2026-05-27T13:21:00.882+0000] {dag.py:3947} INFO - Setting next_dagrun for minio_to_snowflake_banking to 2026-05-27 13:20:00+00:00, run_after=2026-05-27 13:21:00+00:00
[2026-05-27T13:21:00.888+0000] {processor.py:183} INFO - Processing /opt/airflow/dags/minio_to_snowflake_dag.py took 0.279 seconds
[2026-05-27T13:21:31.140+0000] {processor.py:161} INFO - Started process (PID=491) to work on /opt/airflow/dags/minio_to_snowflake_dag.py
[2026-05-27T13:21:31.141+0000] {processor.py:830} INFO - Processing file /opt/airflow/dags/minio_to_snowflake_dag.py for tasks to queue
[2026-05-27T13:21:31.143+0000] {logging_mixin.py:188} INFO - [2026-05-27T13:21:31.142+0000] {dagbag.py:545} INFO - Filling up the DagBag from /opt/airflow/dags/minio_to_snowflake_dag.py
[2026-05-27T13:21:31.391+0000] {processor.py:840} INFO - DAG(s) 'minio_to_snowflake_banking' retrieved from /opt/airflow/dags/minio_to_snowflake_dag.py
[2026-05-27T13:21:31.399+0000] {logging_mixin.py:188} INFO - [2026-05-27T13:21:31.399+0000] {dag.py:3089} INFO - Sync 1 DAGs
[2026-05-27T13:21:31.406+0000] {logging_mixin.py:188} INFO - [2026-05-27T13:21:31.405+0000] {dag.py:3947} INFO - Setting next_dagrun for minio_to_snowflake_banking to 2026-05-27 13:20:00+00:00, run_after=2026-05-27 13:21:00+00:00
[2026-05-27T13:21:31.411+0000] {processor.py:183} INFO - Processing /opt/airflow/dags/minio_to_snowflake_dag.py took 0.276 seconds
[2026-05-27T13:22:01.675+0000] {processor.py:161} INFO - Started process (PID=495) to work on /opt/airflow/dags/minio_to_snowflake_dag.py
[2026-05-27T13:22:01.676+0000] {processor.py:830} INFO - Processing file /opt/airflow/dags/minio_to_snowflake_dag.py for tasks to queue
[2026-05-27T13:22:01.677+0000] {logging_mixin.py:188} INFO - [2026-05-27T13:22:01.677+0000] {dagbag.py:545} INFO - Filling up the DagBag from /opt/airflow/dags/minio_to_snowflake_dag.py
[2026-05-27T13:22:01.933+0000] {processor.py:840} INFO - DAG(s) 'minio_to_snowflake_banking' retrieved from /opt/airflow/dags/minio_to_snowflake_dag.py
[2026-05-27T13:22:01.941+0000] {logging_mixin.py:188} INFO - [2026-05-27T13:22:01.941+0000] {dag.py:3089} INFO - Sync 1 DAGs
[2026-05-27T13:22:01.947+0000] {logging_mixin.py:188} INFO - [2026-05-27T13:22:01.947+0000] {dag.py:3947} INFO - Setting next_dagrun for minio_to_snowflake_banking to 2026-05-27 13:21:00+00:00, run_after=2026-05-27 13:22:00+00:00
[2026-05-27T13:22:01.953+0000] {processor.py:183} INFO - Processing /opt/airflow/dags/minio_to_snowflake_dag.py took 0.282 seconds
[2026-05-27T13:22:32.188+0000] {processor.py:161} INFO - Started process (PID=499) to work on /opt/airflow/dags/minio_to_snowflake_dag.py
[2026-05-27T13:22:32.189+0000] {processor.py:830} INFO - Processing file /opt/airflow/dags/minio_to_snowflake_dag.py for tasks to queue
[2026-05-27T13:22:32.191+0000] {logging_mixin.py:188} INFO - [2026-05-27T13:22:32.191+0000] {dagbag.py:545} INFO - Filling up the DagBag from /opt/airflow/dags/minio_to_snowflake_dag.py
[2026-05-27T13:22:32.435+0000] {processor.py:840} INFO - DAG(s) 'minio_to_snowflake_banking' retrieved from /opt/airflow/dags/minio_to_snowflake_dag.py
[2026-05-27T13:22:32.443+0000] {logging_mixin.py:188} INFO - [2026-05-27T13:22:32.443+0000] {dag.py:3089} INFO - Sync 1 DAGs
[2026-05-27T13:22:32.450+0000] {logging_mixin.py:188} INFO - [2026-05-27T13:22:32.450+0000] {dag.py:3947} INFO - Setting next_dagrun for minio_to_snowflake_banking to 2026-05-27 13:21:00+00:00, run_after=2026-05-27 13:22:00+00:00
[2026-05-27T13:22:32.455+0000] {processor.py:183} INFO - Processing /opt/airflow/dags/minio_to_snowflake_dag.py took 0.272 seconds
[2026-05-27T13:23:02.709+0000] {processor.py:161} INFO - Started process (PID=503) to work on /opt/airflow/dags/minio_to_snowflake_dag.py
[2026-05-27T13:23:02.710+0000] {processor.py:830} INFO - Processing file /opt/airflow/dags/minio_to_snowflake_dag.py for tasks to queue
[2026-05-27T13:23:02.711+0000] {logging_mixin.py:188} INFO - [2026-05-27T13:23:02.711+0000] {dagbag.py:545} INFO - Filling up the DagBag from /opt/airflow/dags/minio_to_snowflake_dag.py
[2026-05-27T13:23:02.964+0000] {processor.py:840} INFO - DAG(s) 'minio_to_snowflake_banking' retrieved from /opt/airflow/dags/minio_to_snowflake_dag.py
[2026-05-27T13:23:02.973+0000] {logging_mixin.py:188} INFO - [2026-05-27T13:23:02.973+0000] {dag.py:3089} INFO - Sync 1 DAGs
[2026-05-27T13:23:02.979+0000] {logging_mixin.py:188} INFO - [2026-05-27T13:23:02.979+0000] {dag.py:3947} INFO - Setting next_dagrun for minio_to_snowflake_banking to 2026-05-27 13:22:00+00:00, run_after=2026-05-27 13:23:00+00:00
[2026-05-27T13:23:02.984+0000] {processor.py:183} INFO - Processing /opt/airflow/dags/minio_to_snowflake_dag.py took 0.279 seconds
[2026-05-27T13:23:33.210+0000] {processor.py:161} INFO - Started process (PID=507) to work on /opt/airflow/dags/minio_to_snowflake_dag.py
[2026-05-27T13:23:33.212+0000] {processor.py:830} INFO - Processing file /opt/airflow/dags/minio_to_snowflake_dag.py for tasks to queue
[2026-05-27T13:23:33.213+0000] {logging_mixin.py:188} INFO - [2026-05-27T13:23:33.213+0000] {dagbag.py:545} INFO - Filling up the DagBag from /opt/airflow/dags/minio_to_snowflake_dag.py
[2026-05-27T13:23:33.454+0000] {processor.py:840} INFO - DAG(s) 'minio_to_snowflake_banking' retrieved from /opt/airflow/dags/minio_to_snowflake_dag.py
[2026-05-27T13:23:33.462+0000] {logging_mixin.py:188} INFO - [2026-05-27T13:23:33.462+0000] {dag.py:3089} INFO - Sync 1 DAGs
[2026-05-27T13:23:33.468+0000] {logging_mixin.py:188} INFO - [2026-05-27T13:23:33.468+0000] {dag.py:3947} INFO - Setting next_dagrun for minio_to_snowflake_banking to 2026-05-27 13:22:00+00:00, run_after=2026-05-27 13:23:00+00:00
[2026-05-27T13:23:33.474+0000] {processor.py:183} INFO - Processing /opt/airflow/dags/minio_to_snowflake_dag.py took 0.268 seconds
[2026-05-27T13:24:03.680+0000] {processor.py:161} INFO - Started process (PID=511) to work on /opt/airflow/dags/minio_to_snowflake_dag.py
[2026-05-27T13:24:03.681+0000] {processor.py:830} INFO - Processing file /opt/airflow/dags/minio_to_snowflake_dag.py for tasks to queue
[2026-05-27T13:24:03.682+0000] {logging_mixin.py:188} INFO - [2026-05-27T13:24:03.682+0000] {dagbag.py:545} INFO - Filling up the DagBag from /opt/airflow/dags/minio_to_snowflake_dag.py
[2026-05-27T13:24:03.924+0000] {processor.py:840} INFO - DAG(s) 'minio_to_snowflake_banking' retrieved from /opt/airflow/dags/minio_to_snowflake_dag.py
[2026-05-27T13:24:03.932+0000] {logging_mixin.py:188} INFO - [2026-05-27T13:24:03.932+0000] {dag.py:3089} INFO - Sync 1 DAGs
[2026-05-27T13:24:03.939+0000] {logging_mixin.py:188} INFO - [2026-05-27T13:24:03.939+0000] {dag.py:3947} INFO - Setting next_dagrun for minio_to_snowflake_banking to 2026-05-27 13:23:00+00:00, run_after=2026-05-27 13:24:00+00:00
[2026-05-27T13:24:03.946+0000] {processor.py:183} INFO - Processing /opt/airflow/dags/minio_to_snowflake_dag.py took 0.271 seconds
[2026-05-27T13:24:34.193+0000] {processor.py:161} INFO - Started process (PID=515) to work on /opt/airflow/dags/minio_to_snowflake_dag.py
[2026-05-27T13:24:34.194+0000] {processor.py:830} INFO - Processing file /opt/airflow/dags/minio_to_snowflake_dag.py for tasks to queue
[2026-05-27T13:24:34.195+0000] {logging_mixin.py:188} INFO - [2026-05-27T13:24:34.195+0000] {dagbag.py:545} INFO - Filling up the DagBag from /opt/airflow/dags/minio_to_snowflake_dag.py
[2026-05-27T13:24:34.442+0000] {processor.py:840} INFO - DAG(s) 'minio_to_snowflake_banking' retrieved from /opt/airflow/dags/minio_to_snowflake_dag.py
[2026-05-27T13:24:34.450+0000] {logging_mixin.py:188} INFO - [2026-05-27T13:24:34.450+0000] {dag.py:3089} INFO - Sync 1 DAGs
[2026-05-27T13:24:34.457+0000] {logging_mixin.py:188} INFO - [2026-05-27T13:24:34.457+0000] {dag.py:3947} INFO - Setting next_dagrun for minio_to_snowflake_banking to 2026-05-27 13:23:00+00:00, run_after=2026-05-27 13:24:00+00:00
[2026-05-27T13:24:34.462+0000] {processor.py:183} INFO - Processing /opt/airflow/dags/minio_to_snowflake_dag.py took 0.272 seconds
[2026-05-27T13:25:04.749+0000] {processor.py:161} INFO - Started process (PID=519) to work on /opt/airflow/dags/minio_to_snowflake_dag.py
[2026-05-27T13:25:04.751+0000] {processor.py:830} INFO - Processing file /opt/airflow/dags/minio_to_snowflake_dag.py for tasks to queue
[2026-05-27T13:25:04.752+0000] {logging_mixin.py:188} INFO - [2026-05-27T13:25:04.752+0000] {dagbag.py:545} INFO - Filling up the DagBag from /opt/airflow/dags/minio_to_snowflake_dag.py
[2026-05-27T13:25:05.002+0000] {processor.py:840} INFO - DAG(s) 'minio_to_snowflake_banking' retrieved from /opt/airflow/dags/minio_to_snowflake_dag.py
[2026-05-27T13:25:05.011+0000] {logging_mixin.py:188} INFO - [2026-05-27T13:25:05.011+0000] {dag.py:3089} INFO - Sync 1 DAGs
[2026-05-27T13:25:05.019+0000] {logging_mixin.py:188} INFO - [2026-05-27T13:25:05.018+0000] {dag.py:3947} INFO - Setting next_dagrun for minio_to_snowflake_banking to 2026-05-27 13:24:00+00:00, run_after=2026-05-27 13:25:00+00:00
[2026-05-27T13:25:05.024+0000] {processor.py:183} INFO - Processing /opt/airflow/dags/minio_to_snowflake_dag.py took 0.281 seconds
[2026-05-27T13:25:35.281+0000] {processor.py:161} INFO - Started process (PID=523) to work on /opt/airflow/dags/minio_to_snowflake_dag.py
[2026-05-27T13:25:35.282+0000] {processor.py:830} INFO - Processing file /opt/airflow/dags/minio_to_snowflake_dag.py for tasks to queue
[2026-05-27T13:25:35.284+0000] {logging_mixin.py:188} INFO - [2026-05-27T13:25:35.283+0000] {dagbag.py:545} INFO - Filling up the DagBag from /opt/airflow/dags/minio_to_snowflake_dag.py
[2026-05-27T13:25:35.540+0000] {processor.py:840} INFO - DAG(s) 'minio_to_snowflake_banking' retrieved from /opt/airflow/dags/minio_to_snowflake_dag.py
[2026-05-27T13:25:35.550+0000] {logging_mixin.py:188} INFO - [2026-05-27T13:25:35.550+0000] {dag.py:3089} INFO - Sync 1 DAGs
[2026-05-27T13:25:35.557+0000] {logging_mixin.py:188} INFO - [2026-05-27T13:25:35.557+0000] {dag.py:3947} INFO - Setting next_dagrun for minio_to_snowflake_banking to 2026-05-27 13:24:00+00:00, run_after=2026-05-27 13:25:00+00:00
[2026-05-27T13:25:35.562+0000] {processor.py:183} INFO - Processing /opt/airflow/dags/minio_to_snowflake_dag.py took 0.287 seconds
[2026-05-27T13:26:05.792+0000] {processor.py:161} INFO - Started process (PID=527) to work on /opt/airflow/dags/minio_to_snowflake_dag.py
[2026-05-27T13:26:05.793+0000] {processor.py:830} INFO - Processing file /opt/airflow/dags/minio_to_snowflake_dag.py for tasks to queue
[2026-05-27T13:26:05.794+0000] {logging_mixin.py:188} INFO - [2026-05-27T13:26:05.794+0000] {dagbag.py:545} INFO - Filling up the DagBag from /opt/airflow/dags/minio_to_snowflake_dag.py
[2026-05-27T13:26:06.066+0000] {processor.py:840} INFO - DAG(s) 'minio_to_snowflake_banking' retrieved from /opt/airflow/dags/minio_to_snowflake_dag.py
[2026-05-27T13:26:06.076+0000] {logging_mixin.py:188} INFO - [2026-05-27T13:26:06.076+0000] {dag.py:3089} INFO - Sync 1 DAGs
[2026-05-27T13:26:06.085+0000] {logging_mixin.py:188} INFO - [2026-05-27T13:26:06.085+0000] {dag.py:3947} INFO - Setting next_dagrun for minio_to_snowflake_banking to 2026-05-27 13:25:00+00:00, run_after=2026-05-27 13:26:00+00:00
[2026-05-27T13:26:06.092+0000] {processor.py:183} INFO - Processing /opt/airflow/dags/minio_to_snowflake_dag.py took 0.304 seconds
[2026-05-27T13:26:36.368+0000] {processor.py:161} INFO - Started process (PID=531) to work on /opt/airflow/dags/minio_to_snowflake_dag.py
[2026-05-27T13:26:36.369+0000] {processor.py:830} INFO - Processing file /opt/airflow/dags/minio_to_snowflake_dag.py for tasks to queue
[2026-05-27T13:26:36.370+0000] {logging_mixin.py:188} INFO - [2026-05-27T13:26:36.370+0000] {dagbag.py:545} INFO - Filling up the DagBag from /opt/airflow/dags/minio_to_snowflake_dag.py
[2026-05-27T13:26:36.610+0000] {processor.py:840} INFO - DAG(s) 'minio_to_snowflake_banking' retrieved from /opt/airflow/dags/minio_to_snowflake_dag.py
[2026-05-27T13:26:36.618+0000] {logging_mixin.py:188} INFO - [2026-05-27T13:26:36.618+0000] {dag.py:3089} INFO - Sync 1 DAGs
[2026-05-27T13:26:36.624+0000] {logging_mixin.py:188} INFO - [2026-05-27T13:26:36.624+0000] {dag.py:3947} INFO - Setting next_dagrun for minio_to_snowflake_banking to 2026-05-27 13:25:00+00:00, run_after=2026-05-27 13:26:00+00:00
[2026-05-27T13:26:36.630+0000] {processor.py:183} INFO - Processing /opt/airflow/dags/minio_to_snowflake_dag.py took 0.267 seconds
[2026-05-27T13:27:06.890+0000] {processor.py:161} INFO - Started process (PID=535) to work on /opt/airflow/dags/minio_to_snowflake_dag.py
[2026-05-27T13:27:06.891+0000] {processor.py:830} INFO - Processing file /opt/airflow/dags/minio_to_snowflake_dag.py for tasks to queue
[2026-05-27T13:27:06.891+0000] {logging_mixin.py:188} INFO - [2026-05-27T13:27:06.891+0000] {dagbag.py:545} INFO - Filling up the DagBag from /opt/airflow/dags/minio_to_snowflake_dag.py
[2026-05-27T13:27:07.127+0000] {processor.py:840} INFO - DAG(s) 'minio_to_snowflake_banking' retrieved from /opt/airflow/dags/minio_to_snowflake_dag.py
[2026-05-27T13:27:07.136+0000] {logging_mixin.py:188} INFO - [2026-05-27T13:27:07.136+0000] {dag.py:3089} INFO - Sync 1 DAGs
[2026-05-27T13:27:07.143+0000] {logging_mixin.py:188} INFO - [2026-05-27T13:27:07.143+0000] {dag.py:3947} INFO - Setting next_dagrun for minio_to_snowflake_banking to 2026-05-27 13:26:00+00:00, run_after=2026-05-27 13:27:00+00:00
[2026-05-27T13:27:07.148+0000] {processor.py:183} INFO - Processing /opt/airflow/dags/minio_to_snowflake_dag.py took 0.261 seconds
[2026-05-27T13:27:37.369+0000] {processor.py:161} INFO - Started process (PID=539) to work on /opt/airflow/dags/minio_to_snowflake_dag.py
[2026-05-27T13:27:37.370+0000] {processor.py:830} INFO - Processing file /opt/airflow/dags/minio_to_snowflake_dag.py for tasks to queue
[2026-05-27T13:27:37.372+0000] {logging_mixin.py:188} INFO - [2026-05-27T13:27:37.371+0000] {dagbag.py:545} INFO - Filling up the DagBag from /opt/airflow/dags/minio_to_snowflake_dag.py
[2026-05-27T13:27:37.613+0000] {processor.py:840} INFO - DAG(s) 'minio_to_snowflake_banking' retrieved from /opt/airflow/dags/minio_to_snowflake_dag.py
[2026-05-27T13:27:37.621+0000] {logging_mixin.py:188} INFO - [2026-05-27T13:27:37.621+0000] {dag.py:3089} INFO - Sync 1 DAGs
[2026-05-27T13:27:37.628+0000] {logging_mixin.py:188} INFO - [2026-05-27T13:27:37.628+0000] {dag.py:3947} INFO - Setting next_dagrun for minio_to_snowflake_banking to 2026-05-27 13:26:00+00:00, run_after=2026-05-27 13:27:00+00:00
[2026-05-27T13:27:37.633+0000] {processor.py:183} INFO - Processing /opt/airflow/dags/minio_to_snowflake_dag.py took 0.269 seconds
[2026-05-27T13:28:07.902+0000] {processor.py:161} INFO - Started process (PID=543) to work on /opt/airflow/dags/minio_to_snowflake_dag.py
[2026-05-27T13:28:07.903+0000] {processor.py:830} INFO - Processing file /opt/airflow/dags/minio_to_snowflake_dag.py for tasks to queue
[2026-05-27T13:28:07.905+0000] {logging_mixin.py:188} INFO - [2026-05-27T13:28:07.904+0000] {dagbag.py:545} INFO - Filling up the DagBag from /opt/airflow/dags/minio_to_snowflake_dag.py
[2026-05-27T13:28:08.159+0000] {processor.py:840} INFO - DAG(s) 'minio_to_snowflake_banking' retrieved from /opt/airflow/dags/minio_to_snowflake_dag.py
[2026-05-27T13:28:08.167+0000] {logging_mixin.py:188} INFO - [2026-05-27T13:28:08.167+0000] {dag.py:3089} INFO - Sync 1 DAGs
[2026-05-27T13:28:08.174+0000] {logging_mixin.py:188} INFO - [2026-05-27T13:28:08.174+0000] {dag.py:3947} INFO - Setting next_dagrun for minio_to_snowflake_banking to 2026-05-27 13:27:00+00:00, run_after=2026-05-27 13:28:00+00:00
[2026-05-27T13:28:08.180+0000] {processor.py:183} INFO - Processing /opt/airflow/dags/minio_to_snowflake_dag.py took 0.282 seconds
[2026-05-27T13:28:38.409+0000] {processor.py:161} INFO - Started process (PID=547) to work on /opt/airflow/dags/minio_to_snowflake_dag.py
[2026-05-27T13:28:38.410+0000] {processor.py:830} INFO - Processing file /opt/airflow/dags/minio_to_snowflake_dag.py for tasks to queue
[2026-05-27T13:28:38.411+0000] {logging_mixin.py:188} INFO - [2026-05-27T13:28:38.411+0000] {dagbag.py:545} INFO - Filling up the DagBag from /opt/airflow/dags/minio_to_snowflake_dag.py
[2026-05-27T13:28:38.664+0000] {processor.py:840} INFO - DAG(s) 'minio_to_snowflake_banking' retrieved from /opt/airflow/dags/minio_to_snowflake_dag.py
[2026-05-27T13:28:38.672+0000] {logging_mixin.py:188} INFO - [2026-05-27T13:28:38.672+0000] {dag.py:3089} INFO - Sync 1 DAGs
[2026-05-27T13:28:38.678+0000] {logging_mixin.py:188} INFO - [2026-05-27T13:28:38.678+0000] {dag.py:3947} INFO - Setting next_dagrun for minio_to_snowflake_banking to 2026-05-27 13:27:00+00:00, run_after=2026-05-27 13:28:00+00:00
[2026-05-27T13:28:38.685+0000] {processor.py:183} INFO - Processing /opt/airflow/dags/minio_to_snowflake_dag.py took 0.280 seconds
[2026-05-27T13:29:08.889+0000] {processor.py:161} INFO - Started process (PID=551) to work on /opt/airflow/dags/minio_to_snowflake_dag.py
[2026-05-27T13:29:08.890+0000] {processor.py:830} INFO - Processing file /opt/airflow/dags/minio_to_snowflake_dag.py for tasks to queue
[2026-05-27T13:29:08.892+0000] {logging_mixin.py:188} INFO - [2026-05-27T13:29:08.891+0000] {dagbag.py:545} INFO - Filling up the DagBag from /opt/airflow/dags/minio_to_snowflake_dag.py
[2026-05-27T13:29:09.133+0000] {processor.py:840} INFO - DAG(s) 'minio_to_snowflake_banking' retrieved from /opt/airflow/dags/minio_to_snowflake_dag.py
[2026-05-27T13:29:09.141+0000] {logging_mixin.py:188} INFO - [2026-05-27T13:29:09.141+0000] {dag.py:3089} INFO - Sync 1 DAGs
[2026-05-27T13:29:09.147+0000] {logging_mixin.py:188} INFO - [2026-05-27T13:29:09.147+0000] {dag.py:3947} INFO - Setting next_dagrun for minio_to_snowflake_banking to 2026-05-27 13:28:00+00:00, run_after=2026-05-27 13:29:00+00:00
[2026-05-27T13:29:09.153+0000] {processor.py:183} INFO - Processing /opt/airflow/dags/minio_to_snowflake_dag.py took 0.269 seconds
[2026-05-27T13:29:39.432+0000] {processor.py:161} INFO - Started process (PID=555) to work on /opt/airflow/dags/minio_to_snowflake_dag.py
[2026-05-27T13:29:39.433+0000] {processor.py:830} INFO - Processing file /opt/airflow/dags/minio_to_snowflake_dag.py for tasks to queue
[2026-05-27T13:29:39.434+0000] {logging_mixin.py:188} INFO - [2026-05-27T13:29:39.434+0000] {dagbag.py:545} INFO - Filling up the DagBag from /opt/airflow/dags/minio_to_snowflake_dag.py
[2026-05-27T13:29:39.701+0000] {processor.py:840} INFO - DAG(s) 'minio_to_snowflake_banking' retrieved from /opt/airflow/dags/minio_to_snowflake_dag.py
[2026-05-27T13:29:39.710+0000] {logging_mixin.py:188} INFO - [2026-05-27T13:29:39.710+0000] {dag.py:3089} INFO - Sync 1 DAGs
[2026-05-27T13:29:39.717+0000] {logging_mixin.py:188} INFO - [2026-05-27T13:29:39.717+0000] {dag.py:3947} INFO - Setting next_dagrun for minio_to_snowflake_banking to 2026-05-27 13:28:00+00:00, run_after=2026-05-27 13:29:00+00:00
[2026-05-27T13:29:39.722+0000] {processor.py:183} INFO - Processing /opt/airflow/dags/minio_to_snowflake_dag.py took 0.296 seconds
[2026-05-27T13:30:09.990+0000] {processor.py:161} INFO - Started process (PID=559) to work on /opt/airflow/dags/minio_to_snowflake_dag.py
[2026-05-27T13:30:09.991+0000] {processor.py:830} INFO - Processing file /opt/airflow/dags/minio_to_snowflake_dag.py for tasks to queue
[2026-05-27T13:30:09.993+0000] {logging_mixin.py:188} INFO - [2026-05-27T13:30:09.993+0000] {dagbag.py:545} INFO - Filling up the DagBag from /opt/airflow/dags/minio_to_snowflake_dag.py
[2026-05-27T13:30:10.250+0000] {processor.py:840} INFO - DAG(s) 'minio_to_snowflake_banking' retrieved from /opt/airflow/dags/minio_to_snowflake_dag.py
[2026-05-27T13:30:10.259+0000] {logging_mixin.py:188} INFO - [2026-05-27T13:30:10.259+0000] {dag.py:3089} INFO - Sync 1 DAGs
[2026-05-27T13:30:10.265+0000] {logging_mixin.py:188} INFO - [2026-05-27T13:30:10.265+0000] {dag.py:3947} INFO - Setting next_dagrun for minio_to_snowflake_banking to 2026-05-27 13:29:00+00:00, run_after=2026-05-27 13:30:00+00:00
[2026-05-27T13:30:10.271+0000] {processor.py:183} INFO - Processing /opt/airflow/dags/minio_to_snowflake_dag.py took 0.283 seconds
[2026-05-27T13:30:40.535+0000] {processor.py:161} INFO - Started process (PID=563) to work on /opt/airflow/dags/minio_to_snowflake_dag.py
[2026-05-27T13:30:40.536+0000] {processor.py:830} INFO - Processing file /opt/airflow/dags/minio_to_snowflake_dag.py for tasks to queue
[2026-05-27T13:30:40.538+0000] {logging_mixin.py:188} INFO - [2026-05-27T13:30:40.537+0000] {dagbag.py:545} INFO - Filling up the DagBag from /opt/airflow/dags/minio_to_snowflake_dag.py
[2026-05-27T13:30:40.828+0000] {processor.py:840} INFO - DAG(s) 'minio_to_snowflake_banking' retrieved from /opt/airflow/dags/minio_to_snowflake_dag.py
[2026-05-27T13:30:40.839+0000] {logging_mixin.py:188} INFO - [2026-05-27T13:30:40.839+0000] {dag.py:3089} INFO - Sync 1 DAGs
[2026-05-27T13:30:40.848+0000] {logging_mixin.py:188} INFO - [2026-05-27T13:30:40.848+0000] {dag.py:3947} INFO - Setting next_dagrun for minio_to_snowflake_banking to 2026-05-27 13:29:00+00:00, run_after=2026-05-27 13:30:00+00:00
[2026-05-27T13:30:40.855+0000] {processor.py:183} INFO - Processing /opt/airflow/dags/minio_to_snowflake_dag.py took 0.325 seconds
[2026-05-27T13:31:11.108+0000] {processor.py:161} INFO - Started process (PID=567) to work on /opt/airflow/dags/minio_to_snowflake_dag.py
[2026-05-27T13:31:11.109+0000] {processor.py:830} INFO - Processing file /opt/airflow/dags/minio_to_snowflake_dag.py for tasks to queue
[2026-05-27T13:31:11.110+0000] {logging_mixin.py:188} INFO - [2026-05-27T13:31:11.110+0000] {dagbag.py:545} INFO - Filling up the DagBag from /opt/airflow/dags/minio_to_snowflake_dag.py
[2026-05-27T13:31:11.368+0000] {processor.py:840} INFO - DAG(s) 'minio_to_snowflake_banking' retrieved from /opt/airflow/dags/minio_to_snowflake_dag.py
[2026-05-27T13:31:11.377+0000] {logging_mixin.py:188} INFO - [2026-05-27T13:31:11.377+0000] {dag.py:3089} INFO - Sync 1 DAGs
[2026-05-27T13:31:11.385+0000] {logging_mixin.py:188} INFO - [2026-05-27T13:31:11.385+0000] {dag.py:3947} INFO - Setting next_dagrun for minio_to_snowflake_banking to 2026-05-27 13:30:00+00:00, run_after=2026-05-27 13:31:00+00:00
[2026-05-27T13:31:11.391+0000] {processor.py:183} INFO - Processing /opt/airflow/dags/minio_to_snowflake_dag.py took 0.288 seconds
[2026-05-27T13:31:41.646+0000] {processor.py:161} INFO - Started process (PID=571) to work on /opt/airflow/dags/minio_to_snowflake_dag.py
[2026-05-27T13:31:41.646+0000] {processor.py:830} INFO - Processing file /opt/airflow/dags/minio_to_snowflake_dag.py for tasks to queue
[2026-05-27T13:31:41.647+0000] {logging_mixin.py:188} INFO - [2026-05-27T13:31:41.647+0000] {dagbag.py:545} INFO - Filling up the DagBag from /opt/airflow/dags/minio_to_snowflake_dag.py
[2026-05-27T13:31:41.881+0000] {processor.py:840} INFO - DAG(s) 'minio_to_snowflake_banking' retrieved from /opt/airflow/dags/minio_to_snowflake_dag.py
[2026-05-27T13:31:41.889+0000] {logging_mixin.py:188} INFO - [2026-05-27T13:31:41.889+0000] {dag.py:3089} INFO - Sync 1 DAGs
[2026-05-27T13:31:41.896+0000] {logging_mixin.py:188} INFO - [2026-05-27T13:31:41.896+0000] {dag.py:3947} INFO - Setting next_dagrun for minio_to_snowflake_banking to 2026-05-27 13:30:00+00:00, run_after=2026-05-27 13:31:00+00:00
[2026-05-27T13:31:41.901+0000] {processor.py:183} INFO - Processing /opt/airflow/dags/minio_to_snowflake_dag.py took 0.259 seconds
[2026-05-27T13:32:12.119+0000] {processor.py:161} INFO - Started process (PID=575) to work on /opt/airflow/dags/minio_to_snowflake_dag.py
[2026-05-27T13:32:12.120+0000] {processor.py:830} INFO - Processing file /opt/airflow/dags/minio_to_snowflake_dag.py for tasks to queue
[2026-05-27T13:32:12.122+0000] {logging_mixin.py:188} INFO - [2026-05-27T13:32:12.121+0000] {dagbag.py:545} INFO - Filling up the DagBag from /opt/airflow/dags/minio_to_snowflake_dag.py
[2026-05-27T13:32:12.377+0000] {processor.py:840} INFO - DAG(s) 'minio_to_snowflake_banking' retrieved from /opt/airflow/dags/minio_to_snowflake_dag.py
[2026-05-27T13:32:12.386+0000] {logging_mixin.py:188} INFO - [2026-05-27T13:32:12.386+0000] {dag.py:3089} INFO - Sync 1 DAGs
[2026-05-27T13:32:12.393+0000] {logging_mixin.py:188} INFO - [2026-05-27T13:32:12.393+0000] {dag.py:3947} INFO - Setting next_dagrun for minio_to_snowflake_banking to 2026-05-27 13:31:00+00:00, run_after=2026-05-27 13:32:00+00:00
[2026-05-27T13:32:12.399+0000] {processor.py:183} INFO - Processing /opt/airflow/dags/minio_to_snowflake_dag.py took 0.283 seconds
[2026-05-27T13:32:42.669+0000] {processor.py:161} INFO - Started process (PID=579) to work on /opt/airflow/dags/minio_to_snowflake_dag.py
[2026-05-27T13:32:42.671+0000] {processor.py:830} INFO - Processing file /opt/airflow/dags/minio_to_snowflake_dag.py for tasks to queue
[2026-05-27T13:32:42.672+0000] {logging_mixin.py:188} INFO - [2026-05-27T13:32:42.672+0000] {dagbag.py:545} INFO - Filling up the DagBag from /opt/airflow/dags/minio_to_snowflake_dag.py
[2026-05-27T13:32:42.909+0000] {processor.py:840} INFO - DAG(s) 'minio_to_snowflake_banking' retrieved from /opt/airflow/dags/minio_to_snowflake_dag.py
[2026-05-27T13:32:42.917+0000] {logging_mixin.py:188} INFO - [2026-05-27T13:32:42.917+0000] {dag.py:3089} INFO - Sync 1 DAGs
[2026-05-27T13:32:42.923+0000] {logging_mixin.py:188} INFO - [2026-05-27T13:32:42.923+0000] {dag.py:3947} INFO - Setting next_dagrun for minio_to_snowflake_banking to 2026-05-27 13:31:00+00:00, run_after=2026-05-27 13:32:00+00:00
[2026-05-27T13:32:42.928+0000] {processor.py:183} INFO - Processing /opt/airflow/dags/minio_to_snowflake_dag.py took 0.264 seconds
[2026-05-27T13:33:13.154+0000] {processor.py:161} INFO - Started process (PID=583) to work on /opt/airflow/dags/minio_to_snowflake_dag.py
[2026-05-27T13:33:13.155+0000] {processor.py:830} INFO - Processing file /opt/airflow/dags/minio_to_snowflake_dag.py for tasks to queue
[2026-05-27T13:33:13.156+0000] {logging_mixin.py:188} INFO - [2026-05-27T13:33:13.156+0000] {dagbag.py:545} INFO - Filling up the DagBag from /opt/airflow/dags/minio_to_snowflake_dag.py
[2026-05-27T13:33:13.397+0000] {processor.py:840} INFO - DAG(s) 'minio_to_snowflake_banking' retrieved from /opt/airflow/dags/minio_to_snowflake_dag.py
[2026-05-27T13:33:13.405+0000] {logging_mixin.py:188} INFO - [2026-05-27T13:33:13.405+0000] {dag.py:3089} INFO - Sync 1 DAGs
[2026-05-27T13:33:13.412+0000] {logging_mixin.py:188} INFO - [2026-05-27T13:33:13.412+0000] {dag.py:3947} INFO - Setting next_dagrun for minio_to_snowflake_banking to 2026-05-27 13:32:00+00:00, run_after=2026-05-27 13:33:00+00:00
[2026-05-27T13:33:13.417+0000] {processor.py:183} INFO - Processing /opt/airflow/dags/minio_to_snowflake_dag.py took 0.269 seconds
[2026-05-27T13:33:43.672+0000] {processor.py:161} INFO - Started process (PID=587) to work on /opt/airflow/dags/minio_to_snowflake_dag.py
[2026-05-27T13:33:43.674+0000] {processor.py:830} INFO - Processing file /opt/airflow/dags/minio_to_snowflake_dag.py for tasks to queue
[2026-05-27T13:33:43.675+0000] {logging_mixin.py:188} INFO - [2026-05-27T13:33:43.675+0000] {dagbag.py:545} INFO - Filling up the DagBag from /opt/airflow/dags/minio_to_snowflake_dag.py
[2026-05-27T13:33:43.915+0000] {processor.py:840} INFO - DAG(s) 'minio_to_snowflake_banking' retrieved from /opt/airflow/dags/minio_to_snowflake_dag.py
[2026-05-27T13:33:43.923+0000] {logging_mixin.py:188} INFO - [2026-05-27T13:33:43.922+0000] {dag.py:3089} INFO - Sync 1 DAGs
[2026-05-27T13:33:43.929+0000] {logging_mixin.py:188} INFO - [2026-05-27T13:33:43.929+0000] {dag.py:3947} INFO - Setting next_dagrun for minio_to_snowflake_banking to 2026-05-27 13:32:00+00:00, run_after=2026-05-27 13:33:00+00:00
[2026-05-27T13:33:43.934+0000] {processor.py:183} INFO - Processing /opt/airflow/dags/minio_to_snowflake_dag.py took 0.267 seconds
[2026-05-27T13:34:14.139+0000] {processor.py:161} INFO - Started process (PID=591) to work on /opt/airflow/dags/minio_to_snowflake_dag.py
[2026-05-27T13:34:14.140+0000] {processor.py:830} INFO - Processing file /opt/airflow/dags/minio_to_snowflake_dag.py for tasks to queue
[2026-05-27T13:34:14.141+0000] {logging_mixin.py:188} INFO - [2026-05-27T13:34:14.141+0000] {dagbag.py:545} INFO - Filling up the DagBag from /opt/airflow/dags/minio_to_snowflake_dag.py
[2026-05-27T13:34:14.399+0000] {processor.py:840} INFO - DAG(s) 'minio_to_snowflake_banking' retrieved from /opt/airflow/dags/minio_to_snowflake_dag.py
[2026-05-27T13:34:14.409+0000] {logging_mixin.py:188} INFO - [2026-05-27T13:34:14.409+0000] {dag.py:3089} INFO - Sync 1 DAGs
[2026-05-27T13:34:14.416+0000] {logging_mixin.py:188} INFO - [2026-05-27T13:34:14.416+0000] {dag.py:3947} INFO - Setting next_dagrun for minio_to_snowflake_banking to 2026-05-27 13:33:00+00:00, run_after=2026-05-27 13:34:00+00:00
[2026-05-27T13:34:14.422+0000] {processor.py:183} INFO - Processing /opt/airflow/dags/minio_to_snowflake_dag.py took 0.288 seconds
[2026-05-27T13:34:44.669+0000] {processor.py:161} INFO - Started process (PID=595) to work on /opt/airflow/dags/minio_to_snowflake_dag.py
[2026-05-27T13:34:44.671+0000] {processor.py:830} INFO - Processing file /opt/airflow/dags/minio_to_snowflake_dag.py for tasks to queue
[2026-05-27T13:34:44.672+0000] {logging_mixin.py:188} INFO - [2026-05-27T13:34:44.672+0000] {dagbag.py:545} INFO - Filling up the DagBag from /opt/airflow/dags/minio_to_snowflake_dag.py
[2026-05-27T13:34:44.924+0000] {processor.py:840} INFO - DAG(s) 'minio_to_snowflake_banking' retrieved from /opt/airflow/dags/minio_to_snowflake_dag.py
[2026-05-27T13:34:44.933+0000] {logging_mixin.py:188} INFO - [2026-05-27T13:34:44.933+0000] {dag.py:3089} INFO - Sync 1 DAGs
[2026-05-27T13:34:44.939+0000] {logging_mixin.py:188} INFO - [2026-05-27T13:34:44.939+0000] {dag.py:3947} INFO - Setting next_dagrun for minio_to_snowflake_banking to 2026-05-27 13:33:00+00:00, run_after=2026-05-27 13:34:00+00:00
[2026-05-27T13:34:44.945+0000] {processor.py:183} INFO - Processing /opt/airflow/dags/minio_to_snowflake_dag.py took 0.281 seconds
[2026-05-27T13:35:15.220+0000] {processor.py:161} INFO - Started process (PID=599) to work on /opt/airflow/dags/minio_to_snowflake_dag.py
[2026-05-27T13:35:15.221+0000] {processor.py:830} INFO - Processing file /opt/airflow/dags/minio_to_snowflake_dag.py for tasks to queue
[2026-05-27T13:35:15.223+0000] {logging_mixin.py:188} INFO - [2026-05-27T13:35:15.222+0000] {dagbag.py:545} INFO - Filling up the DagBag from /opt/airflow/dags/minio_to_snowflake_dag.py
[2026-05-27T13:35:15.486+0000] {processor.py:840} INFO - DAG(s) 'minio_to_snowflake_banking' retrieved from /opt/airflow/dags/minio_to_snowflake_dag.py
[2026-05-27T13:35:15.495+0000] {logging_mixin.py:188} INFO - [2026-05-27T13:35:15.494+0000] {dag.py:3089} INFO - Sync 1 DAGs
[2026-05-27T13:35:15.501+0000] {logging_mixin.py:188} INFO - [2026-05-27T13:35:15.501+0000] {dag.py:3947} INFO - Setting next_dagrun for minio_to_snowflake_banking to 2026-05-27 13:34:00+00:00, run_after=2026-05-27 13:35:00+00:00
[2026-05-27T13:35:15.507+0000] {processor.py:183} INFO - Processing /opt/airflow/dags/minio_to_snowflake_dag.py took 0.292 seconds
[2026-05-27T13:35:45.765+0000] {processor.py:161} INFO - Started process (PID=603) to work on /opt/airflow/dags/minio_to_snowflake_dag.py
[2026-05-27T13:35:45.766+0000] {processor.py:830} INFO - Processing file /opt/airflow/dags/minio_to_snowflake_dag.py for tasks to queue
[2026-05-27T13:35:45.768+0000] {logging_mixin.py:188} INFO - [2026-05-27T13:35:45.767+0000] {dagbag.py:545} INFO - Filling up the DagBag from /opt/airflow/dags/minio_to_snowflake_dag.py
[2026-05-27T13:35:46.000+0000] {processor.py:840} INFO - DAG(s) 'minio_to_snowflake_banking' retrieved from /opt/airflow/dags/minio_to_snowflake_dag.py
[2026-05-27T13:35:46.008+0000] {logging_mixin.py:188} INFO - [2026-05-27T13:35:46.008+0000] {dag.py:3089} INFO - Sync 1 DAGs
[2026-05-27T13:35:46.015+0000] {logging_mixin.py:188} INFO - [2026-05-27T13:35:46.015+0000] {dag.py:3947} INFO - Setting next_dagrun for minio_to_snowflake_banking to 2026-05-27 13:34:00+00:00, run_after=2026-05-27 13:35:00+00:00
[2026-05-27T13:35:46.020+0000] {processor.py:183} INFO - Processing /opt/airflow/dags/minio_to_snowflake_dag.py took 0.260 seconds
[2026-05-27T13:36:16.266+0000] {processor.py:161} INFO - Started process (PID=607) to work on /opt/airflow/dags/minio_to_snowflake_dag.py
[2026-05-27T13:36:16.267+0000] {processor.py:830} INFO - Processing file /opt/airflow/dags/minio_to_snowflake_dag.py for tasks to queue
[2026-05-27T13:36:16.268+0000] {logging_mixin.py:188} INFO - [2026-05-27T13:36:16.268+0000] {dagbag.py:545} INFO - Filling up the DagBag from /opt/airflow/dags/minio_to_snowflake_dag.py
[2026-05-27T13:36:16.520+0000] {processor.py:840} INFO - DAG(s) 'minio_to_snowflake_banking' retrieved from /opt/airflow/dags/minio_to_snowflake_dag.py
[2026-05-27T13:36:16.529+0000] {logging_mixin.py:188} INFO - [2026-05-27T13:36:16.529+0000] {dag.py:3089} INFO - Sync 1 DAGs
[2026-05-27T13:36:16.535+0000] {logging_mixin.py:188} INFO - [2026-05-27T13:36:16.535+0000] {dag.py:3947} INFO - Setting next_dagrun for minio_to_snowflake_banking to 2026-05-27 13:35:00+00:00, run_after=2026-05-27 13:36:00+00:00
[2026-05-27T13:36:16.540+0000] {processor.py:183} INFO - Processing /opt/airflow/dags/minio_to_snowflake_dag.py took 0.279 seconds
[2026-05-27T13:36:46.785+0000] {processor.py:161} INFO - Started process (PID=611) to work on /opt/airflow/dags/minio_to_snowflake_dag.py
[2026-05-27T13:36:46.786+0000] {processor.py:830} INFO - Processing file /opt/airflow/dags/minio_to_snowflake_dag.py for tasks to queue
[2026-05-27T13:36:46.787+0000] {logging_mixin.py:188} INFO - [2026-05-27T13:36:46.787+0000] {dagbag.py:545} INFO - Filling up the DagBag from /opt/airflow/dags/minio_to_snowflake_dag.py
[2026-05-27T13:36:47.042+0000] {processor.py:840} INFO - DAG(s) 'minio_to_snowflake_banking' retrieved from /opt/airflow/dags/minio_to_snowflake_dag.py
[2026-05-27T13:36:47.053+0000] {logging_mixin.py:188} INFO - [2026-05-27T13:36:47.052+0000] {dag.py:3089} INFO - Sync 1 DAGs
[2026-05-27T13:36:47.061+0000] {logging_mixin.py:188} INFO - [2026-05-27T13:36:47.061+0000] {dag.py:3947} INFO - Setting next_dagrun for minio_to_snowflake_banking to 2026-05-27 13:35:00+00:00, run_after=2026-05-27 13:36:00+00:00
[2026-05-27T13:36:47.071+0000] {processor.py:183} INFO - Processing /opt/airflow/dags/minio_to_snowflake_dag.py took 0.291 seconds
[2026-05-27T13:37:17.331+0000] {processor.py:161} INFO - Started process (PID=615) to work on /opt/airflow/dags/minio_to_snowflake_dag.py
[2026-05-27T13:37:17.332+0000] {processor.py:830} INFO - Processing file /opt/airflow/dags/minio_to_snowflake_dag.py for tasks to queue
[2026-05-27T13:37:17.333+0000] {logging_mixin.py:188} INFO - [2026-05-27T13:37:17.333+0000] {dagbag.py:545} INFO - Filling up the DagBag from /opt/airflow/dags/minio_to_snowflake_dag.py
[2026-05-27T13:37:17.586+0000] {processor.py:840} INFO - DAG(s) 'minio_to_snowflake_banking' retrieved from /opt/airflow/dags/minio_to_snowflake_dag.py
[2026-05-27T13:37:17.594+0000] {logging_mixin.py:188} INFO - [2026-05-27T13:37:17.594+0000] {dag.py:3089} INFO - Sync 1 DAGs
[2026-05-27T13:37:17.600+0000] {logging_mixin.py:188} INFO - [2026-05-27T13:37:17.600+0000] {dag.py:3947} INFO - Setting next_dagrun for minio_to_snowflake_banking to 2026-05-27 13:36:00+00:00, run_after=2026-05-27 13:37:00+00:00
[2026-05-27T13:37:17.606+0000] {processor.py:183} INFO - Processing /opt/airflow/dags/minio_to_snowflake_dag.py took 0.280 seconds
[2026-05-27T13:37:47.873+0000] {processor.py:161} INFO - Started process (PID=619) to work on /opt/airflow/dags/minio_to_snowflake_dag.py
[2026-05-27T13:37:47.874+0000] {processor.py:830} INFO - Processing file /opt/airflow/dags/minio_to_snowflake_dag.py for tasks to queue
[2026-05-27T13:37:47.875+0000] {logging_mixin.py:188} INFO - [2026-05-27T13:37:47.875+0000] {dagbag.py:545} INFO - Filling up the DagBag from /opt/airflow/dags/minio_to_snowflake_dag.py
[2026-05-27T13:37:48.126+0000] {processor.py:840} INFO - DAG(s) 'minio_to_snowflake_banking' retrieved from /opt/airflow/dags/minio_to_snowflake_dag.py
[2026-05-27T13:37:48.134+0000] {logging_mixin.py:188} INFO - [2026-05-27T13:37:48.134+0000] {dag.py:3089} INFO - Sync 1 DAGs
[2026-05-27T13:37:48.141+0000] {logging_mixin.py:188} INFO - [2026-05-27T13:37:48.141+0000] {dag.py:3947} INFO - Setting next_dagrun for minio_to_snowflake_banking to 2026-05-27 13:36:00+00:00, run_after=2026-05-27 13:37:00+00:00
[2026-05-27T13:37:48.146+0000] {processor.py:183} INFO - Processing /opt/airflow/dags/minio_to_snowflake_dag.py took 0.278 seconds
[2026-05-27T13:38:18.383+0000] {processor.py:161} INFO - Started process (PID=623) to work on /opt/airflow/dags/minio_to_snowflake_dag.py
[2026-05-27T13:38:18.384+0000] {processor.py:830} INFO - Processing file /opt/airflow/dags/minio_to_snowflake_dag.py for tasks to queue
[2026-05-27T13:38:18.385+0000] {logging_mixin.py:188} INFO - [2026-05-27T13:38:18.385+0000] {dagbag.py:545} INFO - Filling up the DagBag from /opt/airflow/dags/minio_to_snowflake_dag.py
[2026-05-27T13:38:18.644+0000] {processor.py:840} INFO - DAG(s) 'minio_to_snowflake_banking' retrieved from /opt/airflow/dags/minio_to_snowflake_dag.py
[2026-05-27T13:38:18.654+0000] {logging_mixin.py:188} INFO - [2026-05-27T13:38:18.653+0000] {dag.py:3089} INFO - Sync 1 DAGs
[2026-05-27T13:38:18.660+0000] {logging_mixin.py:188} INFO - [2026-05-27T13:38:18.660+0000] {dag.py:3947} INFO - Setting next_dagrun for minio_to_snowflake_banking to 2026-05-27 13:37:00+00:00, run_after=2026-05-27 13:38:00+00:00
[2026-05-27T13:38:18.666+0000] {processor.py:183} INFO - Processing /opt/airflow/dags/minio_to_snowflake_dag.py took 0.289 seconds
[2026-05-27T13:38:48.915+0000] {processor.py:161} INFO - Started process (PID=627) to work on /opt/airflow/dags/minio_to_snowflake_dag.py
[2026-05-27T13:38:48.917+0000] {processor.py:830} INFO - Processing file /opt/airflow/dags/minio_to_snowflake_dag.py for tasks to queue
[2026-05-27T13:38:48.918+0000] {logging_mixin.py:188} INFO - [2026-05-27T13:38:48.918+0000] {dagbag.py:545} INFO - Filling up the DagBag from /opt/airflow/dags/minio_to_snowflake_dag.py
[2026-05-27T13:38:49.161+0000] {processor.py:840} INFO - DAG(s) 'minio_to_snowflake_banking' retrieved from /opt/airflow/dags/minio_to_snowflake_dag.py
[2026-05-27T13:38:49.169+0000] {logging_mixin.py:188} INFO - [2026-05-27T13:38:49.169+0000] {dag.py:3089} INFO - Sync 1 DAGs
[2026-05-27T13:38:49.175+0000] {logging_mixin.py:188} INFO - [2026-05-27T13:38:49.175+0000] {dag.py:3947} INFO - Setting next_dagrun for minio_to_snowflake_banking to 2026-05-27 13:37:00+00:00, run_after=2026-05-27 13:38:00+00:00
[2026-05-27T13:38:49.180+0000] {processor.py:183} INFO - Processing /opt/airflow/dags/minio_to_snowflake_dag.py took 0.270 seconds
[2026-05-27T13:39:19.404+0000] {processor.py:161} INFO - Started process (PID=631) to work on /opt/airflow/dags/minio_to_snowflake_dag.py
[2026-05-27T13:39:19.406+0000] {processor.py:830} INFO - Processing file /opt/airflow/dags/minio_to_snowflake_dag.py for tasks to queue
[2026-05-27T13:39:19.407+0000] {logging_mixin.py:188} INFO - [2026-05-27T13:39:19.407+0000] {dagbag.py:545} INFO - Filling up the DagBag from /opt/airflow/dags/minio_to_snowflake_dag.py
[2026-05-27T13:39:19.653+0000] {processor.py:840} INFO - DAG(s) 'minio_to_snowflake_banking' retrieved from /opt/airflow/dags/minio_to_snowflake_dag.py
[2026-05-27T13:39:19.661+0000] {logging_mixin.py:188} INFO - [2026-05-27T13:39:19.661+0000] {dag.py:3089} INFO - Sync 1 DAGs
[2026-05-27T13:39:19.667+0000] {logging_mixin.py:188} INFO - [2026-05-27T13:39:19.667+0000] {dag.py:3947} INFO - Setting next_dagrun for minio_to_snowflake_banking to 2026-05-27 13:38:00+00:00, run_after=2026-05-27 13:39:00+00:00
[2026-05-27T13:39:19.674+0000] {processor.py:183} INFO - Processing /opt/airflow/dags/minio_to_snowflake_dag.py took 0.275 seconds
[2026-05-27T13:39:49.927+0000] {processor.py:161} INFO - Started process (PID=635) to work on /opt/airflow/dags/minio_to_snowflake_dag.py
[2026-05-27T13:39:49.928+0000] {processor.py:830} INFO - Processing file /opt/airflow/dags/minio_to_snowflake_dag.py for tasks to queue
[2026-05-27T13:39:49.930+0000] {logging_mixin.py:188} INFO - [2026-05-27T13:39:49.929+0000] {dagbag.py:545} INFO - Filling up the DagBag from /opt/airflow/dags/minio_to_snowflake_dag.py
[2026-05-27T13:39:50.174+0000] {processor.py:840} INFO - DAG(s) 'minio_to_snowflake_banking' retrieved from /opt/airflow/dags/minio_to_snowflake_dag.py
[2026-05-27T13:39:50.182+0000] {logging_mixin.py:188} INFO - [2026-05-27T13:39:50.182+0000] {dag.py:3089} INFO - Sync 1 DAGs
[2026-05-27T13:39:50.189+0000] {logging_mixin.py:188} INFO - [2026-05-27T13:39:50.189+0000] {dag.py:3947} INFO - Setting next_dagrun for minio_to_snowflake_banking to 2026-05-27 13:38:00+00:00, run_after=2026-05-27 13:39:00+00:00
[2026-05-27T13:39:50.194+0000] {processor.py:183} INFO - Processing /opt/airflow/dags/minio_to_snowflake_dag.py took 0.272 seconds
[2026-05-27T13:40:20.532+0000] {processor.py:161} INFO - Started process (PID=639) to work on /opt/airflow/dags/minio_to_snowflake_dag.py
[2026-05-27T13:40:20.533+0000] {processor.py:830} INFO - Processing file /opt/airflow/dags/minio_to_snowflake_dag.py for tasks to queue
[2026-05-27T13:40:20.534+0000] {logging_mixin.py:188} INFO - [2026-05-27T13:40:20.534+0000] {dagbag.py:545} INFO - Filling up the DagBag from /opt/airflow/dags/minio_to_snowflake_dag.py
[2026-05-27T13:40:20.784+0000] {processor.py:840} INFO - DAG(s) 'minio_to_snowflake_banking' retrieved from /opt/airflow/dags/minio_to_snowflake_dag.py
[2026-05-27T13:40:20.792+0000] {logging_mixin.py:188} INFO - [2026-05-27T13:40:20.792+0000] {dag.py:3089} INFO - Sync 1 DAGs
[2026-05-27T13:40:20.799+0000] {logging_mixin.py:188} INFO - [2026-05-27T13:40:20.799+0000] {dag.py:3947} INFO - Setting next_dagrun for minio_to_snowflake_banking to 2026-05-27 13:39:00+00:00, run_after=2026-05-27 13:40:00+00:00
[2026-05-27T13:40:20.805+0000] {processor.py:183} INFO - Processing /opt/airflow/dags/minio_to_snowflake_dag.py took 0.277 seconds
[2026-05-27T13:40:51.040+0000] {processor.py:161} INFO - Started process (PID=643) to work on /opt/airflow/dags/minio_to_snowflake_dag.py
[2026-05-27T13:40:51.041+0000] {processor.py:830} INFO - Processing file /opt/airflow/dags/minio_to_snowflake_dag.py for tasks to queue
[2026-05-27T13:40:51.043+0000] {logging_mixin.py:188} INFO - [2026-05-27T13:40:51.042+0000] {dagbag.py:545} INFO - Filling up the DagBag from /opt/airflow/dags/minio_to_snowflake_dag.py
[2026-05-27T13:40:51.281+0000] {processor.py:840} INFO - DAG(s) 'minio_to_snowflake_banking' retrieved from /opt/airflow/dags/minio_to_snowflake_dag.py
[2026-05-27T13:40:51.290+0000] {logging_mixin.py:188} INFO - [2026-05-27T13:40:51.290+0000] {dag.py:3089} INFO - Sync 1 DAGs
[2026-05-27T13:40:51.296+0000] {logging_mixin.py:188} INFO - [2026-05-27T13:40:51.296+0000] {dag.py:3947} INFO - Setting next_dagrun for minio_to_snowflake_banking to 2026-05-27 13:39:00+00:00, run_after=2026-05-27 13:40:00+00:00
[2026-05-27T13:40:51.301+0000] {processor.py:183} INFO - Processing /opt/airflow/dags/minio_to_snowflake_dag.py took 0.266 seconds
[2026-05-27T13:41:21.511+0000] {processor.py:161} INFO - Started process (PID=647) to work on /opt/airflow/dags/minio_to_snowflake_dag.py
[2026-05-27T13:41:21.512+0000] {processor.py:830} INFO - Processing file /opt/airflow/dags/minio_to_snowflake_dag.py for tasks to queue
[2026-05-27T13:41:21.514+0000] {logging_mixin.py:188} INFO - [2026-05-27T13:41:21.514+0000] {dagbag.py:545} INFO - Filling up the DagBag from /opt/airflow/dags/minio_to_snowflake_dag.py
[2026-05-27T13:41:21.753+0000] {processor.py:840} INFO - DAG(s) 'minio_to_snowflake_banking' retrieved from /opt/airflow/dags/minio_to_snowflake_dag.py
[2026-05-27T13:41:21.761+0000] {logging_mixin.py:188} INFO - [2026-05-27T13:41:21.761+0000] {dag.py:3089} INFO - Sync 1 DAGs
[2026-05-27T13:41:21.767+0000] {logging_mixin.py:188} INFO - [2026-05-27T13:41:21.767+0000] {dag.py:3947} INFO - Setting next_dagrun for minio_to_snowflake_banking to 2026-05-27 13:40:00+00:00, run_after=2026-05-27 13:41:00+00:00
[2026-05-27T13:41:21.773+0000] {processor.py:183} INFO - Processing /opt/airflow/dags/minio_to_snowflake_dag.py took 0.267 seconds
[2026-05-27T13:41:52.031+0000] {processor.py:161} INFO - Started process (PID=651) to work on /opt/airflow/dags/minio_to_snowflake_dag.py
[2026-05-27T13:41:52.032+0000] {processor.py:830} INFO - Processing file /opt/airflow/dags/minio_to_snowflake_dag.py for tasks to queue
[2026-05-27T13:41:52.034+0000] {logging_mixin.py:188} INFO - [2026-05-27T13:41:52.034+0000] {dagbag.py:545} INFO - Filling up the DagBag from /opt/airflow/dags/minio_to_snowflake_dag.py
[2026-05-27T13:41:52.276+0000] {processor.py:840} INFO - DAG(s) 'minio_to_snowflake_banking' retrieved from /opt/airflow/dags/minio_to_snowflake_dag.py
[2026-05-27T13:41:52.284+0000] {logging_mixin.py:188} INFO - [2026-05-27T13:41:52.284+0000] {dag.py:3089} INFO - Sync 1 DAGs
[2026-05-27T13:41:52.291+0000] {logging_mixin.py:188} INFO - [2026-05-27T13:41:52.291+0000] {dag.py:3947} INFO - Setting next_dagrun for minio_to_snowflake_banking to 2026-05-27 13:40:00+00:00, run_after=2026-05-27 13:41:00+00:00
[2026-05-27T13:41:52.297+0000] {processor.py:183} INFO - Processing /opt/airflow/dags/minio_to_snowflake_dag.py took 0.270 seconds
[2026-05-27T13:42:22.538+0000] {processor.py:161} INFO - Started process (PID=655) to work on /opt/airflow/dags/minio_to_snowflake_dag.py
[2026-05-27T13:42:22.539+0000] {processor.py:830} INFO - Processing file /opt/airflow/dags/minio_to_snowflake_dag.py for tasks to queue
[2026-05-27T13:42:22.540+0000] {logging_mixin.py:188} INFO - [2026-05-27T13:42:22.539+0000] {dagbag.py:545} INFO - Filling up the DagBag from /opt/airflow/dags/minio_to_snowflake_dag.py
[2026-05-27T13:42:22.802+0000] {processor.py:840} INFO - DAG(s) 'minio_to_snowflake_banking' retrieved from /opt/airflow/dags/minio_to_snowflake_dag.py
[2026-05-27T13:42:22.813+0000] {logging_mixin.py:188} INFO - [2026-05-27T13:42:22.813+0000] {dag.py:3089} INFO - Sync 1 DAGs
[2026-05-27T13:42:22.821+0000] {logging_mixin.py:188} INFO - [2026-05-27T13:42:22.821+0000] {dag.py:3947} INFO - Setting next_dagrun for minio_to_snowflake_banking to 2026-05-27 13:41:00+00:00, run_after=2026-05-27 13:42:00+00:00
[2026-05-27T13:42:22.828+0000] {processor.py:183} INFO - Processing /opt/airflow/dags/minio_to_snowflake_dag.py took 0.292 seconds
[2026-05-27T13:42:53.055+0000] {processor.py:161} INFO - Started process (PID=659) to work on /opt/airflow/dags/minio_to_snowflake_dag.py
[2026-05-27T13:42:53.055+0000] {processor.py:830} INFO - Processing file /opt/airflow/dags/minio_to_snowflake_dag.py for tasks to queue
[2026-05-27T13:42:53.056+0000] {logging_mixin.py:188} INFO - [2026-05-27T13:42:53.056+0000] {dagbag.py:545} INFO - Filling up the DagBag from /opt/airflow/dags/minio_to_snowflake_dag.py
[2026-05-27T13:42:53.303+0000] {processor.py:840} INFO - DAG(s) 'minio_to_snowflake_banking' retrieved from /opt/airflow/dags/minio_to_snowflake_dag.py
[2026-05-27T13:42:53.313+0000] {logging_mixin.py:188} INFO - [2026-05-27T13:42:53.313+0000] {dag.py:3089} INFO - Sync 1 DAGs
[2026-05-27T13:42:53.320+0000] {logging_mixin.py:188} INFO - [2026-05-27T13:42:53.320+0000] {dag.py:3947} INFO - Setting next_dagrun for minio_to_snowflake_banking to 2026-05-27 13:41:00+00:00, run_after=2026-05-27 13:42:00+00:00
[2026-05-27T13:42:53.326+0000] {processor.py:183} INFO - Processing /opt/airflow/dags/minio_to_snowflake_dag.py took 0.274 seconds
[2026-05-27T13:43:23.537+0000] {processor.py:161} INFO - Started process (PID=663) to work on /opt/airflow/dags/minio_to_snowflake_dag.py
[2026-05-27T13:43:23.539+0000] {processor.py:830} INFO - Processing file /opt/airflow/dags/minio_to_snowflake_dag.py for tasks to queue
[2026-05-27T13:43:23.539+0000] {logging_mixin.py:188} INFO - [2026-05-27T13:43:23.539+0000] {dagbag.py:545} INFO - Filling up the DagBag from /opt/airflow/dags/minio_to_snowflake_dag.py
[2026-05-27T13:43:23.781+0000] {processor.py:840} INFO - DAG(s) 'minio_to_snowflake_banking' retrieved from /opt/airflow/dags/minio_to_snowflake_dag.py
[2026-05-27T13:43:23.790+0000] {logging_mixin.py:188} INFO - [2026-05-27T13:43:23.790+0000] {dag.py:3089} INFO - Sync 1 DAGs
[2026-05-27T13:43:23.798+0000] {logging_mixin.py:188} INFO - [2026-05-27T13:43:23.797+0000] {dag.py:3947} INFO - Setting next_dagrun for minio_to_snowflake_banking to 2026-05-27 13:42:00+00:00, run_after=2026-05-27 13:43:00+00:00
[2026-05-27T13:43:23.803+0000] {processor.py:183} INFO - Processing /opt/airflow/dags/minio_to_snowflake_dag.py took 0.268 seconds
[2026-05-27T13:43:54.043+0000] {processor.py:161} INFO - Started process (PID=667) to work on /opt/airflow/dags/minio_to_snowflake_dag.py
[2026-05-27T13:43:54.044+0000] {processor.py:830} INFO - Processing file /opt/airflow/dags/minio_to_snowflake_dag.py for tasks to queue
[2026-05-27T13:43:54.045+0000] {logging_mixin.py:188} INFO - [2026-05-27T13:43:54.045+0000] {dagbag.py:545} INFO - Filling up the DagBag from /opt/airflow/dags/minio_to_snowflake_dag.py
[2026-05-27T13:43:54.311+0000] {processor.py:840} INFO - DAG(s) 'minio_to_snowflake_banking' retrieved from /opt/airflow/dags/minio_to_snowflake_dag.py
[2026-05-27T13:43:54.319+0000] {logging_mixin.py:188} INFO - [2026-05-27T13:43:54.319+0000] {dag.py:3089} INFO - Sync 1 DAGs
[2026-05-27T13:43:54.328+0000] {logging_mixin.py:188} INFO - [2026-05-27T13:43:54.328+0000] {dag.py:3947} INFO - Setting next_dagrun for minio_to_snowflake_banking to 2026-05-27 13:42:00+00:00, run_after=2026-05-27 13:43:00+00:00
[2026-05-27T13:43:54.334+0000] {processor.py:183} INFO - Processing /opt/airflow/dags/minio_to_snowflake_dag.py took 0.294 seconds
[2026-05-27T13:44:24.552+0000] {processor.py:161} INFO - Started process (PID=671) to work on /opt/airflow/dags/minio_to_snowflake_dag.py
[2026-05-27T13:44:24.554+0000] {processor.py:830} INFO - Processing file /opt/airflow/dags/minio_to_snowflake_dag.py for tasks to queue
[2026-05-27T13:44:24.555+0000] {logging_mixin.py:188} INFO - [2026-05-27T13:44:24.555+0000] {dagbag.py:545} INFO - Filling up the DagBag from /opt/airflow/dags/minio_to_snowflake_dag.py
[2026-05-27T13:44:24.804+0000] {processor.py:840} INFO - DAG(s) 'minio_to_snowflake_banking' retrieved from /opt/airflow/dags/minio_to_snowflake_dag.py
[2026-05-27T13:44:24.812+0000] {logging_mixin.py:188} INFO - [2026-05-27T13:44:24.812+0000] {dag.py:3089} INFO - Sync 1 DAGs
[2026-05-27T13:44:24.819+0000] {logging_mixin.py:188} INFO - [2026-05-27T13:44:24.819+0000] {dag.py:3947} INFO - Setting next_dagrun for minio_to_snowflake_banking to 2026-05-27 13:43:00+00:00, run_after=2026-05-27 13:44:00+00:00
[2026-05-27T13:44:24.825+0000] {processor.py:183} INFO - Processing /opt/airflow/dags/minio_to_snowflake_dag.py took 0.279 seconds
[2026-05-27T13:44:55.086+0000] {processor.py:161} INFO - Started process (PID=675) to work on /opt/airflow/dags/minio_to_snowflake_dag.py
[2026-05-27T13:44:55.088+0000] {processor.py:830} INFO - Processing file /opt/airflow/dags/minio_to_snowflake_dag.py for tasks to queue
[2026-05-27T13:44:55.089+0000] {logging_mixin.py:188} INFO - [2026-05-27T13:44:55.089+0000] {dagbag.py:545} INFO - Filling up the DagBag from /opt/airflow/dags/minio_to_snowflake_dag.py
[2026-05-27T13:44:55.334+0000] {processor.py:840} INFO - DAG(s) 'minio_to_snowflake_banking' retrieved from /opt/airflow/dags/minio_to_snowflake_dag.py
[2026-05-27T13:44:55.342+0000] {logging_mixin.py:188} INFO - [2026-05-27T13:44:55.342+0000] {dag.py:3089} INFO - Sync 1 DAGs
[2026-05-27T13:44:55.349+0000] {logging_mixin.py:188} INFO - [2026-05-27T13:44:55.349+0000] {dag.py:3947} INFO - Setting next_dagrun for minio_to_snowflake_banking to 2026-05-27 13:43:00+00:00, run_after=2026-05-27 13:44:00+00:00
[2026-05-27T13:44:55.354+0000] {processor.py:183} INFO - Processing /opt/airflow/dags/minio_to_snowflake_dag.py took 0.272 seconds
[2026-05-27T13:45:25.590+0000] {processor.py:161} INFO - Started process (PID=679) to work on /opt/airflow/dags/minio_to_snowflake_dag.py
[2026-05-27T13:45:25.590+0000] {processor.py:830} INFO - Processing file /opt/airflow/dags/minio_to_snowflake_dag.py for tasks to queue
[2026-05-27T13:45:25.591+0000] {logging_mixin.py:188} INFO - [2026-05-27T13:45:25.591+0000] {dagbag.py:545} INFO - Filling up the DagBag from /opt/airflow/dags/minio_to_snowflake_dag.py
[2026-05-27T13:45:25.831+0000] {processor.py:840} INFO - DAG(s) 'minio_to_snowflake_banking' retrieved from /opt/airflow/dags/minio_to_snowflake_dag.py
[2026-05-27T13:45:25.839+0000] {logging_mixin.py:188} INFO - [2026-05-27T13:45:25.839+0000] {dag.py:3089} INFO - Sync 1 DAGs
[2026-05-27T13:45:25.846+0000] {logging_mixin.py:188} INFO - [2026-05-27T13:45:25.845+0000] {dag.py:3947} INFO - Setting next_dagrun for minio_to_snowflake_banking to 2026-05-27 13:44:00+00:00, run_after=2026-05-27 13:45:00+00:00
[2026-05-27T13:45:25.851+0000] {processor.py:183} INFO - Processing /opt/airflow/dags/minio_to_snowflake_dag.py took 0.264 seconds
[2026-05-27T13:45:56.109+0000] {processor.py:161} INFO - Started process (PID=683) to work on /opt/airflow/dags/minio_to_snowflake_dag.py
[2026-05-27T13:45:56.110+0000] {processor.py:830} INFO - Processing file /opt/airflow/dags/minio_to_snowflake_dag.py for tasks to queue
[2026-05-27T13:45:56.112+0000] {logging_mixin.py:188} INFO - [2026-05-27T13:45:56.112+0000] {dagbag.py:545} INFO - Filling up the DagBag from /opt/airflow/dags/minio_to_snowflake_dag.py
[2026-05-27T13:45:56.374+0000] {processor.py:840} INFO - DAG(s) 'minio_to_snowflake_banking' retrieved from /opt/airflow/dags/minio_to_snowflake_dag.py
[2026-05-27T13:45:56.384+0000] {logging_mixin.py:188} INFO - [2026-05-27T13:45:56.384+0000] {dag.py:3089} INFO - Sync 1 DAGs
[2026-05-27T13:45:56.391+0000] {logging_mixin.py:188} INFO - [2026-05-27T13:45:56.391+0000] {dag.py:3947} INFO - Setting next_dagrun for minio_to_snowflake_banking to 2026-05-27 13:44:00+00:00, run_after=2026-05-27 13:45:00+00:00
[2026-05-27T13:45:56.397+0000] {processor.py:183} INFO - Processing /opt/airflow/dags/minio_to_snowflake_dag.py took 0.293 seconds
[2026-05-27T13:46:26.635+0000] {processor.py:161} INFO - Started process (PID=687) to work on /opt/airflow/dags/minio_to_snowflake_dag.py
[2026-05-27T13:46:26.637+0000] {processor.py:830} INFO - Processing file /opt/airflow/dags/minio_to_snowflake_dag.py for tasks to queue
[2026-05-27T13:46:26.638+0000] {logging_mixin.py:188} INFO - [2026-05-27T13:46:26.638+0000] {dagbag.py:545} INFO - Filling up the DagBag from /opt/airflow/dags/minio_to_snowflake_dag.py
[2026-05-27T13:46:26.883+0000] {processor.py:840} INFO - DAG(s) 'minio_to_snowflake_banking' retrieved from /opt/airflow/dags/minio_to_snowflake_dag.py
[2026-05-27T13:46:26.891+0000] {logging_mixin.py:188} INFO - [2026-05-27T13:46:26.891+0000] {dag.py:3089} INFO - Sync 1 DAGs
[2026-05-27T13:46:26.898+0000] {logging_mixin.py:188} INFO - [2026-05-27T13:46:26.897+0000] {dag.py:3947} INFO - Setting next_dagrun for minio_to_snowflake_banking to 2026-05-27 13:45:00+00:00, run_after=2026-05-27 13:46:00+00:00
[2026-05-27T13:46:26.903+0000] {processor.py:183} INFO - Processing /opt/airflow/dags/minio_to_snowflake_dag.py took 0.273 seconds
[2026-05-27T13:46:57.162+0000] {processor.py:161} INFO - Started process (PID=691) to work on /opt/airflow/dags/minio_to_snowflake_dag.py
[2026-05-27T13:46:57.163+0000] {processor.py:830} INFO - Processing file /opt/airflow/dags/minio_to_snowflake_dag.py for tasks to queue
[2026-05-27T13:46:57.164+0000] {logging_mixin.py:188} INFO - [2026-05-27T13:46:57.164+0000] {dagbag.py:545} INFO - Filling up the DagBag from /opt/airflow/dags/minio_to_snowflake_dag.py
[2026-05-27T13:46:57.433+0000] {processor.py:840} INFO - DAG(s) 'minio_to_snowflake_banking' retrieved from /opt/airflow/dags/minio_to_snowflake_dag.py
[2026-05-27T13:46:57.443+0000] {logging_mixin.py:188} INFO - [2026-05-27T13:46:57.442+0000] {dag.py:3089} INFO - Sync 1 DAGs
[2026-05-27T13:46:57.451+0000] {logging_mixin.py:188} INFO - [2026-05-27T13:46:57.450+0000] {dag.py:3947} INFO - Setting next_dagrun for minio_to_snowflake_banking to 2026-05-27 13:45:00+00:00, run_after=2026-05-27 13:46:00+00:00
[2026-05-27T13:46:57.456+0000] {processor.py:183} INFO - Processing /opt/airflow/dags/minio_to_snowflake_dag.py took 0.298 seconds
[2026-05-27T13:47:27.694+0000] {processor.py:161} INFO - Started process (PID=695) to work on /opt/airflow/dags/minio_to_snowflake_dag.py
[2026-05-27T13:47:27.695+0000] {processor.py:830} INFO - Processing file /opt/airflow/dags/minio_to_snowflake_dag.py for tasks to queue
[2026-05-27T13:47:27.696+0000] {logging_mixin.py:188} INFO - [2026-05-27T13:47:27.696+0000] {dagbag.py:545} INFO - Filling up the DagBag from /opt/airflow/dags/minio_to_snowflake_dag.py
[2026-05-27T13:47:27.936+0000] {processor.py:840} INFO - DAG(s) 'minio_to_snowflake_banking' retrieved from /opt/airflow/dags/minio_to_snowflake_dag.py
[2026-05-27T13:47:27.944+0000] {logging_mixin.py:188} INFO - [2026-05-27T13:47:27.944+0000] {dag.py:3089} INFO - Sync 1 DAGs
[2026-05-27T13:47:27.951+0000] {logging_mixin.py:188} INFO - [2026-05-27T13:47:27.951+0000] {dag.py:3947} INFO - Setting next_dagrun for minio_to_snowflake_banking to 2026-05-27 13:46:00+00:00, run_after=2026-05-27 13:47:00+00:00
[2026-05-27T13:47:27.957+0000] {processor.py:183} INFO - Processing /opt/airflow/dags/minio_to_snowflake_dag.py took 0.267 seconds
[2026-05-27T13:47:58.201+0000] {processor.py:161} INFO - Started process (PID=699) to work on /opt/airflow/dags/minio_to_snowflake_dag.py
[2026-05-27T13:47:58.202+0000] {processor.py:830} INFO - Processing file /opt/airflow/dags/minio_to_snowflake_dag.py for tasks to queue
[2026-05-27T13:47:58.204+0000] {logging_mixin.py:188} INFO - [2026-05-27T13:47:58.204+0000] {dagbag.py:545} INFO - Filling up the DagBag from /opt/airflow/dags/minio_to_snowflake_dag.py
[2026-05-27T13:47:58.452+0000] {processor.py:840} INFO - DAG(s) 'minio_to_snowflake_banking' retrieved from /opt/airflow/dags/minio_to_snowflake_dag.py
[2026-05-27T13:47:58.460+0000] {logging_mixin.py:188} INFO - [2026-05-27T13:47:58.460+0000] {dag.py:3089} INFO - Sync 1 DAGs
[2026-05-27T13:47:58.466+0000] {logging_mixin.py:188} INFO - [2026-05-27T13:47:58.466+0000] {dag.py:3947} INFO - Setting next_dagrun for minio_to_snowflake_banking to 2026-05-27 13:46:00+00:00, run_after=2026-05-27 13:47:00+00:00
[2026-05-27T13:47:58.472+0000] {processor.py:183} INFO - Processing /opt/airflow/dags/minio_to_snowflake_dag.py took 0.277 seconds
[2026-05-27T13:48:28.714+0000] {processor.py:161} INFO - Started process (PID=703) to work on /opt/airflow/dags/minio_to_snowflake_dag.py
[2026-05-27T13:48:28.714+0000] {processor.py:830} INFO - Processing file /opt/airflow/dags/minio_to_snowflake_dag.py for tasks to queue
[2026-05-27T13:48:28.715+0000] {logging_mixin.py:188} INFO - [2026-05-27T13:48:28.715+0000] {dagbag.py:545} INFO - Filling up the DagBag from /opt/airflow/dags/minio_to_snowflake_dag.py
[2026-05-27T13:48:28.948+0000] {processor.py:840} INFO - DAG(s) 'minio_to_snowflake_banking' retrieved from /opt/airflow/dags/minio_to_snowflake_dag.py
[2026-05-27T13:48:28.957+0000] {logging_mixin.py:188} INFO - [2026-05-27T13:48:28.956+0000] {dag.py:3089} INFO - Sync 1 DAGs
[2026-05-27T13:48:28.964+0000] {logging_mixin.py:188} INFO - [2026-05-27T13:48:28.964+0000] {dag.py:3947} INFO - Setting next_dagrun for minio_to_snowflake_banking to 2026-05-27 13:47:00+00:00, run_after=2026-05-27 13:48:00+00:00
[2026-05-27T13:48:28.970+0000] {processor.py:183} INFO - Processing /opt/airflow/dags/minio_to_snowflake_dag.py took 0.259 seconds
[2026-05-27T13:48:59.260+0000] {processor.py:161} INFO - Started process (PID=707) to work on /opt/airflow/dags/minio_to_snowflake_dag.py
[2026-05-27T13:48:59.261+0000] {processor.py:830} INFO - Processing file /opt/airflow/dags/minio_to_snowflake_dag.py for tasks to queue
[2026-05-27T13:48:59.263+0000] {logging_mixin.py:188} INFO - [2026-05-27T13:48:59.263+0000] {dagbag.py:545} INFO - Filling up the DagBag from /opt/airflow/dags/minio_to_snowflake_dag.py
[2026-05-27T13:48:59.492+0000] {processor.py:840} INFO - DAG(s) 'minio_to_snowflake_banking' retrieved from /opt/airflow/dags/minio_to_snowflake_dag.py
[2026-05-27T13:48:59.502+0000] {logging_mixin.py:188} INFO - [2026-05-27T13:48:59.502+0000] {dag.py:3089} INFO - Sync 1 DAGs
[2026-05-27T13:48:59.509+0000] {logging_mixin.py:188} INFO - [2026-05-27T13:48:59.509+0000] {dag.py:3947} INFO - Setting next_dagrun for minio_to_snowflake_banking to 2026-05-27 13:47:00+00:00, run_after=2026-05-27 13:48:00+00:00
[2026-05-27T13:48:59.515+0000] {processor.py:183} INFO - Processing /opt/airflow/dags/minio_to_snowflake_dag.py took 0.259 seconds
[2026-05-27T13:49:29.541+0000] {processor.py:161} INFO - Started process (PID=711) to work on /opt/airflow/dags/minio_to_snowflake_dag.py
[2026-05-27T13:49:29.543+0000] {processor.py:830} INFO - Processing file /opt/airflow/dags/minio_to_snowflake_dag.py for tasks to queue
[2026-05-27T13:49:29.544+0000] {logging_mixin.py:188} INFO - [2026-05-27T13:49:29.544+0000] {dagbag.py:545} INFO - Filling up the DagBag from /opt/airflow/dags/minio_to_snowflake_dag.py
[2026-05-27T13:49:29.774+0000] {processor.py:840} INFO - DAG(s) 'minio_to_snowflake_banking' retrieved from /opt/airflow/dags/minio_to_snowflake_dag.py
[2026-05-27T13:49:29.782+0000] {logging_mixin.py:188} INFO - [2026-05-27T13:49:29.782+0000] {dag.py:3089} INFO - Sync 1 DAGs
[2026-05-27T13:49:29.788+0000] {logging_mixin.py:188} INFO - [2026-05-27T13:49:29.788+0000] {dag.py:3947} INFO - Setting next_dagrun for minio_to_snowflake_banking to 2026-05-27 13:48:00+00:00, run_after=2026-05-27 13:49:00+00:00
[2026-05-27T13:49:29.793+0000] {processor.py:183} INFO - Processing /opt/airflow/dags/minio_to_snowflake_dag.py took 0.257 seconds
[2026-05-27T13:49:59.976+0000] {processor.py:161} INFO - Started process (PID=715) to work on /opt/airflow/dags/minio_to_snowflake_dag.py
[2026-05-27T13:49:59.977+0000] {processor.py:830} INFO - Processing file /opt/airflow/dags/minio_to_snowflake_dag.py for tasks to queue
[2026-05-27T13:49:59.978+0000] {logging_mixin.py:188} INFO - [2026-05-27T13:49:59.978+0000] {dagbag.py:545} INFO - Filling up the DagBag from /opt/airflow/dags/minio_to_snowflake_dag.py
[2026-05-27T13:50:00.204+0000] {processor.py:840} INFO - DAG(s) 'minio_to_snowflake_banking' retrieved from /opt/airflow/dags/minio_to_snowflake_dag.py
[2026-05-27T13:50:00.212+0000] {logging_mixin.py:188} INFO - [2026-05-27T13:50:00.212+0000] {dag.py:3089} INFO - Sync 1 DAGs
[2026-05-27T13:50:00.218+0000] {logging_mixin.py:188} INFO - [2026-05-27T13:50:00.218+0000] {dag.py:3947} INFO - Setting next_dagrun for minio_to_snowflake_banking to 2026-05-27 13:49:00+00:00, run_after=2026-05-27 13:50:00+00:00
[2026-05-27T13:50:00.223+0000] {processor.py:183} INFO - Processing /opt/airflow/dags/minio_to_snowflake_dag.py took 0.252 seconds
[2026-05-27T13:50:30.269+0000] {processor.py:161} INFO - Started process (PID=719) to work on /opt/airflow/dags/minio_to_snowflake_dag.py
[2026-05-27T13:50:30.270+0000] {processor.py:830} INFO - Processing file /opt/airflow/dags/minio_to_snowflake_dag.py for tasks to queue
[2026-05-27T13:50:30.271+0000] {logging_mixin.py:188} INFO - [2026-05-27T13:50:30.271+0000] {dagbag.py:545} INFO - Filling up the DagBag from /opt/airflow/dags/minio_to_snowflake_dag.py
[2026-05-27T13:50:30.501+0000] {processor.py:840} INFO - DAG(s) 'minio_to_snowflake_banking' retrieved from /opt/airflow/dags/minio_to_snowflake_dag.py
[2026-05-27T13:50:30.508+0000] {logging_mixin.py:188} INFO - [2026-05-27T13:50:30.508+0000] {dag.py:3089} INFO - Sync 1 DAGs
[2026-05-27T13:50:30.515+0000] {logging_mixin.py:188} INFO - [2026-05-27T13:50:30.515+0000] {dag.py:3947} INFO - Setting next_dagrun for minio_to_snowflake_banking to 2026-05-27 13:49:00+00:00, run_after=2026-05-27 13:50:00+00:00
[2026-05-27T13:50:30.520+0000] {processor.py:183} INFO - Processing /opt/airflow/dags/minio_to_snowflake_dag.py took 0.256 seconds
[2026-05-27T13:51:00.750+0000] {processor.py:161} INFO - Started process (PID=723) to work on /opt/airflow/dags/minio_to_snowflake_dag.py
[2026-05-27T13:51:00.751+0000] {processor.py:830} INFO - Processing file /opt/airflow/dags/minio_to_snowflake_dag.py for tasks to queue
[2026-05-27T13:51:00.752+0000] {logging_mixin.py:188} INFO - [2026-05-27T13:51:00.752+0000] {dagbag.py:545} INFO - Filling up the DagBag from /opt/airflow/dags/minio_to_snowflake_dag.py
[2026-05-27T13:51:00.977+0000] {processor.py:840} INFO - DAG(s) 'minio_to_snowflake_banking' retrieved from /opt/airflow/dags/minio_to_snowflake_dag.py
[2026-05-27T13:51:00.984+0000] {logging_mixin.py:188} INFO - [2026-05-27T13:51:00.984+0000] {dag.py:3089} INFO - Sync 1 DAGs
[2026-05-27T13:51:00.990+0000] {logging_mixin.py:188} INFO - [2026-05-27T13:51:00.990+0000] {dag.py:3947} INFO - Setting next_dagrun for minio_to_snowflake_banking to 2026-05-27 13:50:00+00:00, run_after=2026-05-27 13:51:00+00:00
[2026-05-27T13:51:00.996+0000] {processor.py:183} INFO - Processing /opt/airflow/dags/minio_to_snowflake_dag.py took 0.251 seconds
[2026-05-27T13:51:31.061+0000] {processor.py:161} INFO - Started process (PID=727) to work on /opt/airflow/dags/minio_to_snowflake_dag.py
[2026-05-27T13:51:31.062+0000] {processor.py:830} INFO - Processing file /opt/airflow/dags/minio_to_snowflake_dag.py for tasks to queue
[2026-05-27T13:51:31.064+0000] {logging_mixin.py:188} INFO - [2026-05-27T13:51:31.063+0000] {dagbag.py:545} INFO - Filling up the DagBag from /opt/airflow/dags/minio_to_snowflake_dag.py
[2026-05-27T13:51:31.291+0000] {processor.py:840} INFO - DAG(s) 'minio_to_snowflake_banking' retrieved from /opt/airflow/dags/minio_to_snowflake_dag.py
[2026-05-27T13:51:31.299+0000] {logging_mixin.py:188} INFO - [2026-05-27T13:51:31.299+0000] {dag.py:3089} INFO - Sync 1 DAGs
[2026-05-27T13:51:31.305+0000] {logging_mixin.py:188} INFO - [2026-05-27T13:51:31.305+0000] {dag.py:3947} INFO - Setting next_dagrun for minio_to_snowflake_banking to 2026-05-27 13:50:00+00:00, run_after=2026-05-27 13:51:00+00:00
[2026-05-27T13:51:31.310+0000] {processor.py:183} INFO - Processing /opt/airflow/dags/minio_to_snowflake_dag.py took 0.254 seconds
[2026-05-27T13:52:01.539+0000] {processor.py:161} INFO - Started process (PID=731) to work on /opt/airflow/dags/minio_to_snowflake_dag.py
[2026-05-27T13:52:01.540+0000] {processor.py:830} INFO - Processing file /opt/airflow/dags/minio_to_snowflake_dag.py for tasks to queue
[2026-05-27T13:52:01.542+0000] {logging_mixin.py:188} INFO - [2026-05-27T13:52:01.541+0000] {dagbag.py:545} INFO - Filling up the DagBag from /opt/airflow/dags/minio_to_snowflake_dag.py
[2026-05-27T13:52:01.764+0000] {processor.py:840} INFO - DAG(s) 'minio_to_snowflake_banking' retrieved from /opt/airflow/dags/minio_to_snowflake_dag.py
[2026-05-27T13:52:01.772+0000] {logging_mixin.py:188} INFO - [2026-05-27T13:52:01.772+0000] {dag.py:3089} INFO - Sync 1 DAGs
[2026-05-27T13:52:01.778+0000] {logging_mixin.py:188} INFO - [2026-05-27T13:52:01.777+0000] {dag.py:3947} INFO - Setting next_dagrun for minio_to_snowflake_banking to 2026-05-27 13:51:00+00:00, run_after=2026-05-27 13:52:00+00:00
[2026-05-27T13:52:01.783+0000] {processor.py:183} INFO - Processing /opt/airflow/dags/minio_to_snowflake_dag.py took 0.248 seconds
[2026-05-27T13:52:31.823+0000] {processor.py:161} INFO - Started process (PID=735) to work on /opt/airflow/dags/minio_to_snowflake_dag.py
[2026-05-27T13:52:31.824+0000] {processor.py:830} INFO - Processing file /opt/airflow/dags/minio_to_snowflake_dag.py for tasks to queue
[2026-05-27T13:52:31.826+0000] {logging_mixin.py:188} INFO - [2026-05-27T13:52:31.826+0000] {dagbag.py:545} INFO - Filling up the DagBag from /opt/airflow/dags/minio_to_snowflake_dag.py
[2026-05-27T13:52:32.051+0000] {processor.py:840} INFO - DAG(s) 'minio_to_snowflake_banking' retrieved from /opt/airflow/dags/minio_to_snowflake_dag.py
[2026-05-27T13:52:32.059+0000] {logging_mixin.py:188} INFO - [2026-05-27T13:52:32.059+0000] {dag.py:3089} INFO - Sync 1 DAGs
[2026-05-27T13:52:32.065+0000] {logging_mixin.py:188} INFO - [2026-05-27T13:52:32.065+0000] {dag.py:3947} INFO - Setting next_dagrun for minio_to_snowflake_banking to 2026-05-27 13:51:00+00:00, run_after=2026-05-27 13:52:00+00:00
[2026-05-27T13:52:32.071+0000] {processor.py:183} INFO - Processing /opt/airflow/dags/minio_to_snowflake_dag.py took 0.253 seconds
[2026-05-27T13:53:02.358+0000] {processor.py:161} INFO - Started process (PID=739) to work on /opt/airflow/dags/minio_to_snowflake_dag.py
[2026-05-27T13:53:02.359+0000] {processor.py:830} INFO - Processing file /opt/airflow/dags/minio_to_snowflake_dag.py for tasks to queue
[2026-05-27T13:53:02.360+0000] {logging_mixin.py:188} INFO - [2026-05-27T13:53:02.360+0000] {dagbag.py:545} INFO - Filling up the DagBag from /opt/airflow/dags/minio_to_snowflake_dag.py
[2026-05-27T13:53:02.580+0000] {processor.py:840} INFO - DAG(s) 'minio_to_snowflake_banking' retrieved from /opt/airflow/dags/minio_to_snowflake_dag.py
[2026-05-27T13:53:02.588+0000] {logging_mixin.py:188} INFO - [2026-05-27T13:53:02.588+0000] {dag.py:3089} INFO - Sync 1 DAGs
[2026-05-27T13:53:02.594+0000] {logging_mixin.py:188} INFO - [2026-05-27T13:53:02.594+0000] {dag.py:3947} INFO - Setting next_dagrun for minio_to_snowflake_banking to 2026-05-27 13:52:00+00:00, run_after=2026-05-27 13:53:00+00:00
[2026-05-27T13:53:02.600+0000] {processor.py:183} INFO - Processing /opt/airflow/dags/minio_to_snowflake_dag.py took 0.246 seconds
[2026-05-27T13:53:32.884+0000] {processor.py:161} INFO - Started process (PID=743) to work on /opt/airflow/dags/minio_to_snowflake_dag.py
[2026-05-27T13:53:32.885+0000] {processor.py:830} INFO - Processing file /opt/airflow/dags/minio_to_snowflake_dag.py for tasks to queue
[2026-05-27T13:53:32.887+0000] {logging_mixin.py:188} INFO - [2026-05-27T13:53:32.886+0000] {dagbag.py:545} INFO - Filling up the DagBag from /opt/airflow/dags/minio_to_snowflake_dag.py
[2026-05-27T13:53:33.108+0000] {processor.py:840} INFO - DAG(s) 'minio_to_snowflake_banking' retrieved from /opt/airflow/dags/minio_to_snowflake_dag.py
[2026-05-27T13:53:33.116+0000] {logging_mixin.py:188} INFO - [2026-05-27T13:53:33.116+0000] {dag.py:3089} INFO - Sync 1 DAGs
[2026-05-27T13:53:33.122+0000] {logging_mixin.py:188} INFO - [2026-05-27T13:53:33.122+0000] {dag.py:3947} INFO - Setting next_dagrun for minio_to_snowflake_banking to 2026-05-27 13:52:00+00:00, run_after=2026-05-27 13:53:00+00:00
[2026-05-27T13:53:33.127+0000] {processor.py:183} INFO - Processing /opt/airflow/dags/minio_to_snowflake_dag.py took 0.248 seconds
[2026-05-27T13:54:03.182+0000] {processor.py:161} INFO - Started process (PID=747) to work on /opt/airflow/dags/minio_to_snowflake_dag.py
[2026-05-27T13:54:03.183+0000] {processor.py:830} INFO - Processing file /opt/airflow/dags/minio_to_snowflake_dag.py for tasks to queue
[2026-05-27T13:54:03.184+0000] {logging_mixin.py:188} INFO - [2026-05-27T13:54:03.184+0000] {dagbag.py:545} INFO - Filling up the DagBag from /opt/airflow/dags/minio_to_snowflake_dag.py
[2026-05-27T13:54:03.418+0000] {processor.py:840} INFO - DAG(s) 'minio_to_snowflake_banking' retrieved from /opt/airflow/dags/minio_to_snowflake_dag.py
[2026-05-27T13:54:03.426+0000] {logging_mixin.py:188} INFO - [2026-05-27T13:54:03.426+0000] {dag.py:3089} INFO - Sync 1 DAGs
[2026-05-27T13:54:03.432+0000] {logging_mixin.py:188} INFO - [2026-05-27T13:54:03.432+0000] {dag.py:3947} INFO - Setting next_dagrun for minio_to_snowflake_banking to 2026-05-27 13:53:00+00:00, run_after=2026-05-27 13:54:00+00:00
[2026-05-27T13:54:03.437+0000] {processor.py:183} INFO - Processing /opt/airflow/dags/minio_to_snowflake_dag.py took 0.261 seconds
[2026-05-27T13:54:33.708+0000] {processor.py:161} INFO - Started process (PID=751) to work on /opt/airflow/dags/minio_to_snowflake_dag.py
[2026-05-27T13:54:33.709+0000] {processor.py:830} INFO - Processing file /opt/airflow/dags/minio_to_snowflake_dag.py for tasks to queue
[2026-05-27T13:54:33.710+0000] {logging_mixin.py:188} INFO - [2026-05-27T13:54:33.710+0000] {dagbag.py:545} INFO - Filling up the DagBag from /opt/airflow/dags/minio_to_snowflake_dag.py
[2026-05-27T13:54:33.932+0000] {processor.py:840} INFO - DAG(s) 'minio_to_snowflake_banking' retrieved from /opt/airflow/dags/minio_to_snowflake_dag.py
[2026-05-27T13:54:33.940+0000] {logging_mixin.py:188} INFO - [2026-05-27T13:54:33.940+0000] {dag.py:3089} INFO - Sync 1 DAGs
[2026-05-27T13:54:33.946+0000] {logging_mixin.py:188} INFO - [2026-05-27T13:54:33.946+0000] {dag.py:3947} INFO - Setting next_dagrun for minio_to_snowflake_banking to 2026-05-27 13:53:00+00:00, run_after=2026-05-27 13:54:00+00:00
[2026-05-27T13:54:33.952+0000] {processor.py:183} INFO - Processing /opt/airflow/dags/minio_to_snowflake_dag.py took 0.248 seconds
[2026-05-27T13:55:04.009+0000] {processor.py:161} INFO - Started process (PID=755) to work on /opt/airflow/dags/minio_to_snowflake_dag.py
[2026-05-27T13:55:04.011+0000] {processor.py:830} INFO - Processing file /opt/airflow/dags/minio_to_snowflake_dag.py for tasks to queue
[2026-05-27T13:55:04.012+0000] {logging_mixin.py:188} INFO - [2026-05-27T13:55:04.012+0000] {dagbag.py:545} INFO - Filling up the DagBag from /opt/airflow/dags/minio_to_snowflake_dag.py
[2026-05-27T13:55:04.252+0000] {processor.py:840} INFO - DAG(s) 'minio_to_snowflake_banking' retrieved from /opt/airflow/dags/minio_to_snowflake_dag.py
[2026-05-27T13:55:04.260+0000] {logging_mixin.py:188} INFO - [2026-05-27T13:55:04.260+0000] {dag.py:3089} INFO - Sync 1 DAGs
[2026-05-27T13:55:04.266+0000] {logging_mixin.py:188} INFO - [2026-05-27T13:55:04.266+0000] {dag.py:3947} INFO - Setting next_dagrun for minio_to_snowflake_banking to 2026-05-27 13:54:00+00:00, run_after=2026-05-27 13:55:00+00:00
[2026-05-27T13:55:04.272+0000] {processor.py:183} INFO - Processing /opt/airflow/dags/minio_to_snowflake_dag.py took 0.267 seconds
[2026-05-27T13:55:34.523+0000] {processor.py:161} INFO - Started process (PID=759) to work on /opt/airflow/dags/minio_to_snowflake_dag.py
[2026-05-27T13:55:34.524+0000] {processor.py:830} INFO - Processing file /opt/airflow/dags/minio_to_snowflake_dag.py for tasks to queue
[2026-05-27T13:55:34.526+0000] {logging_mixin.py:188} INFO - [2026-05-27T13:55:34.525+0000] {dagbag.py:545} INFO - Filling up the DagBag from /opt/airflow/dags/minio_to_snowflake_dag.py
[2026-05-27T13:55:34.749+0000] {processor.py:840} INFO - DAG(s) 'minio_to_snowflake_banking' retrieved from /opt/airflow/dags/minio_to_snowflake_dag.py
[2026-05-27T13:55:34.757+0000] {logging_mixin.py:188} INFO - [2026-05-27T13:55:34.757+0000] {dag.py:3089} INFO - Sync 1 DAGs
[2026-05-27T13:55:34.763+0000] {logging_mixin.py:188} INFO - [2026-05-27T13:55:34.763+0000] {dag.py:3947} INFO - Setting next_dagrun for minio_to_snowflake_banking to 2026-05-27 13:54:00+00:00, run_after=2026-05-27 13:55:00+00:00
[2026-05-27T13:55:34.768+0000] {processor.py:183} INFO - Processing /opt/airflow/dags/minio_to_snowflake_dag.py took 0.250 seconds
[2026-05-27T13:56:04.820+0000] {processor.py:161} INFO - Started process (PID=763) to work on /opt/airflow/dags/minio_to_snowflake_dag.py
[2026-05-27T13:56:04.822+0000] {processor.py:830} INFO - Processing file /opt/airflow/dags/minio_to_snowflake_dag.py for tasks to queue
[2026-05-27T13:56:04.823+0000] {logging_mixin.py:188} INFO - [2026-05-27T13:56:04.823+0000] {dagbag.py:545} INFO - Filling up the DagBag from /opt/airflow/dags/minio_to_snowflake_dag.py
[2026-05-27T13:56:05.049+0000] {processor.py:840} INFO - DAG(s) 'minio_to_snowflake_banking' retrieved from /opt/airflow/dags/minio_to_snowflake_dag.py
[2026-05-27T13:56:05.058+0000] {logging_mixin.py:188} INFO - [2026-05-27T13:56:05.057+0000] {dag.py:3089} INFO - Sync 1 DAGs
[2026-05-27T13:56:05.064+0000] {logging_mixin.py:188} INFO - [2026-05-27T13:56:05.064+0000] {dag.py:3947} INFO - Setting next_dagrun for minio_to_snowflake_banking to 2026-05-27 13:55:00+00:00, run_after=2026-05-27 13:56:00+00:00
[2026-05-27T13:56:05.069+0000] {processor.py:183} INFO - Processing /opt/airflow/dags/minio_to_snowflake_dag.py took 0.254 seconds
[2026-05-27T13:56:35.115+0000] {processor.py:161} INFO - Started process (PID=767) to work on /opt/airflow/dags/minio_to_snowflake_dag.py
[2026-05-27T13:56:35.116+0000] {processor.py:830} INFO - Processing file /opt/airflow/dags/minio_to_snowflake_dag.py for tasks to queue
[2026-05-27T13:56:35.117+0000] {logging_mixin.py:188} INFO - [2026-05-27T13:56:35.117+0000] {dagbag.py:545} INFO - Filling up the DagBag from /opt/airflow/dags/minio_to_snowflake_dag.py
[2026-05-27T13:56:35.339+0000] {processor.py:840} INFO - DAG(s) 'minio_to_snowflake_banking' retrieved from /opt/airflow/dags/minio_to_snowflake_dag.py
[2026-05-27T13:56:35.346+0000] {logging_mixin.py:188} INFO - [2026-05-27T13:56:35.346+0000] {dag.py:3089} INFO - Sync 1 DAGs
[2026-05-27T13:56:35.352+0000] {logging_mixin.py:188} INFO - [2026-05-27T13:56:35.352+0000] {dag.py:3947} INFO - Setting next_dagrun for minio_to_snowflake_banking to 2026-05-27 13:55:00+00:00, run_after=2026-05-27 13:56:00+00:00
[2026-05-27T13:56:35.357+0000] {processor.py:183} INFO - Processing /opt/airflow/dags/minio_to_snowflake_dag.py took 0.248 seconds
[2026-05-27T13:57:05.476+0000] {processor.py:161} INFO - Started process (PID=771) to work on /opt/airflow/dags/minio_to_snowflake_dag.py
[2026-05-27T13:57:05.477+0000] {processor.py:830} INFO - Processing file /opt/airflow/dags/minio_to_snowflake_dag.py for tasks to queue
[2026-05-27T13:57:05.478+0000] {logging_mixin.py:188} INFO - [2026-05-27T13:57:05.478+0000] {dagbag.py:545} INFO - Filling up the DagBag from /opt/airflow/dags/minio_to_snowflake_dag.py
[2026-05-27T13:57:05.699+0000] {processor.py:840} INFO - DAG(s) 'minio_to_snowflake_banking' retrieved from /opt/airflow/dags/minio_to_snowflake_dag.py
[2026-05-27T13:57:05.706+0000] {logging_mixin.py:188} INFO - [2026-05-27T13:57:05.706+0000] {dag.py:3089} INFO - Sync 1 DAGs
[2026-05-27T13:57:05.712+0000] {logging_mixin.py:188} INFO - [2026-05-27T13:57:05.712+0000] {dag.py:3947} INFO - Setting next_dagrun for minio_to_snowflake_banking to 2026-05-27 13:56:00+00:00, run_after=2026-05-27 13:57:00+00:00
[2026-05-27T13:57:05.718+0000] {processor.py:183} INFO - Processing /opt/airflow/dags/minio_to_snowflake_dag.py took 0.247 seconds
[2026-05-27T13:57:36.051+0000] {processor.py:161} INFO - Started process (PID=775) to work on /opt/airflow/dags/minio_to_snowflake_dag.py
[2026-05-27T13:57:36.052+0000] {processor.py:830} INFO - Processing file /opt/airflow/dags/minio_to_snowflake_dag.py for tasks to queue
[2026-05-27T13:57:36.054+0000] {logging_mixin.py:188} INFO - [2026-05-27T13:57:36.054+0000] {dagbag.py:545} INFO - Filling up the DagBag from /opt/airflow/dags/minio_to_snowflake_dag.py
[2026-05-27T13:57:36.279+0000] {processor.py:840} INFO - DAG(s) 'minio_to_snowflake_banking' retrieved from /opt/airflow/dags/minio_to_snowflake_dag.py
[2026-05-27T13:57:36.286+0000] {logging_mixin.py:188} INFO - [2026-05-27T13:57:36.286+0000] {dag.py:3089} INFO - Sync 1 DAGs
[2026-05-27T13:57:36.293+0000] {logging_mixin.py:188} INFO - [2026-05-27T13:57:36.293+0000] {dag.py:3947} INFO - Setting next_dagrun for minio_to_snowflake_banking to 2026-05-27 13:56:00+00:00, run_after=2026-05-27 13:57:00+00:00
[2026-05-27T13:57:36.298+0000] {processor.py:183} INFO - Processing /opt/airflow/dags/minio_to_snowflake_dag.py took 0.251 seconds
[2026-05-27T13:58:06.379+0000] {processor.py:161} INFO - Started process (PID=779) to work on /opt/airflow/dags/minio_to_snowflake_dag.py
[2026-05-27T13:58:06.380+0000] {processor.py:830} INFO - Processing file /opt/airflow/dags/minio_to_snowflake_dag.py for tasks to queue
[2026-05-27T13:58:06.381+0000] {logging_mixin.py:188} INFO - [2026-05-27T13:58:06.381+0000] {dagbag.py:545} INFO - Filling up the DagBag from /opt/airflow/dags/minio_to_snowflake_dag.py
[2026-05-27T13:58:06.606+0000] {processor.py:840} INFO - DAG(s) 'minio_to_snowflake_banking' retrieved from /opt/airflow/dags/minio_to_snowflake_dag.py
[2026-05-27T13:58:06.614+0000] {logging_mixin.py:188} INFO - [2026-05-27T13:58:06.613+0000] {dag.py:3089} INFO - Sync 1 DAGs
[2026-05-27T13:58:06.619+0000] {logging_mixin.py:188} INFO - [2026-05-27T13:58:06.619+0000] {dag.py:3947} INFO - Setting next_dagrun for minio_to_snowflake_banking to 2026-05-27 13:57:00+00:00, run_after=2026-05-27 13:58:00+00:00
[2026-05-27T13:58:06.624+0000] {processor.py:183} INFO - Processing /opt/airflow/dags/minio_to_snowflake_dag.py took 0.249 seconds
[2026-05-27T13:58:36.913+0000] {processor.py:161} INFO - Started process (PID=783) to work on /opt/airflow/dags/minio_to_snowflake_dag.py
[2026-05-27T13:58:36.915+0000] {processor.py:830} INFO - Processing file /opt/airflow/dags/minio_to_snowflake_dag.py for tasks to queue
[2026-05-27T13:58:36.916+0000] {logging_mixin.py:188} INFO - [2026-05-27T13:58:36.916+0000] {dagbag.py:545} INFO - Filling up the DagBag from /opt/airflow/dags/minio_to_snowflake_dag.py
[2026-05-27T13:58:37.143+0000] {processor.py:840} INFO - DAG(s) 'minio_to_snowflake_banking' retrieved from /opt/airflow/dags/minio_to_snowflake_dag.py
[2026-05-27T13:58:37.151+0000] {logging_mixin.py:188} INFO - [2026-05-27T13:58:37.151+0000] {dag.py:3089} INFO - Sync 1 DAGs
[2026-05-27T13:58:37.157+0000] {logging_mixin.py:188} INFO - [2026-05-27T13:58:37.157+0000] {dag.py:3947} INFO - Setting next_dagrun for minio_to_snowflake_banking to 2026-05-27 13:57:00+00:00, run_after=2026-05-27 13:58:00+00:00
[2026-05-27T13:58:37.162+0000] {processor.py:183} INFO - Processing /opt/airflow/dags/minio_to_snowflake_dag.py took 0.253 seconds
[2026-05-27T13:59:07.269+0000] {processor.py:161} INFO - Started process (PID=787) to work on /opt/airflow/dags/minio_to_snowflake_dag.py
[2026-05-27T13:59:07.270+0000] {processor.py:830} INFO - Processing file /opt/airflow/dags/minio_to_snowflake_dag.py for tasks to queue
[2026-05-27T13:59:07.272+0000] {logging_mixin.py:188} INFO - [2026-05-27T13:59:07.272+0000] {dagbag.py:545} INFO - Filling up the DagBag from /opt/airflow/dags/minio_to_snowflake_dag.py
[2026-05-27T13:59:07.502+0000] {processor.py:840} INFO - DAG(s) 'minio_to_snowflake_banking' retrieved from /opt/airflow/dags/minio_to_snowflake_dag.py
[2026-05-27T13:59:07.510+0000] {logging_mixin.py:188} INFO - [2026-05-27T13:59:07.510+0000] {dag.py:3089} INFO - Sync 1 DAGs
[2026-05-27T13:59:07.516+0000] {logging_mixin.py:188} INFO - [2026-05-27T13:59:07.516+0000] {dag.py:3947} INFO - Setting next_dagrun for minio_to_snowflake_banking to 2026-05-27 13:58:00+00:00, run_after=2026-05-27 13:59:00+00:00
[2026-05-27T13:59:07.522+0000] {processor.py:183} INFO - Processing /opt/airflow/dags/minio_to_snowflake_dag.py took 0.258 seconds
[2026-05-27T13:59:37.599+0000] {processor.py:161} INFO - Started process (PID=791) to work on /opt/airflow/dags/minio_to_snowflake_dag.py
[2026-05-27T13:59:37.600+0000] {processor.py:830} INFO - Processing file /opt/airflow/dags/minio_to_snowflake_dag.py for tasks to queue
[2026-05-27T13:59:37.602+0000] {logging_mixin.py:188} INFO - [2026-05-27T13:59:37.601+0000] {dagbag.py:545} INFO - Filling up the DagBag from /opt/airflow/dags/minio_to_snowflake_dag.py
[2026-05-27T13:59:37.832+0000] {processor.py:840} INFO - DAG(s) 'minio_to_snowflake_banking' retrieved from /opt/airflow/dags/minio_to_snowflake_dag.py
[2026-05-27T13:59:37.839+0000] {logging_mixin.py:188} INFO - [2026-05-27T13:59:37.839+0000] {dag.py:3089} INFO - Sync 1 DAGs
[2026-05-27T13:59:37.846+0000] {logging_mixin.py:188} INFO - [2026-05-27T13:59:37.846+0000] {dag.py:3947} INFO - Setting next_dagrun for minio_to_snowflake_banking to 2026-05-27 13:58:00+00:00, run_after=2026-05-27 13:59:00+00:00
[2026-05-27T13:59:37.851+0000] {processor.py:183} INFO - Processing /opt/airflow/dags/minio_to_snowflake_dag.py took 0.256 seconds
[2026-05-27T14:00:08.186+0000] {processor.py:161} INFO - Started process (PID=795) to work on /opt/airflow/dags/minio_to_snowflake_dag.py
[2026-05-27T14:00:08.187+0000] {processor.py:830} INFO - Processing file /opt/airflow/dags/minio_to_snowflake_dag.py for tasks to queue
[2026-05-27T14:00:08.189+0000] {logging_mixin.py:188} INFO - [2026-05-27T14:00:08.188+0000] {dagbag.py:545} INFO - Filling up the DagBag from /opt/airflow/dags/minio_to_snowflake_dag.py
[2026-05-27T14:00:08.428+0000] {processor.py:840} INFO - DAG(s) 'minio_to_snowflake_banking' retrieved from /opt/airflow/dags/minio_to_snowflake_dag.py
[2026-05-27T14:00:08.437+0000] {logging_mixin.py:188} INFO - [2026-05-27T14:00:08.437+0000] {dag.py:3089} INFO - Sync 1 DAGs
[2026-05-27T14:00:08.444+0000] {logging_mixin.py:188} INFO - [2026-05-27T14:00:08.444+0000] {dag.py:3947} INFO - Setting next_dagrun for minio_to_snowflake_banking to 2026-05-27 13:59:00+00:00, run_after=2026-05-27 14:00:00+00:00
[2026-05-27T14:00:08.449+0000] {processor.py:183} INFO - Processing /opt/airflow/dags/minio_to_snowflake_dag.py took 0.267 seconds
[2026-05-27T14:00:38.571+0000] {processor.py:161} INFO - Started process (PID=799) to work on /opt/airflow/dags/minio_to_snowflake_dag.py
[2026-05-27T14:00:38.576+0000] {processor.py:830} INFO - Processing file /opt/airflow/dags/minio_to_snowflake_dag.py for tasks to queue
[2026-05-27T14:00:38.578+0000] {logging_mixin.py:188} INFO - [2026-05-27T14:00:38.577+0000] {dagbag.py:545} INFO - Filling up the DagBag from /opt/airflow/dags/minio_to_snowflake_dag.py
[2026-05-27T14:00:38.814+0000] {processor.py:840} INFO - DAG(s) 'minio_to_snowflake_banking' retrieved from /opt/airflow/dags/minio_to_snowflake_dag.py
[2026-05-27T14:00:38.822+0000] {logging_mixin.py:188} INFO - [2026-05-27T14:00:38.821+0000] {dag.py:3089} INFO - Sync 1 DAGs
[2026-05-27T14:00:38.828+0000] {logging_mixin.py:188} INFO - [2026-05-27T14:00:38.828+0000] {dag.py:3947} INFO - Setting next_dagrun for minio_to_snowflake_banking to 2026-05-27 13:59:00+00:00, run_after=2026-05-27 14:00:00+00:00
[2026-05-27T14:00:38.833+0000] {processor.py:183} INFO - Processing /opt/airflow/dags/minio_to_snowflake_dag.py took 0.267 seconds
[2026-05-27T14:01:09.099+0000] {processor.py:161} INFO - Started process (PID=803) to work on /opt/airflow/dags/minio_to_snowflake_dag.py
[2026-05-27T14:01:09.100+0000] {processor.py:830} INFO - Processing file /opt/airflow/dags/minio_to_snowflake_dag.py for tasks to queue
[2026-05-27T14:01:09.100+0000] {logging_mixin.py:188} INFO - [2026-05-27T14:01:09.100+0000] {dagbag.py:545} INFO - Filling up the DagBag from /opt/airflow/dags/minio_to_snowflake_dag.py
[2026-05-27T14:01:09.308+0000] {processor.py:840} INFO - DAG(s) 'minio_to_snowflake_banking' retrieved from /opt/airflow/dags/minio_to_snowflake_dag.py
[2026-05-27T14:01:09.315+0000] {logging_mixin.py:188} INFO - [2026-05-27T14:01:09.315+0000] {dag.py:3089} INFO - Sync 1 DAGs
[2026-05-27T14:01:09.321+0000] {logging_mixin.py:188} INFO - [2026-05-27T14:01:09.321+0000] {dag.py:3947} INFO - Setting next_dagrun for minio_to_snowflake_banking to 2026-05-27 14:00:00+00:00, run_after=2026-05-27 14:01:00+00:00
[2026-05-27T14:01:09.327+0000] {processor.py:183} INFO - Processing /opt/airflow/dags/minio_to_snowflake_dag.py took 0.230 seconds
[2026-05-27T14:01:39.478+0000] {processor.py:161} INFO - Started process (PID=807) to work on /opt/airflow/dags/minio_to_snowflake_dag.py
[2026-05-27T14:01:39.480+0000] {processor.py:830} INFO - Processing file /opt/airflow/dags/minio_to_snowflake_dag.py for tasks to queue
[2026-05-27T14:01:39.482+0000] {logging_mixin.py:188} INFO - [2026-05-27T14:01:39.481+0000] {dagbag.py:545} INFO - Filling up the DagBag from /opt/airflow/dags/minio_to_snowflake_dag.py
[2026-05-27T14:01:39.713+0000] {processor.py:840} INFO - DAG(s) 'minio_to_snowflake_banking' retrieved from /opt/airflow/dags/minio_to_snowflake_dag.py
[2026-05-27T14:01:39.720+0000] {logging_mixin.py:188} INFO - [2026-05-27T14:01:39.720+0000] {dag.py:3089} INFO - Sync 1 DAGs
[2026-05-27T14:01:39.727+0000] {logging_mixin.py:188} INFO - [2026-05-27T14:01:39.727+0000] {dag.py:3947} INFO - Setting next_dagrun for minio_to_snowflake_banking to 2026-05-27 14:00:00+00:00, run_after=2026-05-27 14:01:00+00:00
[2026-05-27T14:01:39.732+0000] {processor.py:183} INFO - Processing /opt/airflow/dags/minio_to_snowflake_dag.py took 0.260 seconds
[2026-05-27T14:02:09.954+0000] {processor.py:161} INFO - Started process (PID=811) to work on /opt/airflow/dags/minio_to_snowflake_dag.py
[2026-05-27T14:02:09.955+0000] {processor.py:830} INFO - Processing file /opt/airflow/dags/minio_to_snowflake_dag.py for tasks to queue
[2026-05-27T14:02:09.957+0000] {logging_mixin.py:188} INFO - [2026-05-27T14:02:09.957+0000] {dagbag.py:545} INFO - Filling up the DagBag from /opt/airflow/dags/minio_to_snowflake_dag.py
[2026-05-27T14:02:10.181+0000] {processor.py:840} INFO - DAG(s) 'minio_to_snowflake_banking' retrieved from /opt/airflow/dags/minio_to_snowflake_dag.py
[2026-05-27T14:02:10.189+0000] {logging_mixin.py:188} INFO - [2026-05-27T14:02:10.189+0000] {dag.py:3089} INFO - Sync 1 DAGs
[2026-05-27T14:02:10.195+0000] {logging_mixin.py:188} INFO - [2026-05-27T14:02:10.195+0000] {dag.py:3947} INFO - Setting next_dagrun for minio_to_snowflake_banking to 2026-05-27 14:01:00+00:00, run_after=2026-05-27 14:02:00+00:00
[2026-05-27T14:02:10.200+0000] {processor.py:183} INFO - Processing /opt/airflow/dags/minio_to_snowflake_dag.py took 0.251 seconds
[2026-05-27T14:02:40.442+0000] {processor.py:161} INFO - Started process (PID=815) to work on /opt/airflow/dags/minio_to_snowflake_dag.py
[2026-05-27T14:02:40.444+0000] {processor.py:830} INFO - Processing file /opt/airflow/dags/minio_to_snowflake_dag.py for tasks to queue
[2026-05-27T14:02:40.445+0000] {logging_mixin.py:188} INFO - [2026-05-27T14:02:40.445+0000] {dagbag.py:545} INFO - Filling up the DagBag from /opt/airflow/dags/minio_to_snowflake_dag.py
[2026-05-27T14:02:40.669+0000] {processor.py:840} INFO - DAG(s) 'minio_to_snowflake_banking' retrieved from /opt/airflow/dags/minio_to_snowflake_dag.py
[2026-05-27T14:02:40.678+0000] {logging_mixin.py:188} INFO - [2026-05-27T14:02:40.678+0000] {dag.py:3089} INFO - Sync 1 DAGs
[2026-05-27T14:02:40.684+0000] {logging_mixin.py:188} INFO - [2026-05-27T14:02:40.684+0000] {dag.py:3947} INFO - Setting next_dagrun for minio_to_snowflake_banking to 2026-05-27 14:01:00+00:00, run_after=2026-05-27 14:02:00+00:00
[2026-05-27T14:02:40.689+0000] {processor.py:183} INFO - Processing /opt/airflow/dags/minio_to_snowflake_dag.py took 0.252 seconds
[2026-05-27T14:03:10.891+0000] {processor.py:161} INFO - Started process (PID=819) to work on /opt/airflow/dags/minio_to_snowflake_dag.py
[2026-05-27T14:03:10.892+0000] {processor.py:830} INFO - Processing file /opt/airflow/dags/minio_to_snowflake_dag.py for tasks to queue
[2026-05-27T14:03:10.894+0000] {logging_mixin.py:188} INFO - [2026-05-27T14:03:10.894+0000] {dagbag.py:545} INFO - Filling up the DagBag from /opt/airflow/dags/minio_to_snowflake_dag.py
[2026-05-27T14:03:11.123+0000] {processor.py:840} INFO - DAG(s) 'minio_to_snowflake_banking' retrieved from /opt/airflow/dags/minio_to_snowflake_dag.py
[2026-05-27T14:03:11.130+0000] {logging_mixin.py:188} INFO - [2026-05-27T14:03:11.130+0000] {dag.py:3089} INFO - Sync 1 DAGs
[2026-05-27T14:03:11.136+0000] {logging_mixin.py:188} INFO - [2026-05-27T14:03:11.136+0000] {dag.py:3947} INFO - Setting next_dagrun for minio_to_snowflake_banking to 2026-05-27 14:02:00+00:00, run_after=2026-05-27 14:03:00+00:00
[2026-05-27T14:03:11.142+0000] {processor.py:183} INFO - Processing /opt/airflow/dags/minio_to_snowflake_dag.py took 0.256 seconds
[2026-05-27T14:03:41.205+0000] {processor.py:161} INFO - Started process (PID=823) to work on /opt/airflow/dags/minio_to_snowflake_dag.py
[2026-05-27T14:03:41.206+0000] {processor.py:830} INFO - Processing file /opt/airflow/dags/minio_to_snowflake_dag.py for tasks to queue
[2026-05-27T14:03:41.206+0000] {logging_mixin.py:188} INFO - [2026-05-27T14:03:41.206+0000] {dagbag.py:545} INFO - Filling up the DagBag from /opt/airflow/dags/minio_to_snowflake_dag.py
[2026-05-27T14:03:41.432+0000] {processor.py:840} INFO - DAG(s) 'minio_to_snowflake_banking' retrieved from /opt/airflow/dags/minio_to_snowflake_dag.py
[2026-05-27T14:03:41.440+0000] {logging_mixin.py:188} INFO - [2026-05-27T14:03:41.440+0000] {dag.py:3089} INFO - Sync 1 DAGs
[2026-05-27T14:03:41.447+0000] {logging_mixin.py:188} INFO - [2026-05-27T14:03:41.447+0000] {dag.py:3947} INFO - Setting next_dagrun for minio_to_snowflake_banking to 2026-05-27 14:02:00+00:00, run_after=2026-05-27 14:03:00+00:00
[2026-05-27T14:03:41.451+0000] {processor.py:183} INFO - Processing /opt/airflow/dags/minio_to_snowflake_dag.py took 0.249 seconds
[2026-05-27T14:04:11.718+0000] {processor.py:161} INFO - Started process (PID=827) to work on /opt/airflow/dags/minio_to_snowflake_dag.py
[2026-05-27T14:04:11.719+0000] {processor.py:830} INFO - Processing file /opt/airflow/dags/minio_to_snowflake_dag.py for tasks to queue
[2026-05-27T14:04:11.720+0000] {logging_mixin.py:188} INFO - [2026-05-27T14:04:11.720+0000] {dagbag.py:545} INFO - Filling up the DagBag from /opt/airflow/dags/minio_to_snowflake_dag.py
[2026-05-27T14:04:11.948+0000] {processor.py:840} INFO - DAG(s) 'minio_to_snowflake_banking' retrieved from /opt/airflow/dags/minio_to_snowflake_dag.py
[2026-05-27T14:04:11.955+0000] {logging_mixin.py:188} INFO - [2026-05-27T14:04:11.955+0000] {dag.py:3089} INFO - Sync 1 DAGs
[2026-05-27T14:04:11.962+0000] {logging_mixin.py:188} INFO - [2026-05-27T14:04:11.962+0000] {dag.py:3947} INFO - Setting next_dagrun for minio_to_snowflake_banking to 2026-05-27 14:03:00+00:00, run_after=2026-05-27 14:04:00+00:00
[2026-05-27T14:04:11.967+0000] {processor.py:183} INFO - Processing /opt/airflow/dags/minio_to_snowflake_dag.py took 0.250 seconds
[2026-05-27T14:04:42.070+0000] {processor.py:161} INFO - Started process (PID=831) to work on /opt/airflow/dags/minio_to_snowflake_dag.py
[2026-05-27T14:04:42.071+0000] {processor.py:830} INFO - Processing file /opt/airflow/dags/minio_to_snowflake_dag.py for tasks to queue
[2026-05-27T14:04:42.073+0000] {logging_mixin.py:188} INFO - [2026-05-27T14:04:42.072+0000] {dagbag.py:545} INFO - Filling up the DagBag from /opt/airflow/dags/minio_to_snowflake_dag.py
[2026-05-27T14:04:42.317+0000] {processor.py:840} INFO - DAG(s) 'minio_to_snowflake_banking' retrieved from /opt/airflow/dags/minio_to_snowflake_dag.py
[2026-05-27T14:04:42.327+0000] {logging_mixin.py:188} INFO - [2026-05-27T14:04:42.326+0000] {dag.py:3089} INFO - Sync 1 DAGs
[2026-05-27T14:04:42.333+0000] {logging_mixin.py:188} INFO - [2026-05-27T14:04:42.333+0000] {dag.py:3947} INFO - Setting next_dagrun for minio_to_snowflake_banking to 2026-05-27 14:03:00+00:00, run_after=2026-05-27 14:04:00+00:00
[2026-05-27T14:04:42.339+0000] {processor.py:183} INFO - Processing /opt/airflow/dags/minio_to_snowflake_dag.py took 0.276 seconds
[2026-05-27T14:05:12.662+0000] {processor.py:161} INFO - Started process (PID=835) to work on /opt/airflow/dags/minio_to_snowflake_dag.py
[2026-05-27T14:05:12.664+0000] {processor.py:830} INFO - Processing file /opt/airflow/dags/minio_to_snowflake_dag.py for tasks to queue
[2026-05-27T14:05:12.665+0000] {logging_mixin.py:188} INFO - [2026-05-27T14:05:12.665+0000] {dagbag.py:545} INFO - Filling up the DagBag from /opt/airflow/dags/minio_to_snowflake_dag.py
[2026-05-27T14:05:12.893+0000] {processor.py:840} INFO - DAG(s) 'minio_to_snowflake_banking' retrieved from /opt/airflow/dags/minio_to_snowflake_dag.py
[2026-05-27T14:05:12.901+0000] {logging_mixin.py:188} INFO - [2026-05-27T14:05:12.901+0000] {dag.py:3089} INFO - Sync 1 DAGs
[2026-05-27T14:05:12.907+0000] {logging_mixin.py:188} INFO - [2026-05-27T14:05:12.907+0000] {dag.py:3947} INFO - Setting next_dagrun for minio_to_snowflake_banking to 2026-05-27 14:04:00+00:00, run_after=2026-05-27 14:05:00+00:00
[2026-05-27T14:05:12.912+0000] {processor.py:183} INFO - Processing /opt/airflow/dags/minio_to_snowflake_dag.py took 0.255 seconds
[2026-05-27T14:05:42.995+0000] {processor.py:161} INFO - Started process (PID=839) to work on /opt/airflow/dags/minio_to_snowflake_dag.py
[2026-05-27T14:05:42.997+0000] {processor.py:830} INFO - Processing file /opt/airflow/dags/minio_to_snowflake_dag.py for tasks to queue
[2026-05-27T14:05:42.998+0000] {logging_mixin.py:188} INFO - [2026-05-27T14:05:42.998+0000] {dagbag.py:545} INFO - Filling up the DagBag from /opt/airflow/dags/minio_to_snowflake_dag.py
[2026-05-27T14:05:43.234+0000] {processor.py:840} INFO - DAG(s) 'minio_to_snowflake_banking' retrieved from /opt/airflow/dags/minio_to_snowflake_dag.py
[2026-05-27T14:05:43.242+0000] {logging_mixin.py:188} INFO - [2026-05-27T14:05:43.242+0000] {dag.py:3089} INFO - Sync 1 DAGs
[2026-05-27T14:05:43.248+0000] {logging_mixin.py:188} INFO - [2026-05-27T14:05:43.248+0000] {dag.py:3947} INFO - Setting next_dagrun for minio_to_snowflake_banking to 2026-05-27 14:04:00+00:00, run_after=2026-05-27 14:05:00+00:00
[2026-05-27T14:05:43.254+0000] {processor.py:183} INFO - Processing /opt/airflow/dags/minio_to_snowflake_dag.py took 0.264 seconds
[2026-05-27T14:06:13.429+0000] {processor.py:161} INFO - Started process (PID=843) to work on /opt/airflow/dags/minio_to_snowflake_dag.py
[2026-05-27T14:06:13.431+0000] {processor.py:830} INFO - Processing file /opt/airflow/dags/minio_to_snowflake_dag.py for tasks to queue
[2026-05-27T14:06:13.432+0000] {logging_mixin.py:188} INFO - [2026-05-27T14:06:13.432+0000] {dagbag.py:545} INFO - Filling up the DagBag from /opt/airflow/dags/minio_to_snowflake_dag.py
[2026-05-27T14:06:13.665+0000] {processor.py:840} INFO - DAG(s) 'minio_to_snowflake_banking' retrieved from /opt/airflow/dags/minio_to_snowflake_dag.py
[2026-05-27T14:06:13.672+0000] {logging_mixin.py:188} INFO - [2026-05-27T14:06:13.672+0000] {dag.py:3089} INFO - Sync 1 DAGs
[2026-05-27T14:06:13.679+0000] {logging_mixin.py:188} INFO - [2026-05-27T14:06:13.679+0000] {dag.py:3947} INFO - Setting next_dagrun for minio_to_snowflake_banking to 2026-05-27 14:05:00+00:00, run_after=2026-05-27 14:06:00+00:00
[2026-05-27T14:06:13.684+0000] {processor.py:183} INFO - Processing /opt/airflow/dags/minio_to_snowflake_dag.py took 0.258 seconds
[2026-05-27T14:06:43.919+0000] {processor.py:161} INFO - Started process (PID=847) to work on /opt/airflow/dags/minio_to_snowflake_dag.py
[2026-05-27T14:06:43.920+0000] {processor.py:830} INFO - Processing file /opt/airflow/dags/minio_to_snowflake_dag.py for tasks to queue
[2026-05-27T14:06:43.922+0000] {logging_mixin.py:188} INFO - [2026-05-27T14:06:43.921+0000] {dagbag.py:545} INFO - Filling up the DagBag from /opt/airflow/dags/minio_to_snowflake_dag.py
[2026-05-27T14:06:44.177+0000] {processor.py:840} INFO - DAG(s) 'minio_to_snowflake_banking' retrieved from /opt/airflow/dags/minio_to_snowflake_dag.py
[2026-05-27T14:06:44.185+0000] {logging_mixin.py:188} INFO - [2026-05-27T14:06:44.185+0000] {dag.py:3089} INFO - Sync 1 DAGs
[2026-05-27T14:06:44.191+0000] {logging_mixin.py:188} INFO - [2026-05-27T14:06:44.191+0000] {dag.py:3947} INFO - Setting next_dagrun for minio_to_snowflake_banking to 2026-05-27 14:05:00+00:00, run_after=2026-05-27 14:06:00+00:00
[2026-05-27T14:06:44.196+0000] {processor.py:183} INFO - Processing /opt/airflow/dags/minio_to_snowflake_dag.py took 0.281 seconds
[2026-05-27T14:07:14.307+0000] {processor.py:161} INFO - Started process (PID=851) to work on /opt/airflow/dags/minio_to_snowflake_dag.py
[2026-05-27T14:07:14.309+0000] {processor.py:830} INFO - Processing file /opt/airflow/dags/minio_to_snowflake_dag.py for tasks to queue
[2026-05-27T14:07:14.310+0000] {logging_mixin.py:188} INFO - [2026-05-27T14:07:14.310+0000] {dagbag.py:545} INFO - Filling up the DagBag from /opt/airflow/dags/minio_to_snowflake_dag.py
[2026-05-27T14:07:14.543+0000] {processor.py:840} INFO - DAG(s) 'minio_to_snowflake_banking' retrieved from /opt/airflow/dags/minio_to_snowflake_dag.py
[2026-05-27T14:07:14.551+0000] {logging_mixin.py:188} INFO - [2026-05-27T14:07:14.551+0000] {dag.py:3089} INFO - Sync 1 DAGs
[2026-05-27T14:07:14.557+0000] {logging_mixin.py:188} INFO - [2026-05-27T14:07:14.557+0000] {dag.py:3947} INFO - Setting next_dagrun for minio_to_snowflake_banking to 2026-05-27 14:06:00+00:00, run_after=2026-05-27 14:07:00+00:00
[2026-05-27T14:07:14.562+0000] {processor.py:183} INFO - Processing /opt/airflow/dags/minio_to_snowflake_dag.py took 0.259 seconds
[2026-05-27T14:07:44.860+0000] {processor.py:161} INFO - Started process (PID=855) to work on /opt/airflow/dags/minio_to_snowflake_dag.py
[2026-05-27T14:07:44.861+0000] {processor.py:830} INFO - Processing file /opt/airflow/dags/minio_to_snowflake_dag.py for tasks to queue
[2026-05-27T14:07:44.863+0000] {logging_mixin.py:188} INFO - [2026-05-27T14:07:44.862+0000] {dagbag.py:545} INFO - Filling up the DagBag from /opt/airflow/dags/minio_to_snowflake_dag.py
[2026-05-27T14:07:45.094+0000] {processor.py:840} INFO - DAG(s) 'minio_to_snowflake_banking' retrieved from /opt/airflow/dags/minio_to_snowflake_dag.py
[2026-05-27T14:07:45.101+0000] {logging_mixin.py:188} INFO - [2026-05-27T14:07:45.101+0000] {dag.py:3089} INFO - Sync 1 DAGs
[2026-05-27T14:07:45.107+0000] {logging_mixin.py:188} INFO - [2026-05-27T14:07:45.107+0000] {dag.py:3947} INFO - Setting next_dagrun for minio_to_snowflake_banking to 2026-05-27 14:06:00+00:00, run_after=2026-05-27 14:07:00+00:00
[2026-05-27T14:07:45.113+0000] {processor.py:183} INFO - Processing /opt/airflow/dags/minio_to_snowflake_dag.py took 0.258 seconds
[2026-05-27T14:08:15.225+0000] {processor.py:161} INFO - Started process (PID=859) to work on /opt/airflow/dags/minio_to_snowflake_dag.py
[2026-05-27T14:08:15.227+0000] {processor.py:830} INFO - Processing file /opt/airflow/dags/minio_to_snowflake_dag.py for tasks to queue
[2026-05-27T14:08:15.228+0000] {logging_mixin.py:188} INFO - [2026-05-27T14:08:15.228+0000] {dagbag.py:545} INFO - Filling up the DagBag from /opt/airflow/dags/minio_to_snowflake_dag.py
[2026-05-27T14:08:15.463+0000] {processor.py:840} INFO - DAG(s) 'minio_to_snowflake_banking' retrieved from /opt/airflow/dags/minio_to_snowflake_dag.py
[2026-05-27T14:08:15.470+0000] {logging_mixin.py:188} INFO - [2026-05-27T14:08:15.470+0000] {dag.py:3089} INFO - Sync 1 DAGs
[2026-05-27T14:08:15.477+0000] {logging_mixin.py:188} INFO - [2026-05-27T14:08:15.477+0000] {dag.py:3947} INFO - Setting next_dagrun for minio_to_snowflake_banking to 2026-05-27 14:07:00+00:00, run_after=2026-05-27 14:08:00+00:00
[2026-05-27T14:08:15.483+0000] {processor.py:183} INFO - Processing /opt/airflow/dags/minio_to_snowflake_dag.py took 0.262 seconds
[2026-05-27T14:08:45.846+0000] {processor.py:161} INFO - Started process (PID=863) to work on /opt/airflow/dags/minio_to_snowflake_dag.py
[2026-05-27T14:08:45.847+0000] {processor.py:830} INFO - Processing file /opt/airflow/dags/minio_to_snowflake_dag.py for tasks to queue
[2026-05-27T14:08:45.849+0000] {logging_mixin.py:188} INFO - [2026-05-27T14:08:45.849+0000] {dagbag.py:545} INFO - Filling up the DagBag from /opt/airflow/dags/minio_to_snowflake_dag.py
[2026-05-27T14:08:46.074+0000] {processor.py:840} INFO - DAG(s) 'minio_to_snowflake_banking' retrieved from /opt/airflow/dags/minio_to_snowflake_dag.py
[2026-05-27T14:08:46.082+0000] {logging_mixin.py:188} INFO - [2026-05-27T14:08:46.082+0000] {dag.py:3089} INFO - Sync 1 DAGs
[2026-05-27T14:08:46.088+0000] {logging_mixin.py:188} INFO - [2026-05-27T14:08:46.088+0000] {dag.py:3947} INFO - Setting next_dagrun for minio_to_snowflake_banking to 2026-05-27 14:07:00+00:00, run_after=2026-05-27 14:08:00+00:00
[2026-05-27T14:08:46.093+0000] {processor.py:183} INFO - Processing /opt/airflow/dags/minio_to_snowflake_dag.py took 0.252 seconds
[2026-05-27T14:09:16.243+0000] {processor.py:161} INFO - Started process (PID=867) to work on /opt/airflow/dags/minio_to_snowflake_dag.py
[2026-05-27T14:09:16.243+0000] {processor.py:830} INFO - Processing file /opt/airflow/dags/minio_to_snowflake_dag.py for tasks to queue
[2026-05-27T14:09:16.245+0000] {logging_mixin.py:188} INFO - [2026-05-27T14:09:16.245+0000] {dagbag.py:545} INFO - Filling up the DagBag from /opt/airflow/dags/minio_to_snowflake_dag.py
[2026-05-27T14:09:16.485+0000] {processor.py:840} INFO - DAG(s) 'minio_to_snowflake_banking' retrieved from /opt/airflow/dags/minio_to_snowflake_dag.py
[2026-05-27T14:09:16.493+0000] {logging_mixin.py:188} INFO - [2026-05-27T14:09:16.493+0000] {dag.py:3089} INFO - Sync 1 DAGs
[2026-05-27T14:09:16.499+0000] {logging_mixin.py:188} INFO - [2026-05-27T14:09:16.499+0000] {dag.py:3947} INFO - Setting next_dagrun for minio_to_snowflake_banking to 2026-05-27 14:08:00+00:00, run_after=2026-05-27 14:09:00+00:00
[2026-05-27T14:09:16.504+0000] {processor.py:183} INFO - Processing /opt/airflow/dags/minio_to_snowflake_dag.py took 0.265 seconds
[2026-05-27T14:09:46.748+0000] {processor.py:161} INFO - Started process (PID=871) to work on /opt/airflow/dags/minio_to_snowflake_dag.py
[2026-05-27T14:09:46.749+0000] {processor.py:830} INFO - Processing file /opt/airflow/dags/minio_to_snowflake_dag.py for tasks to queue
[2026-05-27T14:09:46.751+0000] {logging_mixin.py:188} INFO - [2026-05-27T14:09:46.750+0000] {dagbag.py:545} INFO - Filling up the DagBag from /opt/airflow/dags/minio_to_snowflake_dag.py
[2026-05-27T14:09:46.990+0000] {processor.py:840} INFO - DAG(s) 'minio_to_snowflake_banking' retrieved from /opt/airflow/dags/minio_to_snowflake_dag.py
[2026-05-27T14:09:46.998+0000] {logging_mixin.py:188} INFO - [2026-05-27T14:09:46.998+0000] {dag.py:3089} INFO - Sync 1 DAGs
[2026-05-27T14:09:47.004+0000] {logging_mixin.py:188} INFO - [2026-05-27T14:09:47.004+0000] {dag.py:3947} INFO - Setting next_dagrun for minio_to_snowflake_banking to 2026-05-27 14:08:00+00:00, run_after=2026-05-27 14:09:00+00:00
[2026-05-27T14:09:47.009+0000] {processor.py:183} INFO - Processing /opt/airflow/dags/minio_to_snowflake_dag.py took 0.266 seconds
[2026-05-27T14:10:17.206+0000] {processor.py:161} INFO - Started process (PID=875) to work on /opt/airflow/dags/minio_to_snowflake_dag.py
[2026-05-27T14:10:17.207+0000] {processor.py:830} INFO - Processing file /opt/airflow/dags/minio_to_snowflake_dag.py for tasks to queue
[2026-05-27T14:10:17.209+0000] {logging_mixin.py:188} INFO - [2026-05-27T14:10:17.208+0000] {dagbag.py:545} INFO - Filling up the DagBag from /opt/airflow/dags/minio_to_snowflake_dag.py
[2026-05-27T14:10:17.444+0000] {processor.py:840} INFO - DAG(s) 'minio_to_snowflake_banking' retrieved from /opt/airflow/dags/minio_to_snowflake_dag.py
[2026-05-27T14:10:17.452+0000] {logging_mixin.py:188} INFO - [2026-05-27T14:10:17.451+0000] {dag.py:3089} INFO - Sync 1 DAGs
[2026-05-27T14:10:17.458+0000] {logging_mixin.py:188} INFO - [2026-05-27T14:10:17.458+0000] {dag.py:3947} INFO - Setting next_dagrun for minio_to_snowflake_banking to 2026-05-27 14:09:00+00:00, run_after=2026-05-27 14:10:00+00:00
[2026-05-27T14:10:17.463+0000] {processor.py:183} INFO - Processing /opt/airflow/dags/minio_to_snowflake_dag.py took 0.262 seconds
[2026-05-27T14:10:47.699+0000] {processor.py:161} INFO - Started process (PID=879) to work on /opt/airflow/dags/minio_to_snowflake_dag.py
[2026-05-27T14:10:47.701+0000] {processor.py:830} INFO - Processing file /opt/airflow/dags/minio_to_snowflake_dag.py for tasks to queue
[2026-05-27T14:10:47.702+0000] {logging_mixin.py:188} INFO - [2026-05-27T14:10:47.702+0000] {dagbag.py:545} INFO - Filling up the DagBag from /opt/airflow/dags/minio_to_snowflake_dag.py
[2026-05-27T14:10:47.933+0000] {processor.py:840} INFO - DAG(s) 'minio_to_snowflake_banking' retrieved from /opt/airflow/dags/minio_to_snowflake_dag.py
[2026-05-27T14:10:47.940+0000] {logging_mixin.py:188} INFO - [2026-05-27T14:10:47.940+0000] {dag.py:3089} INFO - Sync 1 DAGs
[2026-05-27T14:10:47.947+0000] {logging_mixin.py:188} INFO - [2026-05-27T14:10:47.947+0000] {dag.py:3947} INFO - Setting next_dagrun for minio_to_snowflake_banking to 2026-05-27 14:09:00+00:00, run_after=2026-05-27 14:10:00+00:00
[2026-05-27T14:10:47.952+0000] {processor.py:183} INFO - Processing /opt/airflow/dags/minio_to_snowflake_dag.py took 0.257 seconds
[2026-05-27T14:11:18.185+0000] {processor.py:161} INFO - Started process (PID=883) to work on /opt/airflow/dags/minio_to_snowflake_dag.py
[2026-05-27T14:11:18.185+0000] {processor.py:830} INFO - Processing file /opt/airflow/dags/minio_to_snowflake_dag.py for tasks to queue
[2026-05-27T14:11:18.186+0000] {logging_mixin.py:188} INFO - [2026-05-27T14:11:18.186+0000] {dagbag.py:545} INFO - Filling up the DagBag from /opt/airflow/dags/minio_to_snowflake_dag.py
[2026-05-27T14:11:18.413+0000] {processor.py:840} INFO - DAG(s) 'minio_to_snowflake_banking' retrieved from /opt/airflow/dags/minio_to_snowflake_dag.py
[2026-05-27T14:11:18.422+0000] {logging_mixin.py:188} INFO - [2026-05-27T14:11:18.422+0000] {dag.py:3089} INFO - Sync 1 DAGs
[2026-05-27T14:11:18.429+0000] {logging_mixin.py:188} INFO - [2026-05-27T14:11:18.429+0000] {dag.py:3947} INFO - Setting next_dagrun for minio_to_snowflake_banking to 2026-05-27 14:10:00+00:00, run_after=2026-05-27 14:11:00+00:00
[2026-05-27T14:11:18.434+0000] {processor.py:183} INFO - Processing /opt/airflow/dags/minio_to_snowflake_dag.py took 0.252 seconds
[2026-05-27T14:11:48.605+0000] {processor.py:161} INFO - Started process (PID=887) to work on /opt/airflow/dags/minio_to_snowflake_dag.py
[2026-05-27T14:11:48.606+0000] {processor.py:830} INFO - Processing file /opt/airflow/dags/minio_to_snowflake_dag.py for tasks to queue
[2026-05-27T14:11:48.607+0000] {logging_mixin.py:188} INFO - [2026-05-27T14:11:48.607+0000] {dagbag.py:545} INFO - Filling up the DagBag from /opt/airflow/dags/minio_to_snowflake_dag.py
[2026-05-27T14:11:48.857+0000] {processor.py:840} INFO - DAG(s) 'minio_to_snowflake_banking' retrieved from /opt/airflow/dags/minio_to_snowflake_dag.py
[2026-05-27T14:11:48.865+0000] {logging_mixin.py:188} INFO - [2026-05-27T14:11:48.864+0000] {dag.py:3089} INFO - Sync 1 DAGs
[2026-05-27T14:11:48.871+0000] {logging_mixin.py:188} INFO - [2026-05-27T14:11:48.871+0000] {dag.py:3947} INFO - Setting next_dagrun for minio_to_snowflake_banking to 2026-05-27 14:10:00+00:00, run_after=2026-05-27 14:11:00+00:00
[2026-05-27T14:11:48.875+0000] {processor.py:183} INFO - Processing /opt/airflow/dags/minio_to_snowflake_dag.py took 0.274 seconds
[2026-05-27T14:12:19.112+0000] {processor.py:161} INFO - Started process (PID=891) to work on /opt/airflow/dags/minio_to_snowflake_dag.py
[2026-05-27T14:12:19.114+0000] {processor.py:830} INFO - Processing file /opt/airflow/dags/minio_to_snowflake_dag.py for tasks to queue
[2026-05-27T14:12:19.115+0000] {logging_mixin.py:188} INFO - [2026-05-27T14:12:19.115+0000] {dagbag.py:545} INFO - Filling up the DagBag from /opt/airflow/dags/minio_to_snowflake_dag.py
[2026-05-27T14:12:19.348+0000] {processor.py:840} INFO - DAG(s) 'minio_to_snowflake_banking' retrieved from /opt/airflow/dags/minio_to_snowflake_dag.py
[2026-05-27T14:12:19.355+0000] {logging_mixin.py:188} INFO - [2026-05-27T14:12:19.355+0000] {dag.py:3089} INFO - Sync 1 DAGs
[2026-05-27T14:12:19.361+0000] {logging_mixin.py:188} INFO - [2026-05-27T14:12:19.361+0000] {dag.py:3947} INFO - Setting next_dagrun for minio_to_snowflake_banking to 2026-05-27 14:11:00+00:00, run_after=2026-05-27 14:12:00+00:00
[2026-05-27T14:12:19.367+0000] {processor.py:183} INFO - Processing /opt/airflow/dags/minio_to_snowflake_dag.py took 0.260 seconds
[2026-05-27T14:12:49.527+0000] {processor.py:161} INFO - Started process (PID=895) to work on /opt/airflow/dags/minio_to_snowflake_dag.py
[2026-05-27T14:12:49.529+0000] {processor.py:830} INFO - Processing file /opt/airflow/dags/minio_to_snowflake_dag.py for tasks to queue
[2026-05-27T14:12:49.530+0000] {logging_mixin.py:188} INFO - [2026-05-27T14:12:49.529+0000] {dagbag.py:545} INFO - Filling up the DagBag from /opt/airflow/dags/minio_to_snowflake_dag.py
[2026-05-27T14:12:49.755+0000] {processor.py:840} INFO - DAG(s) 'minio_to_snowflake_banking' retrieved from /opt/airflow/dags/minio_to_snowflake_dag.py
[2026-05-27T14:12:49.762+0000] {logging_mixin.py:188} INFO - [2026-05-27T14:12:49.762+0000] {dag.py:3089} INFO - Sync 1 DAGs
[2026-05-27T14:12:49.769+0000] {logging_mixin.py:188} INFO - [2026-05-27T14:12:49.769+0000] {dag.py:3947} INFO - Setting next_dagrun for minio_to_snowflake_banking to 2026-05-27 14:11:00+00:00, run_after=2026-05-27 14:12:00+00:00
[2026-05-27T14:12:49.774+0000] {processor.py:183} INFO - Processing /opt/airflow/dags/minio_to_snowflake_dag.py took 0.250 seconds
[2026-05-27T14:13:20.087+0000] {processor.py:161} INFO - Started process (PID=899) to work on /opt/airflow/dags/minio_to_snowflake_dag.py
[2026-05-27T14:13:20.088+0000] {processor.py:830} INFO - Processing file /opt/airflow/dags/minio_to_snowflake_dag.py for tasks to queue
[2026-05-27T14:13:20.090+0000] {logging_mixin.py:188} INFO - [2026-05-27T14:13:20.089+0000] {dagbag.py:545} INFO - Filling up the DagBag from /opt/airflow/dags/minio_to_snowflake_dag.py
[2026-05-27T14:13:20.326+0000] {processor.py:840} INFO - DAG(s) 'minio_to_snowflake_banking' retrieved from /opt/airflow/dags/minio_to_snowflake_dag.py
[2026-05-27T14:13:20.334+0000] {logging_mixin.py:188} INFO - [2026-05-27T14:13:20.334+0000] {dag.py:3089} INFO - Sync 1 DAGs
[2026-05-27T14:13:20.340+0000] {logging_mixin.py:188} INFO - [2026-05-27T14:13:20.340+0000] {dag.py:3947} INFO - Setting next_dagrun for minio_to_snowflake_banking to 2026-05-27 14:12:00+00:00, run_after=2026-05-27 14:13:00+00:00
[2026-05-27T14:13:20.346+0000] {processor.py:183} INFO - Processing /opt/airflow/dags/minio_to_snowflake_dag.py took 0.262 seconds
[2026-05-27T14:13:50.468+0000] {processor.py:161} INFO - Started process (PID=903) to work on /opt/airflow/dags/minio_to_snowflake_dag.py
[2026-05-27T14:13:50.470+0000] {processor.py:830} INFO - Processing file /opt/airflow/dags/minio_to_snowflake_dag.py for tasks to queue
[2026-05-27T14:13:50.471+0000] {logging_mixin.py:188} INFO - [2026-05-27T14:13:50.471+0000] {dagbag.py:545} INFO - Filling up the DagBag from /opt/airflow/dags/minio_to_snowflake_dag.py
[2026-05-27T14:13:50.703+0000] {processor.py:840} INFO - DAG(s) 'minio_to_snowflake_banking' retrieved from /opt/airflow/dags/minio_to_snowflake_dag.py
[2026-05-27T14:13:50.710+0000] {logging_mixin.py:188} INFO - [2026-05-27T14:13:50.710+0000] {dag.py:3089} INFO - Sync 1 DAGs
[2026-05-27T14:13:50.716+0000] {logging_mixin.py:188} INFO - [2026-05-27T14:13:50.716+0000] {dag.py:3947} INFO - Setting next_dagrun for minio_to_snowflake_banking to 2026-05-27 14:12:00+00:00, run_after=2026-05-27 14:13:00+00:00
[2026-05-27T14:13:50.721+0000] {processor.py:183} INFO - Processing /opt/airflow/dags/minio_to_snowflake_dag.py took 0.259 seconds
[2026-05-27T14:14:20.967+0000] {processor.py:161} INFO - Started process (PID=907) to work on /opt/airflow/dags/minio_to_snowflake_dag.py
[2026-05-27T14:14:20.968+0000] {processor.py:830} INFO - Processing file /opt/airflow/dags/minio_to_snowflake_dag.py for tasks to queue
[2026-05-27T14:14:20.970+0000] {logging_mixin.py:188} INFO - [2026-05-27T14:14:20.970+0000] {dagbag.py:545} INFO - Filling up the DagBag from /opt/airflow/dags/minio_to_snowflake_dag.py
[2026-05-27T14:14:21.202+0000] {processor.py:840} INFO - DAG(s) 'minio_to_snowflake_banking' retrieved from /opt/airflow/dags/minio_to_snowflake_dag.py
[2026-05-27T14:14:21.210+0000] {logging_mixin.py:188} INFO - [2026-05-27T14:14:21.210+0000] {dag.py:3089} INFO - Sync 1 DAGs
[2026-05-27T14:14:21.216+0000] {logging_mixin.py:188} INFO - [2026-05-27T14:14:21.216+0000] {dag.py:3947} INFO - Setting next_dagrun for minio_to_snowflake_banking to 2026-05-27 14:13:00+00:00, run_after=2026-05-27 14:14:00+00:00
[2026-05-27T14:14:21.221+0000] {processor.py:183} INFO - Processing /opt/airflow/dags/minio_to_snowflake_dag.py took 0.260 seconds
[2026-05-27T14:14:51.429+0000] {processor.py:161} INFO - Started process (PID=911) to work on /opt/airflow/dags/minio_to_snowflake_dag.py
[2026-05-27T14:14:51.430+0000] {processor.py:830} INFO - Processing file /opt/airflow/dags/minio_to_snowflake_dag.py for tasks to queue
[2026-05-27T14:14:51.432+0000] {logging_mixin.py:188} INFO - [2026-05-27T14:14:51.431+0000] {dagbag.py:545} INFO - Filling up the DagBag from /opt/airflow/dags/minio_to_snowflake_dag.py
[2026-05-27T14:14:51.665+0000] {processor.py:840} INFO - DAG(s) 'minio_to_snowflake_banking' retrieved from /opt/airflow/dags/minio_to_snowflake_dag.py
[2026-05-27T14:14:51.673+0000] {logging_mixin.py:188} INFO - [2026-05-27T14:14:51.673+0000] {dag.py:3089} INFO - Sync 1 DAGs
[2026-05-27T14:14:51.679+0000] {logging_mixin.py:188} INFO - [2026-05-27T14:14:51.679+0000] {dag.py:3947} INFO - Setting next_dagrun for minio_to_snowflake_banking to 2026-05-27 14:13:00+00:00, run_after=2026-05-27 14:14:00+00:00
[2026-05-27T14:14:51.685+0000] {processor.py:183} INFO - Processing /opt/airflow/dags/minio_to_snowflake_dag.py took 0.261 seconds
[2026-05-27T14:15:21.888+0000] {processor.py:161} INFO - Started process (PID=915) to work on /opt/airflow/dags/minio_to_snowflake_dag.py
[2026-05-27T14:15:21.890+0000] {processor.py:830} INFO - Processing file /opt/airflow/dags/minio_to_snowflake_dag.py for tasks to queue
[2026-05-27T14:15:21.891+0000] {logging_mixin.py:188} INFO - [2026-05-27T14:15:21.891+0000] {dagbag.py:545} INFO - Filling up the DagBag from /opt/airflow/dags/minio_to_snowflake_dag.py
[2026-05-27T14:15:22.120+0000] {processor.py:840} INFO - DAG(s) 'minio_to_snowflake_banking' retrieved from /opt/airflow/dags/minio_to_snowflake_dag.py
[2026-05-27T14:15:22.128+0000] {logging_mixin.py:188} INFO - [2026-05-27T14:15:22.128+0000] {dag.py:3089} INFO - Sync 1 DAGs
[2026-05-27T14:15:22.134+0000] {logging_mixin.py:188} INFO - [2026-05-27T14:15:22.134+0000] {dag.py:3947} INFO - Setting next_dagrun for minio_to_snowflake_banking to 2026-05-27 14:14:00+00:00, run_after=2026-05-27 14:15:00+00:00
[2026-05-27T14:15:22.140+0000] {processor.py:183} INFO - Processing /opt/airflow/dags/minio_to_snowflake_dag.py took 0.257 seconds
[2026-05-27T14:15:52.449+0000] {processor.py:161} INFO - Started process (PID=919) to work on /opt/airflow/dags/minio_to_snowflake_dag.py
[2026-05-27T14:15:52.451+0000] {processor.py:830} INFO - Processing file /opt/airflow/dags/minio_to_snowflake_dag.py for tasks to queue
[2026-05-27T14:15:52.452+0000] {logging_mixin.py:188} INFO - [2026-05-27T14:15:52.452+0000] {dagbag.py:545} INFO - Filling up the DagBag from /opt/airflow/dags/minio_to_snowflake_dag.py
[2026-05-27T14:15:52.686+0000] {processor.py:840} INFO - DAG(s) 'minio_to_snowflake_banking' retrieved from /opt/airflow/dags/minio_to_snowflake_dag.py
[2026-05-27T14:15:52.694+0000] {logging_mixin.py:188} INFO - [2026-05-27T14:15:52.694+0000] {dag.py:3089} INFO - Sync 1 DAGs
[2026-05-27T14:15:52.700+0000] {logging_mixin.py:188} INFO - [2026-05-27T14:15:52.700+0000] {dag.py:3947} INFO - Setting next_dagrun for minio_to_snowflake_banking to 2026-05-27 14:14:00+00:00, run_after=2026-05-27 14:15:00+00:00
[2026-05-27T14:15:52.705+0000] {processor.py:183} INFO - Processing /opt/airflow/dags/minio_to_snowflake_dag.py took 0.260 seconds
[2026-05-27T14:16:22.835+0000] {processor.py:161} INFO - Started process (PID=923) to work on /opt/airflow/dags/minio_to_snowflake_dag.py
[2026-05-27T14:16:22.837+0000] {processor.py:830} INFO - Processing file /opt/airflow/dags/minio_to_snowflake_dag.py for tasks to queue
[2026-05-27T14:16:22.838+0000] {logging_mixin.py:188} INFO - [2026-05-27T14:16:22.838+0000] {dagbag.py:545} INFO - Filling up the DagBag from /opt/airflow/dags/minio_to_snowflake_dag.py
[2026-05-27T14:16:23.072+0000] {processor.py:840} INFO - DAG(s) 'minio_to_snowflake_banking' retrieved from /opt/airflow/dags/minio_to_snowflake_dag.py
[2026-05-27T14:16:23.080+0000] {logging_mixin.py:188} INFO - [2026-05-27T14:16:23.079+0000] {dag.py:3089} INFO - Sync 1 DAGs
[2026-05-27T14:16:23.086+0000] {logging_mixin.py:188} INFO - [2026-05-27T14:16:23.086+0000] {dag.py:3947} INFO - Setting next_dagrun for minio_to_snowflake_banking to 2026-05-27 14:15:00+00:00, run_after=2026-05-27 14:16:00+00:00
[2026-05-27T14:16:23.091+0000] {processor.py:183} INFO - Processing /opt/airflow/dags/minio_to_snowflake_dag.py took 0.262 seconds
[2026-05-27T14:16:53.309+0000] {processor.py:161} INFO - Started process (PID=927) to work on /opt/airflow/dags/minio_to_snowflake_dag.py
[2026-05-27T14:16:53.310+0000] {processor.py:830} INFO - Processing file /opt/airflow/dags/minio_to_snowflake_dag.py for tasks to queue
[2026-05-27T14:16:53.311+0000] {logging_mixin.py:188} INFO - [2026-05-27T14:16:53.311+0000] {dagbag.py:545} INFO - Filling up the DagBag from /opt/airflow/dags/minio_to_snowflake_dag.py
[2026-05-27T14:16:53.543+0000] {processor.py:840} INFO - DAG(s) 'minio_to_snowflake_banking' retrieved from /opt/airflow/dags/minio_to_snowflake_dag.py
[2026-05-27T14:16:53.551+0000] {logging_mixin.py:188} INFO - [2026-05-27T14:16:53.551+0000] {dag.py:3089} INFO - Sync 1 DAGs
[2026-05-27T14:16:53.558+0000] {logging_mixin.py:188} INFO - [2026-05-27T14:16:53.558+0000] {dag.py:3947} INFO - Setting next_dagrun for minio_to_snowflake_banking to 2026-05-27 14:15:00+00:00, run_after=2026-05-27 14:16:00+00:00
[2026-05-27T14:16:53.563+0000] {processor.py:183} INFO - Processing /opt/airflow/dags/minio_to_snowflake_dag.py took 0.259 seconds
[2026-05-27T14:17:23.825+0000] {processor.py:161} INFO - Started process (PID=931) to work on /opt/airflow/dags/minio_to_snowflake_dag.py
[2026-05-27T14:17:23.827+0000] {processor.py:830} INFO - Processing file /opt/airflow/dags/minio_to_snowflake_dag.py for tasks to queue
[2026-05-27T14:17:23.828+0000] {logging_mixin.py:188} INFO - [2026-05-27T14:17:23.828+0000] {dagbag.py:545} INFO - Filling up the DagBag from /opt/airflow/dags/minio_to_snowflake_dag.py
[2026-05-27T14:17:24.058+0000] {processor.py:840} INFO - DAG(s) 'minio_to_snowflake_banking' retrieved from /opt/airflow/dags/minio_to_snowflake_dag.py
[2026-05-27T14:17:24.066+0000] {logging_mixin.py:188} INFO - [2026-05-27T14:17:24.066+0000] {dag.py:3089} INFO - Sync 1 DAGs
[2026-05-27T14:17:24.072+0000] {logging_mixin.py:188} INFO - [2026-05-27T14:17:24.072+0000] {dag.py:3947} INFO - Setting next_dagrun for minio_to_snowflake_banking to 2026-05-27 14:16:00+00:00, run_after=2026-05-27 14:17:00+00:00
[2026-05-27T14:17:24.078+0000] {processor.py:183} INFO - Processing /opt/airflow/dags/minio_to_snowflake_dag.py took 0.258 seconds
[2026-05-27T14:17:54.288+0000] {processor.py:161} INFO - Started process (PID=935) to work on /opt/airflow/dags/minio_to_snowflake_dag.py
[2026-05-27T14:17:54.289+0000] {processor.py:830} INFO - Processing file /opt/airflow/dags/minio_to_snowflake_dag.py for tasks to queue
[2026-05-27T14:17:54.290+0000] {logging_mixin.py:188} INFO - [2026-05-27T14:17:54.290+0000] {dagbag.py:545} INFO - Filling up the DagBag from /opt/airflow/dags/minio_to_snowflake_dag.py
[2026-05-27T14:17:54.531+0000] {processor.py:840} INFO - DAG(s) 'minio_to_snowflake_banking' retrieved from /opt/airflow/dags/minio_to_snowflake_dag.py
[2026-05-27T14:17:54.541+0000] {logging_mixin.py:188} INFO - [2026-05-27T14:17:54.541+0000] {dag.py:3089} INFO - Sync 1 DAGs
[2026-05-27T14:17:54.548+0000] {logging_mixin.py:188} INFO - [2026-05-27T14:17:54.548+0000] {dag.py:3947} INFO - Setting next_dagrun for minio_to_snowflake_banking to 2026-05-27 14:16:00+00:00, run_after=2026-05-27 14:17:00+00:00
[2026-05-27T14:17:54.554+0000] {processor.py:183} INFO - Processing /opt/airflow/dags/minio_to_snowflake_dag.py took 0.272 seconds
[2026-05-27T14:18:24.804+0000] {processor.py:161} INFO - Started process (PID=939) to work on /opt/airflow/dags/minio_to_snowflake_dag.py
[2026-05-27T14:18:24.806+0000] {processor.py:830} INFO - Processing file /opt/airflow/dags/minio_to_snowflake_dag.py for tasks to queue
[2026-05-27T14:18:24.807+0000] {logging_mixin.py:188} INFO - [2026-05-27T14:18:24.807+0000] {dagbag.py:545} INFO - Filling up the DagBag from /opt/airflow/dags/minio_to_snowflake_dag.py
[2026-05-27T14:18:25.039+0000] {processor.py:840} INFO - DAG(s) 'minio_to_snowflake_banking' retrieved from /opt/airflow/dags/minio_to_snowflake_dag.py
[2026-05-27T14:18:25.047+0000] {logging_mixin.py:188} INFO - [2026-05-27T14:18:25.047+0000] {dag.py:3089} INFO - Sync 1 DAGs
[2026-05-27T14:18:25.053+0000] {logging_mixin.py:188} INFO - [2026-05-27T14:18:25.053+0000] {dag.py:3947} INFO - Setting next_dagrun for minio_to_snowflake_banking to 2026-05-27 14:17:00+00:00, run_after=2026-05-27 14:18:00+00:00
[2026-05-27T14:18:25.058+0000] {processor.py:183} INFO - Processing /opt/airflow/dags/minio_to_snowflake_dag.py took 0.260 seconds
[2026-05-27T14:18:55.275+0000] {processor.py:161} INFO - Started process (PID=943) to work on /opt/airflow/dags/minio_to_snowflake_dag.py
[2026-05-27T14:18:55.277+0000] {processor.py:830} INFO - Processing file /opt/airflow/dags/minio_to_snowflake_dag.py for tasks to queue
[2026-05-27T14:18:55.278+0000] {logging_mixin.py:188} INFO - [2026-05-27T14:18:55.278+0000] {dagbag.py:545} INFO - Filling up the DagBag from /opt/airflow/dags/minio_to_snowflake_dag.py
[2026-05-27T14:18:55.510+0000] {processor.py:840} INFO - DAG(s) 'minio_to_snowflake_banking' retrieved from /opt/airflow/dags/minio_to_snowflake_dag.py
[2026-05-27T14:18:55.518+0000] {logging_mixin.py:188} INFO - [2026-05-27T14:18:55.518+0000] {dag.py:3089} INFO - Sync 1 DAGs
[2026-05-27T14:18:55.524+0000] {logging_mixin.py:188} INFO - [2026-05-27T14:18:55.524+0000] {dag.py:3947} INFO - Setting next_dagrun for minio_to_snowflake_banking to 2026-05-27 14:17:00+00:00, run_after=2026-05-27 14:18:00+00:00
[2026-05-27T14:18:55.529+0000] {processor.py:183} INFO - Processing /opt/airflow/dags/minio_to_snowflake_dag.py took 0.259 seconds
[2026-05-27T14:19:25.760+0000] {processor.py:161} INFO - Started process (PID=947) to work on /opt/airflow/dags/minio_to_snowflake_dag.py
[2026-05-27T14:19:25.761+0000] {processor.py:830} INFO - Processing file /opt/airflow/dags/minio_to_snowflake_dag.py for tasks to queue
[2026-05-27T14:19:25.762+0000] {logging_mixin.py:188} INFO - [2026-05-27T14:19:25.762+0000] {dagbag.py:545} INFO - Filling up the DagBag from /opt/airflow/dags/minio_to_snowflake_dag.py
[2026-05-27T14:19:25.998+0000] {processor.py:840} INFO - DAG(s) 'minio_to_snowflake_banking' retrieved from /opt/airflow/dags/minio_to_snowflake_dag.py
[2026-05-27T14:19:26.006+0000] {logging_mixin.py:188} INFO - [2026-05-27T14:19:26.006+0000] {dag.py:3089} INFO - Sync 1 DAGs
[2026-05-27T14:19:26.012+0000] {logging_mixin.py:188} INFO - [2026-05-27T14:19:26.012+0000] {dag.py:3947} INFO - Setting next_dagrun for minio_to_snowflake_banking to 2026-05-27 14:18:00+00:00, run_after=2026-05-27 14:19:00+00:00
[2026-05-27T14:19:26.018+0000] {processor.py:183} INFO - Processing /opt/airflow/dags/minio_to_snowflake_dag.py took 0.261 seconds
[2026-05-27T14:19:56.260+0000] {processor.py:161} INFO - Started process (PID=951) to work on /opt/airflow/dags/minio_to_snowflake_dag.py
[2026-05-27T14:19:56.261+0000] {processor.py:830} INFO - Processing file /opt/airflow/dags/minio_to_snowflake_dag.py for tasks to queue
[2026-05-27T14:19:56.262+0000] {logging_mixin.py:188} INFO - [2026-05-27T14:19:56.262+0000] {dagbag.py:545} INFO - Filling up the DagBag from /opt/airflow/dags/minio_to_snowflake_dag.py
[2026-05-27T14:19:56.490+0000] {processor.py:840} INFO - DAG(s) 'minio_to_snowflake_banking' retrieved from /opt/airflow/dags/minio_to_snowflake_dag.py
[2026-05-27T14:19:56.498+0000] {logging_mixin.py:188} INFO - [2026-05-27T14:19:56.498+0000] {dag.py:3089} INFO - Sync 1 DAGs
[2026-05-27T14:19:56.504+0000] {logging_mixin.py:188} INFO - [2026-05-27T14:19:56.504+0000] {dag.py:3947} INFO - Setting next_dagrun for minio_to_snowflake_banking to 2026-05-27 14:18:00+00:00, run_after=2026-05-27 14:19:00+00:00
[2026-05-27T14:19:56.509+0000] {processor.py:183} INFO - Processing /opt/airflow/dags/minio_to_snowflake_dag.py took 0.255 seconds
[2026-05-27T14:20:26.627+0000] {processor.py:161} INFO - Started process (PID=955) to work on /opt/airflow/dags/minio_to_snowflake_dag.py
[2026-05-27T14:20:26.628+0000] {processor.py:830} INFO - Processing file /opt/airflow/dags/minio_to_snowflake_dag.py for tasks to queue
[2026-05-27T14:20:26.630+0000] {logging_mixin.py:188} INFO - [2026-05-27T14:20:26.629+0000] {dagbag.py:545} INFO - Filling up the DagBag from /opt/airflow/dags/minio_to_snowflake_dag.py
[2026-05-27T14:20:26.872+0000] {processor.py:840} INFO - DAG(s) 'minio_to_snowflake_banking' retrieved from /opt/airflow/dags/minio_to_snowflake_dag.py
[2026-05-27T14:20:26.880+0000] {logging_mixin.py:188} INFO - [2026-05-27T14:20:26.880+0000] {dag.py:3089} INFO - Sync 1 DAGs
[2026-05-27T14:20:26.886+0000] {logging_mixin.py:188} INFO - [2026-05-27T14:20:26.886+0000] {dag.py:3947} INFO - Setting next_dagrun for minio_to_snowflake_banking to 2026-05-27 14:19:00+00:00, run_after=2026-05-27 14:20:00+00:00
[2026-05-27T14:20:26.891+0000] {processor.py:183} INFO - Processing /opt/airflow/dags/minio_to_snowflake_dag.py took 0.269 seconds
[2026-05-27T14:20:57.061+0000] {processor.py:161} INFO - Started process (PID=959) to work on /opt/airflow/dags/minio_to_snowflake_dag.py
[2026-05-27T14:20:57.063+0000] {processor.py:830} INFO - Processing file /opt/airflow/dags/minio_to_snowflake_dag.py for tasks to queue
[2026-05-27T14:20:57.064+0000] {logging_mixin.py:188} INFO - [2026-05-27T14:20:57.064+0000] {dagbag.py:545} INFO - Filling up the DagBag from /opt/airflow/dags/minio_to_snowflake_dag.py
[2026-05-27T14:20:57.298+0000] {processor.py:840} INFO - DAG(s) 'minio_to_snowflake_banking' retrieved from /opt/airflow/dags/minio_to_snowflake_dag.py
[2026-05-27T14:20:57.306+0000] {logging_mixin.py:188} INFO - [2026-05-27T14:20:57.306+0000] {dag.py:3089} INFO - Sync 1 DAGs
[2026-05-27T14:20:57.312+0000] {logging_mixin.py:188} INFO - [2026-05-27T14:20:57.312+0000] {dag.py:3947} INFO - Setting next_dagrun for minio_to_snowflake_banking to 2026-05-27 14:19:00+00:00, run_after=2026-05-27 14:20:00+00:00
[2026-05-27T14:20:57.318+0000] {processor.py:183} INFO - Processing /opt/airflow/dags/minio_to_snowflake_dag.py took 0.263 seconds
[2026-05-27T14:21:27.598+0000] {processor.py:161} INFO - Started process (PID=963) to work on /opt/airflow/dags/minio_to_snowflake_dag.py
[2026-05-27T14:21:27.600+0000] {processor.py:830} INFO - Processing file /opt/airflow/dags/minio_to_snowflake_dag.py for tasks to queue
[2026-05-27T14:21:27.601+0000] {logging_mixin.py:188} INFO - [2026-05-27T14:21:27.601+0000] {dagbag.py:545} INFO - Filling up the DagBag from /opt/airflow/dags/minio_to_snowflake_dag.py
[2026-05-27T14:21:27.832+0000] {processor.py:840} INFO - DAG(s) 'minio_to_snowflake_banking' retrieved from /opt/airflow/dags/minio_to_snowflake_dag.py
[2026-05-27T14:21:27.840+0000] {logging_mixin.py:188} INFO - [2026-05-27T14:21:27.840+0000] {dag.py:3089} INFO - Sync 1 DAGs
[2026-05-27T14:21:27.847+0000] {logging_mixin.py:188} INFO - [2026-05-27T14:21:27.847+0000] {dag.py:3947} INFO - Setting next_dagrun for minio_to_snowflake_banking to 2026-05-27 14:20:00+00:00, run_after=2026-05-27 14:21:00+00:00
[2026-05-27T14:21:27.853+0000] {processor.py:183} INFO - Processing /opt/airflow/dags/minio_to_snowflake_dag.py took 0.261 seconds
[2026-05-27T14:21:57.881+0000] {processor.py:161} INFO - Started process (PID=967) to work on /opt/airflow/dags/minio_to_snowflake_dag.py
[2026-05-27T14:21:57.882+0000] {processor.py:830} INFO - Processing file /opt/airflow/dags/minio_to_snowflake_dag.py for tasks to queue
[2026-05-27T14:21:57.884+0000] {logging_mixin.py:188} INFO - [2026-05-27T14:21:57.883+0000] {dagbag.py:545} INFO - Filling up the DagBag from /opt/airflow/dags/minio_to_snowflake_dag.py
[2026-05-27T14:21:58.110+0000] {processor.py:840} INFO - DAG(s) 'minio_to_snowflake_banking' retrieved from /opt/airflow/dags/minio_to_snowflake_dag.py
[2026-05-27T14:21:58.118+0000] {logging_mixin.py:188} INFO - [2026-05-27T14:21:58.118+0000] {dag.py:3089} INFO - Sync 1 DAGs
[2026-05-27T14:21:58.124+0000] {logging_mixin.py:188} INFO - [2026-05-27T14:21:58.124+0000] {dag.py:3947} INFO - Setting next_dagrun for minio_to_snowflake_banking to 2026-05-27 14:20:00+00:00, run_after=2026-05-27 14:21:00+00:00
[2026-05-27T14:21:58.130+0000] {processor.py:183} INFO - Processing /opt/airflow/dags/minio_to_snowflake_dag.py took 0.253 seconds
[2026-05-27T14:22:28.211+0000] {processor.py:161} INFO - Started process (PID=971) to work on /opt/airflow/dags/minio_to_snowflake_dag.py
[2026-05-27T14:22:28.212+0000] {processor.py:830} INFO - Processing file /opt/airflow/dags/minio_to_snowflake_dag.py for tasks to queue
[2026-05-27T14:22:28.214+0000] {logging_mixin.py:188} INFO - [2026-05-27T14:22:28.213+0000] {dagbag.py:545} INFO - Filling up the DagBag from /opt/airflow/dags/minio_to_snowflake_dag.py
[2026-05-27T14:22:28.441+0000] {processor.py:840} INFO - DAG(s) 'minio_to_snowflake_banking' retrieved from /opt/airflow/dags/minio_to_snowflake_dag.py
[2026-05-27T14:22:28.449+0000] {logging_mixin.py:188} INFO - [2026-05-27T14:22:28.449+0000] {dag.py:3089} INFO - Sync 1 DAGs
[2026-05-27T14:22:28.456+0000] {logging_mixin.py:188} INFO - [2026-05-27T14:22:28.456+0000] {dag.py:3947} INFO - Setting next_dagrun for minio_to_snowflake_banking to 2026-05-27 14:21:00+00:00, run_after=2026-05-27 14:22:00+00:00
[2026-05-27T14:22:28.461+0000] {processor.py:183} INFO - Processing /opt/airflow/dags/minio_to_snowflake_dag.py took 0.255 seconds
[2026-05-27T14:22:58.850+0000] {processor.py:161} INFO - Started process (PID=975) to work on /opt/airflow/dags/minio_to_snowflake_dag.py
[2026-05-27T14:22:58.851+0000] {processor.py:830} INFO - Processing file /opt/airflow/dags/minio_to_snowflake_dag.py for tasks to queue
[2026-05-27T14:22:58.852+0000] {logging_mixin.py:188} INFO - [2026-05-27T14:22:58.852+0000] {dagbag.py:545} INFO - Filling up the DagBag from /opt/airflow/dags/minio_to_snowflake_dag.py
[2026-05-27T14:22:59.083+0000] {processor.py:840} INFO - DAG(s) 'minio_to_snowflake_banking' retrieved from /opt/airflow/dags/minio_to_snowflake_dag.py
[2026-05-27T14:22:59.091+0000] {logging_mixin.py:188} INFO - [2026-05-27T14:22:59.091+0000] {dag.py:3089} INFO - Sync 1 DAGs
[2026-05-27T14:22:59.097+0000] {logging_mixin.py:188} INFO - [2026-05-27T14:22:59.097+0000] {dag.py:3947} INFO - Setting next_dagrun for minio_to_snowflake_banking to 2026-05-27 14:21:00+00:00, run_after=2026-05-27 14:22:00+00:00
[2026-05-27T14:22:59.102+0000] {processor.py:183} INFO - Processing /opt/airflow/dags/minio_to_snowflake_dag.py took 0.257 seconds
[2026-05-27T14:23:29.212+0000] {processor.py:161} INFO - Started process (PID=979) to work on /opt/airflow/dags/minio_to_snowflake_dag.py
[2026-05-27T14:23:29.214+0000] {processor.py:830} INFO - Processing file /opt/airflow/dags/minio_to_snowflake_dag.py for tasks to queue
[2026-05-27T14:23:29.215+0000] {logging_mixin.py:188} INFO - [2026-05-27T14:23:29.215+0000] {dagbag.py:545} INFO - Filling up the DagBag from /opt/airflow/dags/minio_to_snowflake_dag.py
[2026-05-27T14:23:29.443+0000] {processor.py:840} INFO - DAG(s) 'minio_to_snowflake_banking' retrieved from /opt/airflow/dags/minio_to_snowflake_dag.py
[2026-05-27T14:23:29.454+0000] {logging_mixin.py:188} INFO - [2026-05-27T14:23:29.454+0000] {dag.py:3089} INFO - Sync 1 DAGs
[2026-05-27T14:23:29.461+0000] {logging_mixin.py:188} INFO - [2026-05-27T14:23:29.461+0000] {dag.py:3947} INFO - Setting next_dagrun for minio_to_snowflake_banking to 2026-05-27 14:22:00+00:00, run_after=2026-05-27 14:23:00+00:00
[2026-05-27T14:23:29.466+0000] {processor.py:183} INFO - Processing /opt/airflow/dags/minio_to_snowflake_dag.py took 0.258 seconds
[2026-05-27T14:23:59.877+0000] {processor.py:161} INFO - Started process (PID=983) to work on /opt/airflow/dags/minio_to_snowflake_dag.py
[2026-05-27T14:23:59.879+0000] {processor.py:830} INFO - Processing file /opt/airflow/dags/minio_to_snowflake_dag.py for tasks to queue
[2026-05-27T14:23:59.880+0000] {logging_mixin.py:188} INFO - [2026-05-27T14:23:59.880+0000] {dagbag.py:545} INFO - Filling up the DagBag from /opt/airflow/dags/minio_to_snowflake_dag.py
[2026-05-27T14:24:00.110+0000] {processor.py:840} INFO - DAG(s) 'minio_to_snowflake_banking' retrieved from /opt/airflow/dags/minio_to_snowflake_dag.py
[2026-05-27T14:24:00.119+0000] {logging_mixin.py:188} INFO - [2026-05-27T14:24:00.118+0000] {dag.py:3089} INFO - Sync 1 DAGs
[2026-05-27T14:24:00.125+0000] {logging_mixin.py:188} INFO - [2026-05-27T14:24:00.125+0000] {dag.py:3947} INFO - Setting next_dagrun for minio_to_snowflake_banking to 2026-05-27 14:23:00+00:00, run_after=2026-05-27 14:24:00+00:00
[2026-05-27T14:24:00.129+0000] {processor.py:183} INFO - Processing /opt/airflow/dags/minio_to_snowflake_dag.py took 0.257 seconds
[2026-05-27T14:24:30.195+0000] {processor.py:161} INFO - Started process (PID=987) to work on /opt/airflow/dags/minio_to_snowflake_dag.py
[2026-05-27T14:24:30.196+0000] {processor.py:830} INFO - Processing file /opt/airflow/dags/minio_to_snowflake_dag.py for tasks to queue
[2026-05-27T14:24:30.197+0000] {logging_mixin.py:188} INFO - [2026-05-27T14:24:30.197+0000] {dagbag.py:545} INFO - Filling up the DagBag from /opt/airflow/dags/minio_to_snowflake_dag.py
[2026-05-27T14:24:30.430+0000] {processor.py:840} INFO - DAG(s) 'minio_to_snowflake_banking' retrieved from /opt/airflow/dags/minio_to_snowflake_dag.py
[2026-05-27T14:24:30.439+0000] {logging_mixin.py:188} INFO - [2026-05-27T14:24:30.438+0000] {dag.py:3089} INFO - Sync 1 DAGs
[2026-05-27T14:24:30.445+0000] {logging_mixin.py:188} INFO - [2026-05-27T14:24:30.445+0000] {dag.py:3947} INFO - Setting next_dagrun for minio_to_snowflake_banking to 2026-05-27 14:23:00+00:00, run_after=2026-05-27 14:24:00+00:00
[2026-05-27T14:24:30.450+0000] {processor.py:183} INFO - Processing /opt/airflow/dags/minio_to_snowflake_dag.py took 0.259 seconds
[2026-05-27T14:25:00.536+0000] {processor.py:161} INFO - Started process (PID=991) to work on /opt/airflow/dags/minio_to_snowflake_dag.py
[2026-05-27T14:25:00.537+0000] {processor.py:830} INFO - Processing file /opt/airflow/dags/minio_to_snowflake_dag.py for tasks to queue
[2026-05-27T14:25:00.538+0000] {logging_mixin.py:188} INFO - [2026-05-27T14:25:00.538+0000] {dagbag.py:545} INFO - Filling up the DagBag from /opt/airflow/dags/minio_to_snowflake_dag.py
[2026-05-27T14:25:00.771+0000] {processor.py:840} INFO - DAG(s) 'minio_to_snowflake_banking' retrieved from /opt/airflow/dags/minio_to_snowflake_dag.py
[2026-05-27T14:25:00.779+0000] {logging_mixin.py:188} INFO - [2026-05-27T14:25:00.779+0000] {dag.py:3089} INFO - Sync 1 DAGs
[2026-05-27T14:25:00.785+0000] {logging_mixin.py:188} INFO - [2026-05-27T14:25:00.785+0000] {dag.py:3947} INFO - Setting next_dagrun for minio_to_snowflake_banking to 2026-05-27 14:24:00+00:00, run_after=2026-05-27 14:25:00+00:00
[2026-05-27T14:25:00.790+0000] {processor.py:183} INFO - Processing /opt/airflow/dags/minio_to_snowflake_dag.py took 0.258 seconds
[2026-05-27T14:25:31.127+0000] {processor.py:161} INFO - Started process (PID=995) to work on /opt/airflow/dags/minio_to_snowflake_dag.py
[2026-05-27T14:25:31.129+0000] {processor.py:830} INFO - Processing file /opt/airflow/dags/minio_to_snowflake_dag.py for tasks to queue
[2026-05-27T14:25:31.131+0000] {logging_mixin.py:188} INFO - [2026-05-27T14:25:31.130+0000] {dagbag.py:545} INFO - Filling up the DagBag from /opt/airflow/dags/minio_to_snowflake_dag.py
[2026-05-27T14:25:31.383+0000] {processor.py:840} INFO - DAG(s) 'minio_to_snowflake_banking' retrieved from /opt/airflow/dags/minio_to_snowflake_dag.py
[2026-05-27T14:25:31.390+0000] {logging_mixin.py:188} INFO - [2026-05-27T14:25:31.390+0000] {dag.py:3089} INFO - Sync 1 DAGs
[2026-05-27T14:25:31.397+0000] {logging_mixin.py:188} INFO - [2026-05-27T14:25:31.397+0000] {dag.py:3947} INFO - Setting next_dagrun for minio_to_snowflake_banking to 2026-05-27 14:24:00+00:00, run_after=2026-05-27 14:25:00+00:00
[2026-05-27T14:25:31.402+0000] {processor.py:183} INFO - Processing /opt/airflow/dags/minio_to_snowflake_dag.py took 0.280 seconds
[2026-05-27T14:26:01.425+0000] {processor.py:161} INFO - Started process (PID=999) to work on /opt/airflow/dags/minio_to_snowflake_dag.py
[2026-05-27T14:26:01.427+0000] {processor.py:830} INFO - Processing file /opt/airflow/dags/minio_to_snowflake_dag.py for tasks to queue
[2026-05-27T14:26:01.428+0000] {logging_mixin.py:188} INFO - [2026-05-27T14:26:01.428+0000] {dagbag.py:545} INFO - Filling up the DagBag from /opt/airflow/dags/minio_to_snowflake_dag.py
[2026-05-27T14:26:01.648+0000] {processor.py:840} INFO - DAG(s) 'minio_to_snowflake_banking' retrieved from /opt/airflow/dags/minio_to_snowflake_dag.py
[2026-05-27T14:26:01.656+0000] {logging_mixin.py:188} INFO - [2026-05-27T14:26:01.656+0000] {dag.py:3089} INFO - Sync 1 DAGs
[2026-05-27T14:26:01.663+0000] {logging_mixin.py:188} INFO - [2026-05-27T14:26:01.663+0000] {dag.py:3947} INFO - Setting next_dagrun for minio_to_snowflake_banking to 2026-05-27 14:25:00+00:00, run_after=2026-05-27 14:26:00+00:00
[2026-05-27T14:26:01.668+0000] {processor.py:183} INFO - Processing /opt/airflow/dags/minio_to_snowflake_dag.py took 0.248 seconds
[2026-05-27T14:26:31.740+0000] {processor.py:161} INFO - Started process (PID=1003) to work on /opt/airflow/dags/minio_to_snowflake_dag.py
[2026-05-27T14:26:31.741+0000] {processor.py:830} INFO - Processing file /opt/airflow/dags/minio_to_snowflake_dag.py for tasks to queue
[2026-05-27T14:26:31.743+0000] {logging_mixin.py:188} INFO - [2026-05-27T14:26:31.742+0000] {dagbag.py:545} INFO - Filling up the DagBag from /opt/airflow/dags/minio_to_snowflake_dag.py
[2026-05-27T14:26:31.965+0000] {processor.py:840} INFO - DAG(s) 'minio_to_snowflake_banking' retrieved from /opt/airflow/dags/minio_to_snowflake_dag.py
[2026-05-27T14:26:31.974+0000] {logging_mixin.py:188} INFO - [2026-05-27T14:26:31.974+0000] {dag.py:3089} INFO - Sync 1 DAGs
[2026-05-27T14:26:31.980+0000] {logging_mixin.py:188} INFO - [2026-05-27T14:26:31.980+0000] {dag.py:3947} INFO - Setting next_dagrun for minio_to_snowflake_banking to 2026-05-27 14:25:00+00:00, run_after=2026-05-27 14:26:00+00:00
[2026-05-27T14:26:31.985+0000] {processor.py:183} INFO - Processing /opt/airflow/dags/minio_to_snowflake_dag.py took 0.251 seconds
[2026-05-27T14:42:26.284+0000] {processor.py:161} INFO - Started process (PID=1007) to work on /opt/airflow/dags/minio_to_snowflake_dag.py
[2026-05-27T14:42:26.285+0000] {processor.py:830} INFO - Processing file /opt/airflow/dags/minio_to_snowflake_dag.py for tasks to queue
[2026-05-27T14:42:26.285+0000] {logging_mixin.py:188} INFO - [2026-05-27T14:42:26.285+0000] {dagbag.py:545} INFO - Filling up the DagBag from /opt/airflow/dags/minio_to_snowflake_dag.py
[2026-05-27T14:42:26.508+0000] {processor.py:840} INFO - DAG(s) 'minio_to_snowflake_banking' retrieved from /opt/airflow/dags/minio_to_snowflake_dag.py
[2026-05-27T14:42:26.517+0000] {logging_mixin.py:188} INFO - [2026-05-27T14:42:26.517+0000] {dag.py:3089} INFO - Sync 1 DAGs
[2026-05-27T14:42:26.524+0000] {logging_mixin.py:188} INFO - [2026-05-27T14:42:26.524+0000] {dag.py:3947} INFO - Setting next_dagrun for minio_to_snowflake_banking to 2026-05-27 14:41:00+00:00, run_after=2026-05-27 14:42:00+00:00
[2026-05-27T14:42:26.528+0000] {processor.py:183} INFO - Processing /opt/airflow/dags/minio_to_snowflake_dag.py took 0.246 seconds
[2026-05-27T14:42:56.614+0000] {processor.py:161} INFO - Started process (PID=1011) to work on /opt/airflow/dags/minio_to_snowflake_dag.py
[2026-05-27T14:42:56.615+0000] {processor.py:830} INFO - Processing file /opt/airflow/dags/minio_to_snowflake_dag.py for tasks to queue
[2026-05-27T14:42:56.616+0000] {logging_mixin.py:188} INFO - [2026-05-27T14:42:56.615+0000] {dagbag.py:545} INFO - Filling up the DagBag from /opt/airflow/dags/minio_to_snowflake_dag.py
[2026-05-27T14:42:56.851+0000] {processor.py:840} INFO - DAG(s) 'minio_to_snowflake_banking' retrieved from /opt/airflow/dags/minio_to_snowflake_dag.py
[2026-05-27T14:42:56.859+0000] {logging_mixin.py:188} INFO - [2026-05-27T14:42:56.859+0000] {dag.py:3089} INFO - Sync 1 DAGs
[2026-05-27T14:42:56.865+0000] {logging_mixin.py:188} INFO - [2026-05-27T14:42:56.865+0000] {dag.py:3947} INFO - Setting next_dagrun for minio_to_snowflake_banking to 2026-05-27 14:41:00+00:00, run_after=2026-05-27 14:42:00+00:00
[2026-05-27T14:42:56.871+0000] {processor.py:183} INFO - Processing /opt/airflow/dags/minio_to_snowflake_dag.py took 0.261 seconds
[2026-05-27T14:43:27.173+0000] {processor.py:161} INFO - Started process (PID=1015) to work on /opt/airflow/dags/minio_to_snowflake_dag.py
[2026-05-27T14:43:27.175+0000] {processor.py:830} INFO - Processing file /opt/airflow/dags/minio_to_snowflake_dag.py for tasks to queue
[2026-05-27T14:43:27.176+0000] {logging_mixin.py:188} INFO - [2026-05-27T14:43:27.176+0000] {dagbag.py:545} INFO - Filling up the DagBag from /opt/airflow/dags/minio_to_snowflake_dag.py
[2026-05-27T14:43:27.402+0000] {processor.py:840} INFO - DAG(s) 'minio_to_snowflake_banking' retrieved from /opt/airflow/dags/minio_to_snowflake_dag.py
[2026-05-27T14:43:27.410+0000] {logging_mixin.py:188} INFO - [2026-05-27T14:43:27.410+0000] {dag.py:3089} INFO - Sync 1 DAGs
[2026-05-27T14:43:27.416+0000] {logging_mixin.py:188} INFO - [2026-05-27T14:43:27.416+0000] {dag.py:3947} INFO - Setting next_dagrun for minio_to_snowflake_banking to 2026-05-27 14:42:00+00:00, run_after=2026-05-27 14:43:00+00:00
[2026-05-27T14:43:27.421+0000] {processor.py:183} INFO - Processing /opt/airflow/dags/minio_to_snowflake_dag.py took 0.253 seconds
[2026-05-27T14:43:57.509+0000] {processor.py:161} INFO - Started process (PID=1019) to work on /opt/airflow/dags/minio_to_snowflake_dag.py
[2026-05-27T14:43:57.510+0000] {processor.py:830} INFO - Processing file /opt/airflow/dags/minio_to_snowflake_dag.py for tasks to queue
[2026-05-27T14:43:57.511+0000] {logging_mixin.py:188} INFO - [2026-05-27T14:43:57.511+0000] {dagbag.py:545} INFO - Filling up the DagBag from /opt/airflow/dags/minio_to_snowflake_dag.py
[2026-05-27T14:43:57.738+0000] {processor.py:840} INFO - DAG(s) 'minio_to_snowflake_banking' retrieved from /opt/airflow/dags/minio_to_snowflake_dag.py
[2026-05-27T14:43:57.746+0000] {logging_mixin.py:188} INFO - [2026-05-27T14:43:57.746+0000] {dag.py:3089} INFO - Sync 1 DAGs
[2026-05-27T14:43:57.752+0000] {logging_mixin.py:188} INFO - [2026-05-27T14:43:57.752+0000] {dag.py:3947} INFO - Setting next_dagrun for minio_to_snowflake_banking to 2026-05-27 14:42:00+00:00, run_after=2026-05-27 14:43:00+00:00
[2026-05-27T14:43:57.757+0000] {processor.py:183} INFO - Processing /opt/airflow/dags/minio_to_snowflake_dag.py took 0.253 seconds
[2026-05-27T14:44:28.100+0000] {processor.py:161} INFO - Started process (PID=1023) to work on /opt/airflow/dags/minio_to_snowflake_dag.py
[2026-05-27T14:44:28.101+0000] {processor.py:830} INFO - Processing file /opt/airflow/dags/minio_to_snowflake_dag.py for tasks to queue
[2026-05-27T14:44:28.103+0000] {logging_mixin.py:188} INFO - [2026-05-27T14:44:28.102+0000] {dagbag.py:545} INFO - Filling up the DagBag from /opt/airflow/dags/minio_to_snowflake_dag.py
[2026-05-27T14:44:28.323+0000] {processor.py:840} INFO - DAG(s) 'minio_to_snowflake_banking' retrieved from /opt/airflow/dags/minio_to_snowflake_dag.py
[2026-05-27T14:44:28.332+0000] {logging_mixin.py:188} INFO - [2026-05-27T14:44:28.331+0000] {dag.py:3089} INFO - Sync 1 DAGs
[2026-05-27T14:44:28.338+0000] {logging_mixin.py:188} INFO - [2026-05-27T14:44:28.337+0000] {dag.py:3947} INFO - Setting next_dagrun for minio_to_snowflake_banking to 2026-05-27 14:43:00+00:00, run_after=2026-05-27 14:44:00+00:00
[2026-05-27T14:44:28.343+0000] {processor.py:183} INFO - Processing /opt/airflow/dags/minio_to_snowflake_dag.py took 0.247 seconds
[2026-05-27T14:44:58.461+0000] {processor.py:161} INFO - Started process (PID=1027) to work on /opt/airflow/dags/minio_to_snowflake_dag.py
[2026-05-27T14:44:58.462+0000] {processor.py:830} INFO - Processing file /opt/airflow/dags/minio_to_snowflake_dag.py for tasks to queue
[2026-05-27T14:44:58.464+0000] {logging_mixin.py:188} INFO - [2026-05-27T14:44:58.464+0000] {dagbag.py:545} INFO - Filling up the DagBag from /opt/airflow/dags/minio_to_snowflake_dag.py
[2026-05-27T14:44:58.680+0000] {processor.py:840} INFO - DAG(s) 'minio_to_snowflake_banking' retrieved from /opt/airflow/dags/minio_to_snowflake_dag.py
[2026-05-27T14:44:58.688+0000] {logging_mixin.py:188} INFO - [2026-05-27T14:44:58.688+0000] {dag.py:3089} INFO - Sync 1 DAGs
[2026-05-27T14:44:58.695+0000] {logging_mixin.py:188} INFO - [2026-05-27T14:44:58.695+0000] {dag.py:3947} INFO - Setting next_dagrun for minio_to_snowflake_banking to 2026-05-27 14:43:00+00:00, run_after=2026-05-27 14:44:00+00:00
[2026-05-27T14:44:58.700+0000] {processor.py:183} INFO - Processing /opt/airflow/dags/minio_to_snowflake_dag.py took 0.244 seconds
[2026-05-27T15:02:14.270+0000] {processor.py:161} INFO - Started process (PID=1031) to work on /opt/airflow/dags/minio_to_snowflake_dag.py
[2026-05-27T15:02:14.271+0000] {processor.py:830} INFO - Processing file /opt/airflow/dags/minio_to_snowflake_dag.py for tasks to queue
[2026-05-27T15:02:14.272+0000] {logging_mixin.py:188} INFO - [2026-05-27T15:02:14.272+0000] {dagbag.py:545} INFO - Filling up the DagBag from /opt/airflow/dags/minio_to_snowflake_dag.py
[2026-05-27T15:02:14.485+0000] {processor.py:840} INFO - DAG(s) 'minio_to_snowflake_banking' retrieved from /opt/airflow/dags/minio_to_snowflake_dag.py
[2026-05-27T15:02:14.492+0000] {logging_mixin.py:188} INFO - [2026-05-27T15:02:14.492+0000] {dag.py:3089} INFO - Sync 1 DAGs
[2026-05-27T15:02:14.498+0000] {logging_mixin.py:188} INFO - [2026-05-27T15:02:14.498+0000] {dag.py:3947} INFO - Setting next_dagrun for minio_to_snowflake_banking to 2026-05-27 15:01:00+00:00, run_after=2026-05-27 15:02:00+00:00
[2026-05-27T15:02:14.504+0000] {processor.py:183} INFO - Processing /opt/airflow/dags/minio_to_snowflake_dag.py took 0.237 seconds
[2026-05-27T15:02:44.606+0000] {processor.py:161} INFO - Started process (PID=1035) to work on /opt/airflow/dags/minio_to_snowflake_dag.py
[2026-05-27T15:02:44.608+0000] {processor.py:830} INFO - Processing file /opt/airflow/dags/minio_to_snowflake_dag.py for tasks to queue
[2026-05-27T15:02:44.609+0000] {logging_mixin.py:188} INFO - [2026-05-27T15:02:44.609+0000] {dagbag.py:545} INFO - Filling up the DagBag from /opt/airflow/dags/minio_to_snowflake_dag.py
[2026-05-27T15:02:44.828+0000] {processor.py:840} INFO - DAG(s) 'minio_to_snowflake_banking' retrieved from /opt/airflow/dags/minio_to_snowflake_dag.py
[2026-05-27T15:02:44.836+0000] {logging_mixin.py:188} INFO - [2026-05-27T15:02:44.836+0000] {dag.py:3089} INFO - Sync 1 DAGs
[2026-05-27T15:02:44.842+0000] {logging_mixin.py:188} INFO - [2026-05-27T15:02:44.842+0000] {dag.py:3947} INFO - Setting next_dagrun for minio_to_snowflake_banking to 2026-05-27 15:01:00+00:00, run_after=2026-05-27 15:02:00+00:00
[2026-05-27T15:02:44.847+0000] {processor.py:183} INFO - Processing /opt/airflow/dags/minio_to_snowflake_dag.py took 0.246 seconds
[2026-05-27T15:19:16.834+0000] {processor.py:161} INFO - Started process (PID=1039) to work on /opt/airflow/dags/minio_to_snowflake_dag.py
[2026-05-27T15:19:16.835+0000] {processor.py:830} INFO - Processing file /opt/airflow/dags/minio_to_snowflake_dag.py for tasks to queue
[2026-05-27T15:19:16.836+0000] {logging_mixin.py:188} INFO - [2026-05-27T15:19:16.836+0000] {dagbag.py:545} INFO - Filling up the DagBag from /opt/airflow/dags/minio_to_snowflake_dag.py
[2026-05-27T15:19:17.054+0000] {processor.py:840} INFO - DAG(s) 'minio_to_snowflake_banking' retrieved from /opt/airflow/dags/minio_to_snowflake_dag.py
[2026-05-27T15:19:17.062+0000] {logging_mixin.py:188} INFO - [2026-05-27T15:19:17.062+0000] {dag.py:3089} INFO - Sync 1 DAGs
[2026-05-27T15:19:17.068+0000] {logging_mixin.py:188} INFO - [2026-05-27T15:19:17.068+0000] {dag.py:3947} INFO - Setting next_dagrun for minio_to_snowflake_banking to 2026-05-27 15:18:00+00:00, run_after=2026-05-27 15:19:00+00:00
[2026-05-27T15:19:17.073+0000] {processor.py:183} INFO - Processing /opt/airflow/dags/minio_to_snowflake_dag.py took 0.243 seconds
[2026-05-27T15:19:47.271+0000] {processor.py:161} INFO - Started process (PID=1043) to work on /opt/airflow/dags/minio_to_snowflake_dag.py
[2026-05-27T15:19:47.273+0000] {processor.py:830} INFO - Processing file /opt/airflow/dags/minio_to_snowflake_dag.py for tasks to queue
[2026-05-27T15:19:47.274+0000] {logging_mixin.py:188} INFO - [2026-05-27T15:19:47.274+0000] {dagbag.py:545} INFO - Filling up the DagBag from /opt/airflow/dags/minio_to_snowflake_dag.py
[2026-05-27T15:19:47.525+0000] {processor.py:840} INFO - DAG(s) 'minio_to_snowflake_banking' retrieved from /opt/airflow/dags/minio_to_snowflake_dag.py
[2026-05-27T15:19:47.533+0000] {logging_mixin.py:188} INFO - [2026-05-27T15:19:47.533+0000] {dag.py:3089} INFO - Sync 1 DAGs
[2026-05-27T15:19:47.539+0000] {logging_mixin.py:188} INFO - [2026-05-27T15:19:47.539+0000] {dag.py:3947} INFO - Setting next_dagrun for minio_to_snowflake_banking to 2026-05-27 15:18:00+00:00, run_after=2026-05-27 15:19:00+00:00
[2026-05-27T15:19:47.544+0000] {processor.py:183} INFO - Processing /opt/airflow/dags/minio_to_snowflake_dag.py took 0.278 seconds
[2026-05-27T15:38:10.344+0000] {processor.py:161} INFO - Started process (PID=1047) to work on /opt/airflow/dags/minio_to_snowflake_dag.py
[2026-05-27T15:38:10.345+0000] {processor.py:830} INFO - Processing file /opt/airflow/dags/minio_to_snowflake_dag.py for tasks to queue
[2026-05-27T15:38:10.346+0000] {logging_mixin.py:188} INFO - [2026-05-27T15:38:10.346+0000] {dagbag.py:545} INFO - Filling up the DagBag from /opt/airflow/dags/minio_to_snowflake_dag.py
[2026-05-27T15:38:10.560+0000] {processor.py:840} INFO - DAG(s) 'minio_to_snowflake_banking' retrieved from /opt/airflow/dags/minio_to_snowflake_dag.py
[2026-05-27T15:38:10.567+0000] {logging_mixin.py:188} INFO - [2026-05-27T15:38:10.567+0000] {dag.py:3089} INFO - Sync 1 DAGs
[2026-05-27T15:38:10.574+0000] {logging_mixin.py:188} INFO - [2026-05-27T15:38:10.574+0000] {dag.py:3947} INFO - Setting next_dagrun for minio_to_snowflake_banking to 2026-05-27 15:37:00+00:00, run_after=2026-05-27 15:38:00+00:00
[2026-05-27T15:38:10.579+0000] {processor.py:183} INFO - Processing /opt/airflow/dags/minio_to_snowflake_dag.py took 0.238 seconds
[2026-05-27T15:54:25.730+0000] {processor.py:161} INFO - Started process (PID=1051) to work on /opt/airflow/dags/minio_to_snowflake_dag.py
[2026-05-27T15:54:25.731+0000] {processor.py:830} INFO - Processing file /opt/airflow/dags/minio_to_snowflake_dag.py for tasks to queue
[2026-05-27T15:54:25.731+0000] {logging_mixin.py:188} INFO - [2026-05-27T15:54:25.731+0000] {dagbag.py:545} INFO - Filling up the DagBag from /opt/airflow/dags/minio_to_snowflake_dag.py
[2026-05-27T15:54:26.013+0000] {processor.py:840} INFO - DAG(s) 'minio_to_snowflake_banking' retrieved from /opt/airflow/dags/minio_to_snowflake_dag.py
[2026-05-27T15:54:26.024+0000] {logging_mixin.py:188} INFO - [2026-05-27T15:54:26.024+0000] {dag.py:3089} INFO - Sync 1 DAGs
[2026-05-27T15:54:26.034+0000] {logging_mixin.py:188} INFO - [2026-05-27T15:54:26.034+0000] {dag.py:3947} INFO - Setting next_dagrun for minio_to_snowflake_banking to 2026-05-27 15:53:00+00:00, run_after=2026-05-27 15:54:00+00:00
[2026-05-27T15:54:26.041+0000] {processor.py:183} INFO - Processing /opt/airflow/dags/minio_to_snowflake_dag.py took 0.314 seconds
[2026-05-27T15:54:56.205+0000] {processor.py:161} INFO - Started process (PID=1055) to work on /opt/airflow/dags/minio_to_snowflake_dag.py
[2026-05-27T15:54:56.207+0000] {processor.py:830} INFO - Processing file /opt/airflow/dags/minio_to_snowflake_dag.py for tasks to queue
[2026-05-27T15:54:56.208+0000] {logging_mixin.py:188} INFO - [2026-05-27T15:54:56.208+0000] {dagbag.py:545} INFO - Filling up the DagBag from /opt/airflow/dags/minio_to_snowflake_dag.py
[2026-05-27T15:54:56.429+0000] {processor.py:840} INFO - DAG(s) 'minio_to_snowflake_banking' retrieved from /opt/airflow/dags/minio_to_snowflake_dag.py
[2026-05-27T15:54:56.438+0000] {logging_mixin.py:188} INFO - [2026-05-27T15:54:56.437+0000] {dag.py:3089} INFO - Sync 1 DAGs
[2026-05-27T15:54:56.444+0000] {logging_mixin.py:188} INFO - [2026-05-27T15:54:56.444+0000] {dag.py:3947} INFO - Setting next_dagrun for minio_to_snowflake_banking to 2026-05-27 15:53:00+00:00, run_after=2026-05-27 15:54:00+00:00
[2026-05-27T15:54:56.450+0000] {processor.py:183} INFO - Processing /opt/airflow/dags/minio_to_snowflake_dag.py took 0.249 seconds
[2026-05-27T15:55:26.636+0000] {processor.py:161} INFO - Started process (PID=1059) to work on /opt/airflow/dags/minio_to_snowflake_dag.py
[2026-05-27T15:55:26.637+0000] {processor.py:830} INFO - Processing file /opt/airflow/dags/minio_to_snowflake_dag.py for tasks to queue
[2026-05-27T15:55:26.639+0000] {logging_mixin.py:188} INFO - [2026-05-27T15:55:26.639+0000] {dagbag.py:545} INFO - Filling up the DagBag from /opt/airflow/dags/minio_to_snowflake_dag.py
[2026-05-27T15:55:26.873+0000] {processor.py:840} INFO - DAG(s) 'minio_to_snowflake_banking' retrieved from /opt/airflow/dags/minio_to_snowflake_dag.py
[2026-05-27T15:55:26.881+0000] {logging_mixin.py:188} INFO - [2026-05-27T15:55:26.880+0000] {dag.py:3089} INFO - Sync 1 DAGs
[2026-05-27T15:55:26.887+0000] {logging_mixin.py:188} INFO - [2026-05-27T15:55:26.887+0000] {dag.py:3947} INFO - Setting next_dagrun for minio_to_snowflake_banking to 2026-05-27 15:54:00+00:00, run_after=2026-05-27 15:55:00+00:00
[2026-05-27T15:55:26.892+0000] {processor.py:183} INFO - Processing /opt/airflow/dags/minio_to_snowflake_dag.py took 0.262 seconds
[2026-05-27T15:55:57.063+0000] {processor.py:161} INFO - Started process (PID=1063) to work on /opt/airflow/dags/minio_to_snowflake_dag.py
[2026-05-27T15:55:57.064+0000] {processor.py:830} INFO - Processing file /opt/airflow/dags/minio_to_snowflake_dag.py for tasks to queue
[2026-05-27T15:55:57.066+0000] {logging_mixin.py:188} INFO - [2026-05-27T15:55:57.065+0000] {dagbag.py:545} INFO - Filling up the DagBag from /opt/airflow/dags/minio_to_snowflake_dag.py
[2026-05-27T15:55:57.293+0000] {processor.py:840} INFO - DAG(s) 'minio_to_snowflake_banking' retrieved from /opt/airflow/dags/minio_to_snowflake_dag.py
[2026-05-27T15:55:57.301+0000] {logging_mixin.py:188} INFO - [2026-05-27T15:55:57.301+0000] {dag.py:3089} INFO - Sync 1 DAGs
[2026-05-27T15:55:57.308+0000] {logging_mixin.py:188} INFO - [2026-05-27T15:55:57.308+0000] {dag.py:3947} INFO - Setting next_dagrun for minio_to_snowflake_banking to 2026-05-27 15:54:00+00:00, run_after=2026-05-27 15:55:00+00:00
[2026-05-27T15:55:57.313+0000] {processor.py:183} INFO - Processing /opt/airflow/dags/minio_to_snowflake_dag.py took 0.256 seconds
[2026-05-27T15:56:27.570+0000] {processor.py:161} INFO - Started process (PID=1067) to work on /opt/airflow/dags/minio_to_snowflake_dag.py
[2026-05-27T15:56:27.571+0000] {processor.py:830} INFO - Processing file /opt/airflow/dags/minio_to_snowflake_dag.py for tasks to queue
[2026-05-27T15:56:27.573+0000] {logging_mixin.py:188} INFO - [2026-05-27T15:56:27.572+0000] {dagbag.py:545} INFO - Filling up the DagBag from /opt/airflow/dags/minio_to_snowflake_dag.py
[2026-05-27T15:56:27.795+0000] {processor.py:840} INFO - DAG(s) 'minio_to_snowflake_banking' retrieved from /opt/airflow/dags/minio_to_snowflake_dag.py
[2026-05-27T15:56:27.803+0000] {logging_mixin.py:188} INFO - [2026-05-27T15:56:27.803+0000] {dag.py:3089} INFO - Sync 1 DAGs
[2026-05-27T15:56:27.809+0000] {logging_mixin.py:188} INFO - [2026-05-27T15:56:27.809+0000] {dag.py:3947} INFO - Setting next_dagrun for minio_to_snowflake_banking to 2026-05-27 15:55:00+00:00, run_after=2026-05-27 15:56:00+00:00
[2026-05-27T15:56:27.814+0000] {processor.py:183} INFO - Processing /opt/airflow/dags/minio_to_snowflake_dag.py took 0.248 seconds
[2026-05-27T15:56:57.884+0000] {processor.py:161} INFO - Started process (PID=1071) to work on /opt/airflow/dags/minio_to_snowflake_dag.py
[2026-05-27T15:56:57.886+0000] {processor.py:830} INFO - Processing file /opt/airflow/dags/minio_to_snowflake_dag.py for tasks to queue
[2026-05-27T15:56:57.887+0000] {logging_mixin.py:188} INFO - [2026-05-27T15:56:57.887+0000] {dagbag.py:545} INFO - Filling up the DagBag from /opt/airflow/dags/minio_to_snowflake_dag.py
[2026-05-27T15:56:58.104+0000] {processor.py:840} INFO - DAG(s) 'minio_to_snowflake_banking' retrieved from /opt/airflow/dags/minio_to_snowflake_dag.py
[2026-05-27T15:56:58.112+0000] {logging_mixin.py:188} INFO - [2026-05-27T15:56:58.112+0000] {dag.py:3089} INFO - Sync 1 DAGs
[2026-05-27T15:56:58.118+0000] {logging_mixin.py:188} INFO - [2026-05-27T15:56:58.118+0000] {dag.py:3947} INFO - Setting next_dagrun for minio_to_snowflake_banking to 2026-05-27 15:55:00+00:00, run_after=2026-05-27 15:56:00+00:00
[2026-05-27T15:56:58.123+0000] {processor.py:183} INFO - Processing /opt/airflow/dags/minio_to_snowflake_dag.py took 0.245 seconds
[2026-05-27T15:57:28.476+0000] {processor.py:161} INFO - Started process (PID=1075) to work on /opt/airflow/dags/minio_to_snowflake_dag.py
[2026-05-27T15:57:28.477+0000] {processor.py:830} INFO - Processing file /opt/airflow/dags/minio_to_snowflake_dag.py for tasks to queue
[2026-05-27T15:57:28.479+0000] {logging_mixin.py:188} INFO - [2026-05-27T15:57:28.478+0000] {dagbag.py:545} INFO - Filling up the DagBag from /opt/airflow/dags/minio_to_snowflake_dag.py
[2026-05-27T15:57:28.732+0000] {processor.py:840} INFO - DAG(s) 'minio_to_snowflake_banking' retrieved from /opt/airflow/dags/minio_to_snowflake_dag.py
[2026-05-27T15:57:28.740+0000] {logging_mixin.py:188} INFO - [2026-05-27T15:57:28.740+0000] {dag.py:3089} INFO - Sync 1 DAGs
[2026-05-27T15:57:28.747+0000] {logging_mixin.py:188} INFO - [2026-05-27T15:57:28.746+0000] {dag.py:3947} INFO - Setting next_dagrun for minio_to_snowflake_banking to 2026-05-27 15:56:00+00:00, run_after=2026-05-27 15:57:00+00:00
[2026-05-27T15:57:28.752+0000] {processor.py:183} INFO - Processing /opt/airflow/dags/minio_to_snowflake_dag.py took 0.278 seconds
[2026-05-27T16:13:27.445+0000] {processor.py:161} INFO - Started process (PID=1079) to work on /opt/airflow/dags/minio_to_snowflake_dag.py
[2026-05-27T16:13:27.446+0000] {processor.py:830} INFO - Processing file /opt/airflow/dags/minio_to_snowflake_dag.py for tasks to queue
[2026-05-27T16:13:27.447+0000] {logging_mixin.py:188} INFO - [2026-05-27T16:13:27.447+0000] {dagbag.py:545} INFO - Filling up the DagBag from /opt/airflow/dags/minio_to_snowflake_dag.py
[2026-05-27T16:13:27.658+0000] {processor.py:840} INFO - DAG(s) 'minio_to_snowflake_banking' retrieved from /opt/airflow/dags/minio_to_snowflake_dag.py
[2026-05-27T16:13:27.666+0000] {logging_mixin.py:188} INFO - [2026-05-27T16:13:27.666+0000] {dag.py:3089} INFO - Sync 1 DAGs
[2026-05-27T16:13:27.672+0000] {logging_mixin.py:188} INFO - [2026-05-27T16:13:27.672+0000] {dag.py:3947} INFO - Setting next_dagrun for minio_to_snowflake_banking to 2026-05-27 16:12:00+00:00, run_after=2026-05-27 16:13:00+00:00
[2026-05-27T16:13:27.677+0000] {processor.py:183} INFO - Processing /opt/airflow/dags/minio_to_snowflake_dag.py took 0.237 seconds
[2026-05-27T16:13:57.793+0000] {processor.py:161} INFO - Started process (PID=1083) to work on /opt/airflow/dags/minio_to_snowflake_dag.py
[2026-05-27T16:13:57.794+0000] {processor.py:830} INFO - Processing file /opt/airflow/dags/minio_to_snowflake_dag.py for tasks to queue
[2026-05-27T16:13:57.794+0000] {logging_mixin.py:188} INFO - [2026-05-27T16:13:57.794+0000] {dagbag.py:545} INFO - Filling up the DagBag from /opt/airflow/dags/minio_to_snowflake_dag.py
[2026-05-27T16:13:57.999+0000] {processor.py:840} INFO - DAG(s) 'minio_to_snowflake_banking' retrieved from /opt/airflow/dags/minio_to_snowflake_dag.py
[2026-05-27T16:13:58.009+0000] {logging_mixin.py:188} INFO - [2026-05-27T16:13:58.009+0000] {dag.py:3089} INFO - Sync 1 DAGs
[2026-05-27T16:13:58.018+0000] {logging_mixin.py:188} INFO - [2026-05-27T16:13:58.018+0000] {dag.py:3947} INFO - Setting next_dagrun for minio_to_snowflake_banking to 2026-05-27 16:12:00+00:00, run_after=2026-05-27 16:13:00+00:00
[2026-05-27T16:13:58.023+0000] {processor.py:183} INFO - Processing /opt/airflow/dags/minio_to_snowflake_dag.py took 0.232 seconds
[2026-05-27T16:22:06.678+0000] {processor.py:161} INFO - Started process (PID=1087) to work on /opt/airflow/dags/minio_to_snowflake_dag.py
[2026-05-27T16:22:06.679+0000] {processor.py:830} INFO - Processing file /opt/airflow/dags/minio_to_snowflake_dag.py for tasks to queue
[2026-05-27T16:22:06.680+0000] {logging_mixin.py:188} INFO - [2026-05-27T16:22:06.680+0000] {dagbag.py:545} INFO - Filling up the DagBag from /opt/airflow/dags/minio_to_snowflake_dag.py
[2026-05-27T16:22:06.888+0000] {processor.py:840} INFO - DAG(s) 'minio_to_snowflake_banking' retrieved from /opt/airflow/dags/minio_to_snowflake_dag.py
[2026-05-27T16:22:06.896+0000] {logging_mixin.py:188} INFO - [2026-05-27T16:22:06.896+0000] {dag.py:3089} INFO - Sync 1 DAGs
[2026-05-27T16:22:06.902+0000] {logging_mixin.py:188} INFO - [2026-05-27T16:22:06.902+0000] {dag.py:3947} INFO - Setting next_dagrun for minio_to_snowflake_banking to 2026-05-27 16:21:00+00:00, run_after=2026-05-27 16:22:00+00:00
[2026-05-27T16:22:06.907+0000] {processor.py:183} INFO - Processing /opt/airflow/dags/minio_to_snowflake_dag.py took 0.231 seconds
[2026-05-27T16:39:43.793+0000] {processor.py:161} INFO - Started process (PID=1091) to work on /opt/airflow/dags/minio_to_snowflake_dag.py
[2026-05-27T16:39:43.794+0000] {processor.py:830} INFO - Processing file /opt/airflow/dags/minio_to_snowflake_dag.py for tasks to queue
[2026-05-27T16:39:43.795+0000] {logging_mixin.py:188} INFO - [2026-05-27T16:39:43.795+0000] {dagbag.py:545} INFO - Filling up the DagBag from /opt/airflow/dags/minio_to_snowflake_dag.py
[2026-05-27T16:39:44.046+0000] {processor.py:840} INFO - DAG(s) 'minio_to_snowflake_banking' retrieved from /opt/airflow/dags/minio_to_snowflake_dag.py
[2026-05-27T16:39:44.055+0000] {logging_mixin.py:188} INFO - [2026-05-27T16:39:44.055+0000] {dag.py:3089} INFO - Sync 1 DAGs
[2026-05-27T16:39:44.063+0000] {logging_mixin.py:188} INFO - [2026-05-27T16:39:44.063+0000] {dag.py:3947} INFO - Setting next_dagrun for minio_to_snowflake_banking to 2026-05-27 16:38:00+00:00, run_after=2026-05-27 16:39:00+00:00
[2026-05-27T16:39:44.069+0000] {processor.py:183} INFO - Processing /opt/airflow/dags/minio_to_snowflake_dag.py took 0.279 seconds
[2026-05-27T16:40:14.177+0000] {processor.py:161} INFO - Started process (PID=1095) to work on /opt/airflow/dags/minio_to_snowflake_dag.py
[2026-05-27T16:40:14.179+0000] {processor.py:830} INFO - Processing file /opt/airflow/dags/minio_to_snowflake_dag.py for tasks to queue
[2026-05-27T16:40:14.180+0000] {logging_mixin.py:188} INFO - [2026-05-27T16:40:14.180+0000] {dagbag.py:545} INFO - Filling up the DagBag from /opt/airflow/dags/minio_to_snowflake_dag.py
[2026-05-27T16:40:14.412+0000] {processor.py:840} INFO - DAG(s) 'minio_to_snowflake_banking' retrieved from /opt/airflow/dags/minio_to_snowflake_dag.py
[2026-05-27T16:40:14.419+0000] {logging_mixin.py:188} INFO - [2026-05-27T16:40:14.419+0000] {dag.py:3089} INFO - Sync 1 DAGs
[2026-05-27T16:40:14.425+0000] {logging_mixin.py:188} INFO - [2026-05-27T16:40:14.425+0000] {dag.py:3947} INFO - Setting next_dagrun for minio_to_snowflake_banking to 2026-05-27 16:39:00+00:00, run_after=2026-05-27 16:40:00+00:00
[2026-05-27T16:40:14.430+0000] {processor.py:183} INFO - Processing /opt/airflow/dags/minio_to_snowflake_dag.py took 0.259 seconds
[2026-05-27T16:56:55.341+0000] {processor.py:161} INFO - Started process (PID=1099) to work on /opt/airflow/dags/minio_to_snowflake_dag.py
[2026-05-27T16:56:55.342+0000] {processor.py:830} INFO - Processing file /opt/airflow/dags/minio_to_snowflake_dag.py for tasks to queue
[2026-05-27T16:56:55.342+0000] {logging_mixin.py:188} INFO - [2026-05-27T16:56:55.342+0000] {dagbag.py:545} INFO - Filling up the DagBag from /opt/airflow/dags/minio_to_snowflake_dag.py
[2026-05-27T16:56:55.585+0000] {processor.py:840} INFO - DAG(s) 'minio_to_snowflake_banking' retrieved from /opt/airflow/dags/minio_to_snowflake_dag.py
[2026-05-27T16:56:55.593+0000] {logging_mixin.py:188} INFO - [2026-05-27T16:56:55.593+0000] {dag.py:3089} INFO - Sync 1 DAGs
[2026-05-27T16:56:55.599+0000] {logging_mixin.py:188} INFO - [2026-05-27T16:56:55.599+0000] {dag.py:3947} INFO - Setting next_dagrun for minio_to_snowflake_banking to 2026-05-27 16:55:00+00:00, run_after=2026-05-27 16:56:00+00:00
[2026-05-27T16:56:55.605+0000] {processor.py:183} INFO - Processing /opt/airflow/dags/minio_to_snowflake_dag.py took 0.267 seconds
[2026-05-27T16:57:25.643+0000] {processor.py:161} INFO - Started process (PID=1103) to work on /opt/airflow/dags/minio_to_snowflake_dag.py
[2026-05-27T16:57:25.644+0000] {processor.py:830} INFO - Processing file /opt/airflow/dags/minio_to_snowflake_dag.py for tasks to queue
[2026-05-27T16:57:25.646+0000] {logging_mixin.py:188} INFO - [2026-05-27T16:57:25.646+0000] {dagbag.py:545} INFO - Filling up the DagBag from /opt/airflow/dags/minio_to_snowflake_dag.py
[2026-05-27T16:57:25.878+0000] {processor.py:840} INFO - DAG(s) 'minio_to_snowflake_banking' retrieved from /opt/airflow/dags/minio_to_snowflake_dag.py
[2026-05-27T16:57:25.889+0000] {logging_mixin.py:188} INFO - [2026-05-27T16:57:25.888+0000] {dag.py:3089} INFO - Sync 1 DAGs
[2026-05-27T16:57:25.897+0000] {logging_mixin.py:188} INFO - [2026-05-27T16:57:25.897+0000] {dag.py:3947} INFO - Setting next_dagrun for minio_to_snowflake_banking to 2026-05-27 16:56:00+00:00, run_after=2026-05-27 16:57:00+00:00
[2026-05-27T16:57:25.903+0000] {processor.py:183} INFO - Processing /opt/airflow/dags/minio_to_snowflake_dag.py took 0.265 seconds
[2026-05-27T17:13:13.616+0000] {processor.py:161} INFO - Started process (PID=1107) to work on /opt/airflow/dags/minio_to_snowflake_dag.py
[2026-05-27T17:13:13.616+0000] {processor.py:830} INFO - Processing file /opt/airflow/dags/minio_to_snowflake_dag.py for tasks to queue
[2026-05-27T17:13:13.617+0000] {logging_mixin.py:188} INFO - [2026-05-27T17:13:13.617+0000] {dagbag.py:545} INFO - Filling up the DagBag from /opt/airflow/dags/minio_to_snowflake_dag.py
[2026-05-27T17:13:13.830+0000] {processor.py:840} INFO - DAG(s) 'minio_to_snowflake_banking' retrieved from /opt/airflow/dags/minio_to_snowflake_dag.py
[2026-05-27T17:13:13.838+0000] {logging_mixin.py:188} INFO - [2026-05-27T17:13:13.838+0000] {dag.py:3089} INFO - Sync 1 DAGs
[2026-05-27T17:13:13.845+0000] {logging_mixin.py:188} INFO - [2026-05-27T17:13:13.845+0000] {dag.py:3947} INFO - Setting next_dagrun for minio_to_snowflake_banking to 2026-05-27 17:12:00+00:00, run_after=2026-05-27 17:13:00+00:00
[2026-05-27T17:13:13.850+0000] {processor.py:183} INFO - Processing /opt/airflow/dags/minio_to_snowflake_dag.py took 0.237 seconds
[2026-05-27T17:13:43.882+0000] {processor.py:161} INFO - Started process (PID=1111) to work on /opt/airflow/dags/minio_to_snowflake_dag.py
[2026-05-27T17:13:43.883+0000] {processor.py:830} INFO - Processing file /opt/airflow/dags/minio_to_snowflake_dag.py for tasks to queue
[2026-05-27T17:13:43.884+0000] {logging_mixin.py:188} INFO - [2026-05-27T17:13:43.884+0000] {dagbag.py:545} INFO - Filling up the DagBag from /opt/airflow/dags/minio_to_snowflake_dag.py
[2026-05-27T17:13:44.163+0000] {processor.py:840} INFO - DAG(s) 'minio_to_snowflake_banking' retrieved from /opt/airflow/dags/minio_to_snowflake_dag.py
[2026-05-27T17:13:44.174+0000] {logging_mixin.py:188} INFO - [2026-05-27T17:13:44.173+0000] {dag.py:3089} INFO - Sync 1 DAGs
[2026-05-27T17:13:44.183+0000] {logging_mixin.py:188} INFO - [2026-05-27T17:13:44.183+0000] {dag.py:3947} INFO - Setting next_dagrun for minio_to_snowflake_banking to 2026-05-27 17:12:00+00:00, run_after=2026-05-27 17:13:00+00:00
[2026-05-27T17:13:44.191+0000] {processor.py:183} INFO - Processing /opt/airflow/dags/minio_to_snowflake_dag.py took 0.312 seconds
[2026-05-27T17:23:05.610+0000] {processor.py:161} INFO - Started process (PID=1115) to work on /opt/airflow/dags/minio_to_snowflake_dag.py
[2026-05-27T17:23:05.611+0000] {processor.py:830} INFO - Processing file /opt/airflow/dags/minio_to_snowflake_dag.py for tasks to queue
[2026-05-27T17:23:05.612+0000] {logging_mixin.py:188} INFO - [2026-05-27T17:23:05.611+0000] {dagbag.py:545} INFO - Filling up the DagBag from /opt/airflow/dags/minio_to_snowflake_dag.py
[2026-05-27T17:23:05.824+0000] {processor.py:840} INFO - DAG(s) 'minio_to_snowflake_banking' retrieved from /opt/airflow/dags/minio_to_snowflake_dag.py
[2026-05-27T17:23:05.832+0000] {logging_mixin.py:188} INFO - [2026-05-27T17:23:05.832+0000] {dag.py:3089} INFO - Sync 1 DAGs
[2026-05-27T17:23:05.839+0000] {logging_mixin.py:188} INFO - [2026-05-27T17:23:05.839+0000] {dag.py:3947} INFO - Setting next_dagrun for minio_to_snowflake_banking to 2026-05-27 17:22:00+00:00, run_after=2026-05-27 17:23:00+00:00
[2026-05-27T17:23:05.844+0000] {processor.py:183} INFO - Processing /opt/airflow/dags/minio_to_snowflake_dag.py took 0.237 seconds
[2026-05-27T18:59:54.559+0000] {processor.py:161} INFO - Started process (PID=30) to work on /opt/airflow/dags/minio_to_snowflake_dag.py
[2026-05-27T18:59:54.563+0000] {processor.py:830} INFO - Processing file /opt/airflow/dags/minio_to_snowflake_dag.py for tasks to queue
[2026-05-27T18:59:54.564+0000] {logging_mixin.py:188} INFO - [2026-05-27T18:59:54.564+0000] {dagbag.py:545} INFO - Filling up the DagBag from /opt/airflow/dags/minio_to_snowflake_dag.py
[2026-05-27T18:59:55.080+0000] {processor.py:840} INFO - DAG(s) 'minio_to_snowflake_banking' retrieved from /opt/airflow/dags/minio_to_snowflake_dag.py
[2026-05-27T18:59:55.098+0000] {logging_mixin.py:188} INFO - [2026-05-27T18:59:55.097+0000] {dag.py:3089} INFO - Sync 1 DAGs
[2026-05-27T18:59:55.108+0000] {logging_mixin.py:188} INFO - [2026-05-27T18:59:55.108+0000] {dag.py:3947} INFO - Setting next_dagrun for minio_to_snowflake_banking to 2026-05-27 18:58:00+00:00, run_after=2026-05-27 18:59:00+00:00
[2026-05-27T18:59:55.116+0000] {processor.py:183} INFO - Processing /opt/airflow/dags/minio_to_snowflake_dag.py took 0.560 seconds
[2026-05-27T19:00:25.345+0000] {processor.py:161} INFO - Started process (PID=35) to work on /opt/airflow/dags/minio_to_snowflake_dag.py
[2026-05-27T19:00:25.346+0000] {processor.py:830} INFO - Processing file /opt/airflow/dags/minio_to_snowflake_dag.py for tasks to queue
[2026-05-27T19:00:25.348+0000] {logging_mixin.py:188} INFO - [2026-05-27T19:00:25.347+0000] {dagbag.py:545} INFO - Filling up the DagBag from /opt/airflow/dags/minio_to_snowflake_dag.py
[2026-05-27T19:00:25.647+0000] {processor.py:840} INFO - DAG(s) 'minio_to_snowflake_banking' retrieved from /opt/airflow/dags/minio_to_snowflake_dag.py
[2026-05-27T19:00:25.657+0000] {logging_mixin.py:188} INFO - [2026-05-27T19:00:25.656+0000] {dag.py:3089} INFO - Sync 1 DAGs
[2026-05-27T19:00:25.664+0000] {logging_mixin.py:188} INFO - [2026-05-27T19:00:25.664+0000] {dag.py:3947} INFO - Setting next_dagrun for minio_to_snowflake_banking to 2026-05-27 18:59:00+00:00, run_after=2026-05-27 19:00:00+00:00
[2026-05-27T19:00:25.669+0000] {processor.py:183} INFO - Processing /opt/airflow/dags/minio_to_snowflake_dag.py took 0.332 seconds
[2026-05-27T19:00:55.876+0000] {processor.py:161} INFO - Started process (PID=57) to work on /opt/airflow/dags/minio_to_snowflake_dag.py
[2026-05-27T19:00:55.877+0000] {processor.py:830} INFO - Processing file /opt/airflow/dags/minio_to_snowflake_dag.py for tasks to queue
[2026-05-27T19:00:55.877+0000] {logging_mixin.py:188} INFO - [2026-05-27T19:00:55.877+0000] {dagbag.py:545} INFO - Filling up the DagBag from /opt/airflow/dags/minio_to_snowflake_dag.py
[2026-05-27T19:00:56.128+0000] {processor.py:840} INFO - DAG(s) 'minio_to_snowflake_banking' retrieved from /opt/airflow/dags/minio_to_snowflake_dag.py
[2026-05-27T19:00:56.139+0000] {logging_mixin.py:188} INFO - [2026-05-27T19:00:56.139+0000] {dag.py:3089} INFO - Sync 1 DAGs
[2026-05-27T19:00:56.147+0000] {logging_mixin.py:188} INFO - [2026-05-27T19:00:56.147+0000] {dag.py:3947} INFO - Setting next_dagrun for minio_to_snowflake_banking to 2026-05-27 19:00:00+00:00, run_after=2026-05-27 19:01:00+00:00
[2026-05-27T19:00:56.155+0000] {processor.py:183} INFO - Processing /opt/airflow/dags/minio_to_snowflake_dag.py took 0.282 seconds
[2026-05-27T19:01:26.426+0000] {processor.py:161} INFO - Started process (PID=79) to work on /opt/airflow/dags/minio_to_snowflake_dag.py
[2026-05-27T19:01:26.428+0000] {processor.py:830} INFO - Processing file /opt/airflow/dags/minio_to_snowflake_dag.py for tasks to queue
[2026-05-27T19:01:26.429+0000] {logging_mixin.py:188} INFO - [2026-05-27T19:01:26.429+0000] {dagbag.py:545} INFO - Filling up the DagBag from /opt/airflow/dags/minio_to_snowflake_dag.py
[2026-05-27T19:01:26.661+0000] {processor.py:840} INFO - DAG(s) 'minio_to_snowflake_banking' retrieved from /opt/airflow/dags/minio_to_snowflake_dag.py
[2026-05-27T19:01:26.668+0000] {logging_mixin.py:188} INFO - [2026-05-27T19:01:26.668+0000] {dag.py:3089} INFO - Sync 1 DAGs
[2026-05-27T19:01:26.675+0000] {logging_mixin.py:188} INFO - [2026-05-27T19:01:26.675+0000] {dag.py:3947} INFO - Setting next_dagrun for minio_to_snowflake_banking to 2026-05-27 19:01:00+00:00, run_after=2026-05-27 19:02:00+00:00
[2026-05-27T19:01:26.680+0000] {processor.py:183} INFO - Processing /opt/airflow/dags/minio_to_snowflake_dag.py took 0.258 seconds
[2026-05-27T19:01:56.730+0000] {processor.py:161} INFO - Started process (PID=83) to work on /opt/airflow/dags/minio_to_snowflake_dag.py
[2026-05-27T19:01:56.732+0000] {processor.py:830} INFO - Processing file /opt/airflow/dags/minio_to_snowflake_dag.py for tasks to queue
[2026-05-27T19:01:56.733+0000] {logging_mixin.py:188} INFO - [2026-05-27T19:01:56.733+0000] {dagbag.py:545} INFO - Filling up the DagBag from /opt/airflow/dags/minio_to_snowflake_dag.py
[2026-05-27T19:01:56.962+0000] {processor.py:840} INFO - DAG(s) 'minio_to_snowflake_banking' retrieved from /opt/airflow/dags/minio_to_snowflake_dag.py
[2026-05-27T19:01:56.970+0000] {logging_mixin.py:188} INFO - [2026-05-27T19:01:56.970+0000] {dag.py:3089} INFO - Sync 1 DAGs
[2026-05-27T19:01:56.976+0000] {logging_mixin.py:188} INFO - [2026-05-27T19:01:56.976+0000] {dag.py:3947} INFO - Setting next_dagrun for minio_to_snowflake_banking to 2026-05-27 19:01:00+00:00, run_after=2026-05-27 19:02:00+00:00
[2026-05-27T19:01:56.982+0000] {processor.py:183} INFO - Processing /opt/airflow/dags/minio_to_snowflake_dag.py took 0.257 seconds
[2026-05-27T19:02:27.241+0000] {processor.py:161} INFO - Started process (PID=124) to work on /opt/airflow/dags/minio_to_snowflake_dag.py
[2026-05-27T19:02:27.242+0000] {processor.py:830} INFO - Processing file /opt/airflow/dags/minio_to_snowflake_dag.py for tasks to queue
[2026-05-27T19:02:27.243+0000] {logging_mixin.py:188} INFO - [2026-05-27T19:02:27.243+0000] {dagbag.py:545} INFO - Filling up the DagBag from /opt/airflow/dags/minio_to_snowflake_dag.py
[2026-05-27T19:02:27.462+0000] {processor.py:840} INFO - DAG(s) 'minio_to_snowflake_banking' retrieved from /opt/airflow/dags/minio_to_snowflake_dag.py
[2026-05-27T19:02:27.470+0000] {logging_mixin.py:188} INFO - [2026-05-27T19:02:27.470+0000] {dag.py:3089} INFO - Sync 1 DAGs
[2026-05-27T19:02:27.477+0000] {logging_mixin.py:188} INFO - [2026-05-27T19:02:27.477+0000] {dag.py:3947} INFO - Setting next_dagrun for minio_to_snowflake_banking to 2026-05-27 19:02:00+00:00, run_after=2026-05-27 19:03:00+00:00
[2026-05-27T19:02:27.483+0000] {processor.py:183} INFO - Processing /opt/airflow/dags/minio_to_snowflake_dag.py took 0.243 seconds
[2026-05-27T19:02:57.518+0000] {processor.py:161} INFO - Started process (PID=145) to work on /opt/airflow/dags/minio_to_snowflake_dag.py
[2026-05-27T19:02:57.520+0000] {processor.py:830} INFO - Processing file /opt/airflow/dags/minio_to_snowflake_dag.py for tasks to queue
[2026-05-27T19:02:57.521+0000] {logging_mixin.py:188} INFO - [2026-05-27T19:02:57.520+0000] {dagbag.py:545} INFO - Filling up the DagBag from /opt/airflow/dags/minio_to_snowflake_dag.py
[2026-05-27T19:02:57.777+0000] {processor.py:840} INFO - DAG(s) 'minio_to_snowflake_banking' retrieved from /opt/airflow/dags/minio_to_snowflake_dag.py
[2026-05-27T19:02:57.786+0000] {logging_mixin.py:188} INFO - [2026-05-27T19:02:57.786+0000] {dag.py:3089} INFO - Sync 1 DAGs
[2026-05-27T19:02:57.793+0000] {logging_mixin.py:188} INFO - [2026-05-27T19:02:57.793+0000] {dag.py:3947} INFO - Setting next_dagrun for minio_to_snowflake_banking to 2026-05-27 19:02:00+00:00, run_after=2026-05-27 19:03:00+00:00
[2026-05-27T19:02:57.798+0000] {processor.py:183} INFO - Processing /opt/airflow/dags/minio_to_snowflake_dag.py took 0.284 seconds
[2026-05-27T19:03:27.975+0000] {processor.py:161} INFO - Started process (PID=185) to work on /opt/airflow/dags/minio_to_snowflake_dag.py
[2026-05-27T19:03:27.977+0000] {processor.py:830} INFO - Processing file /opt/airflow/dags/minio_to_snowflake_dag.py for tasks to queue
[2026-05-27T19:03:27.978+0000] {logging_mixin.py:188} INFO - [2026-05-27T19:03:27.977+0000] {dagbag.py:545} INFO - Filling up the DagBag from /opt/airflow/dags/minio_to_snowflake_dag.py
[2026-05-27T19:03:28.229+0000] {processor.py:840} INFO - DAG(s) 'minio_to_snowflake_banking' retrieved from /opt/airflow/dags/minio_to_snowflake_dag.py
[2026-05-27T19:03:28.236+0000] {logging_mixin.py:188} INFO - [2026-05-27T19:03:28.236+0000] {dag.py:3089} INFO - Sync 1 DAGs
[2026-05-27T19:03:28.243+0000] {logging_mixin.py:188} INFO - [2026-05-27T19:03:28.243+0000] {dag.py:3947} INFO - Setting next_dagrun for minio_to_snowflake_banking to 2026-05-27 19:03:00+00:00, run_after=2026-05-27 19:04:00+00:00
[2026-05-27T19:03:28.248+0000] {processor.py:183} INFO - Processing /opt/airflow/dags/minio_to_snowflake_dag.py took 0.276 seconds
[2026-05-27T19:03:58.276+0000] {processor.py:161} INFO - Started process (PID=189) to work on /opt/airflow/dags/minio_to_snowflake_dag.py
[2026-05-27T19:03:58.277+0000] {processor.py:830} INFO - Processing file /opt/airflow/dags/minio_to_snowflake_dag.py for tasks to queue
[2026-05-27T19:03:58.278+0000] {logging_mixin.py:188} INFO - [2026-05-27T19:03:58.278+0000] {dagbag.py:545} INFO - Filling up the DagBag from /opt/airflow/dags/minio_to_snowflake_dag.py
[2026-05-27T19:03:58.517+0000] {processor.py:840} INFO - DAG(s) 'minio_to_snowflake_banking' retrieved from /opt/airflow/dags/minio_to_snowflake_dag.py
[2026-05-27T19:03:58.524+0000] {logging_mixin.py:188} INFO - [2026-05-27T19:03:58.524+0000] {dag.py:3089} INFO - Sync 1 DAGs
[2026-05-27T19:03:58.530+0000] {logging_mixin.py:188} INFO - [2026-05-27T19:03:58.530+0000] {dag.py:3947} INFO - Setting next_dagrun for minio_to_snowflake_banking to 2026-05-27 19:03:00+00:00, run_after=2026-05-27 19:04:00+00:00
[2026-05-27T19:03:58.536+0000] {processor.py:183} INFO - Processing /opt/airflow/dags/minio_to_snowflake_dag.py took 0.265 seconds
[2026-05-27T19:04:28.790+0000] {processor.py:161} INFO - Started process (PID=289) to work on /opt/airflow/dags/minio_to_snowflake_dag.py
[2026-05-27T19:04:28.791+0000] {processor.py:830} INFO - Processing file /opt/airflow/dags/minio_to_snowflake_dag.py for tasks to queue
[2026-05-27T19:04:28.793+0000] {logging_mixin.py:188} INFO - [2026-05-27T19:04:28.792+0000] {dagbag.py:545} INFO - Filling up the DagBag from /opt/airflow/dags/minio_to_snowflake_dag.py
[2026-05-27T19:04:29.020+0000] {processor.py:840} INFO - DAG(s) 'minio_to_snowflake_banking' retrieved from /opt/airflow/dags/minio_to_snowflake_dag.py
[2026-05-27T19:04:29.028+0000] {logging_mixin.py:188} INFO - [2026-05-27T19:04:29.028+0000] {dag.py:3089} INFO - Sync 1 DAGs
[2026-05-27T19:04:29.035+0000] {logging_mixin.py:188} INFO - [2026-05-27T19:04:29.035+0000] {dag.py:3947} INFO - Setting next_dagrun for minio_to_snowflake_banking to 2026-05-27 19:04:00+00:00, run_after=2026-05-27 19:05:00+00:00
[2026-05-27T19:04:29.040+0000] {processor.py:183} INFO - Processing /opt/airflow/dags/minio_to_snowflake_dag.py took 0.254 seconds
[2026-05-27T19:04:59.057+0000] {processor.py:161} INFO - Started process (PID=293) to work on /opt/airflow/dags/minio_to_snowflake_dag.py
[2026-05-27T19:04:59.058+0000] {processor.py:830} INFO - Processing file /opt/airflow/dags/minio_to_snowflake_dag.py for tasks to queue
[2026-05-27T19:04:59.059+0000] {logging_mixin.py:188} INFO - [2026-05-27T19:04:59.059+0000] {dagbag.py:545} INFO - Filling up the DagBag from /opt/airflow/dags/minio_to_snowflake_dag.py
[2026-05-27T19:04:59.283+0000] {processor.py:840} INFO - DAG(s) 'minio_to_snowflake_banking' retrieved from /opt/airflow/dags/minio_to_snowflake_dag.py
[2026-05-27T19:04:59.291+0000] {logging_mixin.py:188} INFO - [2026-05-27T19:04:59.291+0000] {dag.py:3089} INFO - Sync 1 DAGs
[2026-05-27T19:04:59.297+0000] {logging_mixin.py:188} INFO - [2026-05-27T19:04:59.297+0000] {dag.py:3947} INFO - Setting next_dagrun for minio_to_snowflake_banking to 2026-05-27 19:04:00+00:00, run_after=2026-05-27 19:05:00+00:00
[2026-05-27T19:04:59.302+0000] {processor.py:183} INFO - Processing /opt/airflow/dags/minio_to_snowflake_dag.py took 0.248 seconds
[2026-05-27T19:05:29.593+0000] {processor.py:161} INFO - Started process (PID=381) to work on /opt/airflow/dags/minio_to_snowflake_dag.py
[2026-05-27T19:05:29.594+0000] {processor.py:830} INFO - Processing file /opt/airflow/dags/minio_to_snowflake_dag.py for tasks to queue
[2026-05-27T19:05:29.596+0000] {logging_mixin.py:188} INFO - [2026-05-27T19:05:29.595+0000] {dagbag.py:545} INFO - Filling up the DagBag from /opt/airflow/dags/minio_to_snowflake_dag.py
[2026-05-27T19:05:29.844+0000] {processor.py:840} INFO - DAG(s) 'minio_to_snowflake_banking' retrieved from /opt/airflow/dags/minio_to_snowflake_dag.py
[2026-05-27T19:05:29.852+0000] {logging_mixin.py:188} INFO - [2026-05-27T19:05:29.852+0000] {dag.py:3089} INFO - Sync 1 DAGs
[2026-05-27T19:05:29.858+0000] {logging_mixin.py:188} INFO - [2026-05-27T19:05:29.858+0000] {dag.py:3947} INFO - Setting next_dagrun for minio_to_snowflake_banking to 2026-05-27 19:05:00+00:00, run_after=2026-05-27 19:06:00+00:00
[2026-05-27T19:05:29.863+0000] {processor.py:183} INFO - Processing /opt/airflow/dags/minio_to_snowflake_dag.py took 0.273 seconds
[2026-05-27T19:06:00.196+0000] {processor.py:161} INFO - Started process (PID=385) to work on /opt/airflow/dags/minio_to_snowflake_dag.py
[2026-05-27T19:06:00.197+0000] {processor.py:830} INFO - Processing file /opt/airflow/dags/minio_to_snowflake_dag.py for tasks to queue
[2026-05-27T19:06:00.199+0000] {logging_mixin.py:188} INFO - [2026-05-27T19:06:00.198+0000] {dagbag.py:545} INFO - Filling up the DagBag from /opt/airflow/dags/minio_to_snowflake_dag.py
[2026-05-27T19:06:00.427+0000] {processor.py:840} INFO - DAG(s) 'minio_to_snowflake_banking' retrieved from /opt/airflow/dags/minio_to_snowflake_dag.py
[2026-05-27T19:06:00.435+0000] {logging_mixin.py:188} INFO - [2026-05-27T19:06:00.435+0000] {dag.py:3089} INFO - Sync 1 DAGs
[2026-05-27T19:06:00.441+0000] {logging_mixin.py:188} INFO - [2026-05-27T19:06:00.441+0000] {dag.py:3947} INFO - Setting next_dagrun for minio_to_snowflake_banking to 2026-05-27 19:05:00+00:00, run_after=2026-05-27 19:06:00+00:00
[2026-05-27T19:06:00.447+0000] {processor.py:183} INFO - Processing /opt/airflow/dags/minio_to_snowflake_dag.py took 0.254 seconds
[2026-05-27T19:06:30.709+0000] {processor.py:161} INFO - Started process (PID=455) to work on /opt/airflow/dags/minio_to_snowflake_dag.py
[2026-05-27T19:06:30.711+0000] {processor.py:830} INFO - Processing file /opt/airflow/dags/minio_to_snowflake_dag.py for tasks to queue
[2026-05-27T19:06:30.712+0000] {logging_mixin.py:188} INFO - [2026-05-27T19:06:30.712+0000] {dagbag.py:545} INFO - Filling up the DagBag from /opt/airflow/dags/minio_to_snowflake_dag.py
[2026-05-27T19:06:30.961+0000] {processor.py:840} INFO - DAG(s) 'minio_to_snowflake_banking' retrieved from /opt/airflow/dags/minio_to_snowflake_dag.py
[2026-05-27T19:06:30.970+0000] {logging_mixin.py:188} INFO - [2026-05-27T19:06:30.970+0000] {dag.py:3089} INFO - Sync 1 DAGs
[2026-05-27T19:06:30.978+0000] {logging_mixin.py:188} INFO - [2026-05-27T19:06:30.977+0000] {dag.py:3947} INFO - Setting next_dagrun for minio_to_snowflake_banking to 2026-05-27 19:06:00+00:00, run_after=2026-05-27 19:07:00+00:00
[2026-05-27T19:06:30.983+0000] {processor.py:183} INFO - Processing /opt/airflow/dags/minio_to_snowflake_dag.py took 0.277 seconds
[2026-05-27T19:07:01.251+0000] {processor.py:161} INFO - Started process (PID=460) to work on /opt/airflow/dags/minio_to_snowflake_dag.py
[2026-05-27T19:07:01.251+0000] {processor.py:830} INFO - Processing file /opt/airflow/dags/minio_to_snowflake_dag.py for tasks to queue
[2026-05-27T19:07:01.252+0000] {logging_mixin.py:188} INFO - [2026-05-27T19:07:01.252+0000] {dagbag.py:545} INFO - Filling up the DagBag from /opt/airflow/dags/minio_to_snowflake_dag.py
[2026-05-27T19:07:01.475+0000] {processor.py:840} INFO - DAG(s) 'minio_to_snowflake_banking' retrieved from /opt/airflow/dags/minio_to_snowflake_dag.py
[2026-05-27T19:07:01.483+0000] {logging_mixin.py:188} INFO - [2026-05-27T19:07:01.483+0000] {dag.py:3089} INFO - Sync 1 DAGs
[2026-05-27T19:07:01.490+0000] {logging_mixin.py:188} INFO - [2026-05-27T19:07:01.490+0000] {dag.py:3947} INFO - Setting next_dagrun for minio_to_snowflake_banking to 2026-05-27 19:07:00+00:00, run_after=2026-05-27 19:08:00+00:00
[2026-05-27T19:07:01.495+0000] {processor.py:183} INFO - Processing /opt/airflow/dags/minio_to_snowflake_dag.py took 0.247 seconds
[2026-05-27T19:07:31.766+0000] {processor.py:161} INFO - Started process (PID=559) to work on /opt/airflow/dags/minio_to_snowflake_dag.py
[2026-05-27T19:07:31.768+0000] {processor.py:830} INFO - Processing file /opt/airflow/dags/minio_to_snowflake_dag.py for tasks to queue
[2026-05-27T19:07:31.770+0000] {logging_mixin.py:188} INFO - [2026-05-27T19:07:31.769+0000] {dagbag.py:545} INFO - Filling up the DagBag from /opt/airflow/dags/minio_to_snowflake_dag.py
[2026-05-27T19:07:32.001+0000] {processor.py:840} INFO - DAG(s) 'minio_to_snowflake_banking' retrieved from /opt/airflow/dags/minio_to_snowflake_dag.py
[2026-05-27T19:07:32.009+0000] {logging_mixin.py:188} INFO - [2026-05-27T19:07:32.009+0000] {dag.py:3089} INFO - Sync 1 DAGs
[2026-05-27T19:07:32.015+0000] {logging_mixin.py:188} INFO - [2026-05-27T19:07:32.015+0000] {dag.py:3947} INFO - Setting next_dagrun for minio_to_snowflake_banking to 2026-05-27 19:07:00+00:00, run_after=2026-05-27 19:08:00+00:00
[2026-05-27T19:07:32.020+0000] {processor.py:183} INFO - Processing /opt/airflow/dags/minio_to_snowflake_dag.py took 0.259 seconds
[2026-05-27T19:08:02.259+0000] {processor.py:161} INFO - Started process (PID=594) to work on /opt/airflow/dags/minio_to_snowflake_dag.py
[2026-05-27T19:08:02.260+0000] {processor.py:830} INFO - Processing file /opt/airflow/dags/minio_to_snowflake_dag.py for tasks to queue
[2026-05-27T19:08:02.261+0000] {logging_mixin.py:188} INFO - [2026-05-27T19:08:02.261+0000] {dagbag.py:545} INFO - Filling up the DagBag from /opt/airflow/dags/minio_to_snowflake_dag.py
[2026-05-27T19:08:02.476+0000] {processor.py:840} INFO - DAG(s) 'minio_to_snowflake_banking' retrieved from /opt/airflow/dags/minio_to_snowflake_dag.py
[2026-05-27T19:08:02.484+0000] {logging_mixin.py:188} INFO - [2026-05-27T19:08:02.484+0000] {dag.py:3089} INFO - Sync 1 DAGs
[2026-05-27T19:08:02.491+0000] {logging_mixin.py:188} INFO - [2026-05-27T19:08:02.491+0000] {dag.py:3947} INFO - Setting next_dagrun for minio_to_snowflake_banking to 2026-05-27 19:08:00+00:00, run_after=2026-05-27 19:09:00+00:00
[2026-05-27T19:08:02.496+0000] {processor.py:183} INFO - Processing /opt/airflow/dags/minio_to_snowflake_dag.py took 0.239 seconds
[2026-05-27T19:08:32.787+0000] {processor.py:161} INFO - Started process (PID=627) to work on /opt/airflow/dags/minio_to_snowflake_dag.py
[2026-05-27T19:08:32.788+0000] {processor.py:830} INFO - Processing file /opt/airflow/dags/minio_to_snowflake_dag.py for tasks to queue
[2026-05-27T19:08:32.790+0000] {logging_mixin.py:188} INFO - [2026-05-27T19:08:32.789+0000] {dagbag.py:545} INFO - Filling up the DagBag from /opt/airflow/dags/minio_to_snowflake_dag.py
[2026-05-27T19:08:33.018+0000] {processor.py:840} INFO - DAG(s) 'minio_to_snowflake_banking' retrieved from /opt/airflow/dags/minio_to_snowflake_dag.py
[2026-05-27T19:08:33.026+0000] {logging_mixin.py:188} INFO - [2026-05-27T19:08:33.026+0000] {dag.py:3089} INFO - Sync 1 DAGs
[2026-05-27T19:08:33.032+0000] {logging_mixin.py:188} INFO - [2026-05-27T19:08:33.032+0000] {dag.py:3947} INFO - Setting next_dagrun for minio_to_snowflake_banking to 2026-05-27 19:08:00+00:00, run_after=2026-05-27 19:09:00+00:00
[2026-05-27T19:08:33.037+0000] {processor.py:183} INFO - Processing /opt/airflow/dags/minio_to_snowflake_dag.py took 0.256 seconds
[2026-05-27T19:09:03.050+0000] {processor.py:161} INFO - Started process (PID=662) to work on /opt/airflow/dags/minio_to_snowflake_dag.py
[2026-05-27T19:09:03.051+0000] {processor.py:830} INFO - Processing file /opt/airflow/dags/minio_to_snowflake_dag.py for tasks to queue
[2026-05-27T19:09:03.051+0000] {logging_mixin.py:188} INFO - [2026-05-27T19:09:03.051+0000] {dagbag.py:545} INFO - Filling up the DagBag from /opt/airflow/dags/minio_to_snowflake_dag.py
[2026-05-27T19:09:03.319+0000] {processor.py:840} INFO - DAG(s) 'minio_to_snowflake_banking' retrieved from /opt/airflow/dags/minio_to_snowflake_dag.py
[2026-05-27T19:09:03.334+0000] {logging_mixin.py:188} INFO - [2026-05-27T19:09:03.334+0000] {dag.py:3089} INFO - Sync 1 DAGs
[2026-05-27T19:09:03.341+0000] {logging_mixin.py:188} INFO - [2026-05-27T19:09:03.341+0000] {dag.py:3947} INFO - Setting next_dagrun for minio_to_snowflake_banking to 2026-05-27 19:09:00+00:00, run_after=2026-05-27 19:10:00+00:00
[2026-05-27T19:09:03.347+0000] {processor.py:183} INFO - Processing /opt/airflow/dags/minio_to_snowflake_dag.py took 0.299 seconds
[2026-05-27T19:09:33.591+0000] {processor.py:161} INFO - Started process (PID=695) to work on /opt/airflow/dags/minio_to_snowflake_dag.py
[2026-05-27T19:09:33.593+0000] {processor.py:830} INFO - Processing file /opt/airflow/dags/minio_to_snowflake_dag.py for tasks to queue
[2026-05-27T19:09:33.595+0000] {logging_mixin.py:188} INFO - [2026-05-27T19:09:33.595+0000] {dagbag.py:545} INFO - Filling up the DagBag from /opt/airflow/dags/minio_to_snowflake_dag.py
[2026-05-27T19:09:33.837+0000] {processor.py:840} INFO - DAG(s) 'minio_to_snowflake_banking' retrieved from /opt/airflow/dags/minio_to_snowflake_dag.py
[2026-05-27T19:09:33.846+0000] {logging_mixin.py:188} INFO - [2026-05-27T19:09:33.846+0000] {dag.py:3089} INFO - Sync 1 DAGs
[2026-05-27T19:09:33.852+0000] {logging_mixin.py:188} INFO - [2026-05-27T19:09:33.852+0000] {dag.py:3947} INFO - Setting next_dagrun for minio_to_snowflake_banking to 2026-05-27 19:09:00+00:00, run_after=2026-05-27 19:10:00+00:00
[2026-05-27T19:09:33.857+0000] {processor.py:183} INFO - Processing /opt/airflow/dags/minio_to_snowflake_dag.py took 0.271 seconds
[2026-05-27T19:10:04.168+0000] {processor.py:161} INFO - Started process (PID=753) to work on /opt/airflow/dags/minio_to_snowflake_dag.py
[2026-05-27T19:10:04.170+0000] {processor.py:830} INFO - Processing file /opt/airflow/dags/minio_to_snowflake_dag.py for tasks to queue
[2026-05-27T19:10:04.172+0000] {logging_mixin.py:188} INFO - [2026-05-27T19:10:04.171+0000] {dagbag.py:545} INFO - Filling up the DagBag from /opt/airflow/dags/minio_to_snowflake_dag.py
[2026-05-27T19:10:04.418+0000] {processor.py:840} INFO - DAG(s) 'minio_to_snowflake_banking' retrieved from /opt/airflow/dags/minio_to_snowflake_dag.py
[2026-05-27T19:10:04.427+0000] {logging_mixin.py:188} INFO - [2026-05-27T19:10:04.427+0000] {dag.py:3089} INFO - Sync 1 DAGs
[2026-05-27T19:10:04.434+0000] {logging_mixin.py:188} INFO - [2026-05-27T19:10:04.434+0000] {dag.py:3947} INFO - Setting next_dagrun for minio_to_snowflake_banking to 2026-05-27 19:10:00+00:00, run_after=2026-05-27 19:11:00+00:00
[2026-05-27T19:10:04.440+0000] {processor.py:183} INFO - Processing /opt/airflow/dags/minio_to_snowflake_dag.py took 0.277 seconds
[2026-05-27T19:10:34.733+0000] {processor.py:161} INFO - Started process (PID=763) to work on /opt/airflow/dags/minio_to_snowflake_dag.py
[2026-05-27T19:10:34.734+0000] {processor.py:830} INFO - Processing file /opt/airflow/dags/minio_to_snowflake_dag.py for tasks to queue
[2026-05-27T19:10:34.736+0000] {logging_mixin.py:188} INFO - [2026-05-27T19:10:34.736+0000] {dagbag.py:545} INFO - Filling up the DagBag from /opt/airflow/dags/minio_to_snowflake_dag.py
[2026-05-27T19:10:34.968+0000] {processor.py:840} INFO - DAG(s) 'minio_to_snowflake_banking' retrieved from /opt/airflow/dags/minio_to_snowflake_dag.py
[2026-05-27T19:10:34.976+0000] {logging_mixin.py:188} INFO - [2026-05-27T19:10:34.976+0000] {dag.py:3089} INFO - Sync 1 DAGs
[2026-05-27T19:10:34.982+0000] {logging_mixin.py:188} INFO - [2026-05-27T19:10:34.982+0000] {dag.py:3947} INFO - Setting next_dagrun for minio_to_snowflake_banking to 2026-05-27 19:10:00+00:00, run_after=2026-05-27 19:11:00+00:00
[2026-05-27T19:10:34.987+0000] {processor.py:183} INFO - Processing /opt/airflow/dags/minio_to_snowflake_dag.py took 0.259 seconds
[2026-05-27T19:11:05.248+0000] {processor.py:161} INFO - Started process (PID=827) to work on /opt/airflow/dags/minio_to_snowflake_dag.py
[2026-05-27T19:11:05.250+0000] {processor.py:830} INFO - Processing file /opt/airflow/dags/minio_to_snowflake_dag.py for tasks to queue
[2026-05-27T19:11:05.252+0000] {logging_mixin.py:188} INFO - [2026-05-27T19:11:05.251+0000] {dagbag.py:545} INFO - Filling up the DagBag from /opt/airflow/dags/minio_to_snowflake_dag.py
[2026-05-27T19:11:05.485+0000] {processor.py:840} INFO - DAG(s) 'minio_to_snowflake_banking' retrieved from /opt/airflow/dags/minio_to_snowflake_dag.py
[2026-05-27T19:11:05.495+0000] {logging_mixin.py:188} INFO - [2026-05-27T19:11:05.495+0000] {dag.py:3089} INFO - Sync 1 DAGs
[2026-05-27T19:11:05.508+0000] {logging_mixin.py:188} INFO - [2026-05-27T19:11:05.508+0000] {dag.py:3947} INFO - Setting next_dagrun for minio_to_snowflake_banking to 2026-05-27 19:11:00+00:00, run_after=2026-05-27 19:12:00+00:00
[2026-05-27T19:11:05.513+0000] {processor.py:183} INFO - Processing /opt/airflow/dags/minio_to_snowflake_dag.py took 0.271 seconds
[2026-05-27T19:11:35.804+0000] {processor.py:161} INFO - Started process (PID=831) to work on /opt/airflow/dags/minio_to_snowflake_dag.py
[2026-05-27T19:11:35.805+0000] {processor.py:830} INFO - Processing file /opt/airflow/dags/minio_to_snowflake_dag.py for tasks to queue
[2026-05-27T19:11:35.806+0000] {logging_mixin.py:188} INFO - [2026-05-27T19:11:35.806+0000] {dagbag.py:545} INFO - Filling up the DagBag from /opt/airflow/dags/minio_to_snowflake_dag.py
[2026-05-27T19:11:36.037+0000] {processor.py:840} INFO - DAG(s) 'minio_to_snowflake_banking' retrieved from /opt/airflow/dags/minio_to_snowflake_dag.py
[2026-05-27T19:11:36.045+0000] {logging_mixin.py:188} INFO - [2026-05-27T19:11:36.045+0000] {dag.py:3089} INFO - Sync 1 DAGs
[2026-05-27T19:11:36.052+0000] {logging_mixin.py:188} INFO - [2026-05-27T19:11:36.052+0000] {dag.py:3947} INFO - Setting next_dagrun for minio_to_snowflake_banking to 2026-05-27 19:11:00+00:00, run_after=2026-05-27 19:12:00+00:00
[2026-05-27T19:11:36.056+0000] {processor.py:183} INFO - Processing /opt/airflow/dags/minio_to_snowflake_dag.py took 0.258 seconds
[2026-05-27T19:12:06.077+0000] {processor.py:161} INFO - Started process (PID=895) to work on /opt/airflow/dags/minio_to_snowflake_dag.py
[2026-05-27T19:12:06.079+0000] {processor.py:830} INFO - Processing file /opt/airflow/dags/minio_to_snowflake_dag.py for tasks to queue
[2026-05-27T19:12:06.080+0000] {logging_mixin.py:188} INFO - [2026-05-27T19:12:06.080+0000] {dagbag.py:545} INFO - Filling up the DagBag from /opt/airflow/dags/minio_to_snowflake_dag.py
[2026-05-27T19:12:06.343+0000] {processor.py:840} INFO - DAG(s) 'minio_to_snowflake_banking' retrieved from /opt/airflow/dags/minio_to_snowflake_dag.py
[2026-05-27T19:12:06.352+0000] {logging_mixin.py:188} INFO - [2026-05-27T19:12:06.352+0000] {dag.py:3089} INFO - Sync 1 DAGs
[2026-05-27T19:12:06.359+0000] {logging_mixin.py:188} INFO - [2026-05-27T19:12:06.359+0000] {dag.py:3947} INFO - Setting next_dagrun for minio_to_snowflake_banking to 2026-05-27 19:12:00+00:00, run_after=2026-05-27 19:13:00+00:00
[2026-05-27T19:12:06.365+0000] {processor.py:183} INFO - Processing /opt/airflow/dags/minio_to_snowflake_dag.py took 0.290 seconds
[2026-05-27T19:12:36.546+0000] {processor.py:161} INFO - Started process (PID=899) to work on /opt/airflow/dags/minio_to_snowflake_dag.py
[2026-05-27T19:12:36.548+0000] {processor.py:830} INFO - Processing file /opt/airflow/dags/minio_to_snowflake_dag.py for tasks to queue
[2026-05-27T19:12:36.549+0000] {logging_mixin.py:188} INFO - [2026-05-27T19:12:36.549+0000] {dagbag.py:545} INFO - Filling up the DagBag from /opt/airflow/dags/minio_to_snowflake_dag.py
[2026-05-27T19:12:36.780+0000] {processor.py:840} INFO - DAG(s) 'minio_to_snowflake_banking' retrieved from /opt/airflow/dags/minio_to_snowflake_dag.py
[2026-05-27T19:12:36.788+0000] {logging_mixin.py:188} INFO - [2026-05-27T19:12:36.788+0000] {dag.py:3089} INFO - Sync 1 DAGs
[2026-05-27T19:12:36.794+0000] {logging_mixin.py:188} INFO - [2026-05-27T19:12:36.794+0000] {dag.py:3947} INFO - Setting next_dagrun for minio_to_snowflake_banking to 2026-05-27 19:12:00+00:00, run_after=2026-05-27 19:13:00+00:00
[2026-05-27T19:12:36.799+0000] {processor.py:183} INFO - Processing /opt/airflow/dags/minio_to_snowflake_dag.py took 0.257 seconds
[2026-05-27T19:13:06.836+0000] {processor.py:161} INFO - Started process (PID=963) to work on /opt/airflow/dags/minio_to_snowflake_dag.py
[2026-05-27T19:13:06.837+0000] {processor.py:830} INFO - Processing file /opt/airflow/dags/minio_to_snowflake_dag.py for tasks to queue
[2026-05-27T19:13:06.839+0000] {logging_mixin.py:188} INFO - [2026-05-27T19:13:06.839+0000] {dagbag.py:545} INFO - Filling up the DagBag from /opt/airflow/dags/minio_to_snowflake_dag.py
[2026-05-27T19:13:07.075+0000] {processor.py:840} INFO - DAG(s) 'minio_to_snowflake_banking' retrieved from /opt/airflow/dags/minio_to_snowflake_dag.py
[2026-05-27T19:13:07.083+0000] {logging_mixin.py:188} INFO - [2026-05-27T19:13:07.083+0000] {dag.py:3089} INFO - Sync 1 DAGs
[2026-05-27T19:13:07.089+0000] {logging_mixin.py:188} INFO - [2026-05-27T19:13:07.089+0000] {dag.py:3947} INFO - Setting next_dagrun for minio_to_snowflake_banking to 2026-05-27 19:13:00+00:00, run_after=2026-05-27 19:14:00+00:00
[2026-05-27T19:13:07.095+0000] {processor.py:183} INFO - Processing /opt/airflow/dags/minio_to_snowflake_dag.py took 0.264 seconds
[2026-05-27T19:13:37.272+0000] {processor.py:161} INFO - Started process (PID=967) to work on /opt/airflow/dags/minio_to_snowflake_dag.py
[2026-05-27T19:13:37.274+0000] {processor.py:830} INFO - Processing file /opt/airflow/dags/minio_to_snowflake_dag.py for tasks to queue
[2026-05-27T19:13:37.276+0000] {logging_mixin.py:188} INFO - [2026-05-27T19:13:37.275+0000] {dagbag.py:545} INFO - Filling up the DagBag from /opt/airflow/dags/minio_to_snowflake_dag.py
[2026-05-27T19:13:37.505+0000] {processor.py:840} INFO - DAG(s) 'minio_to_snowflake_banking' retrieved from /opt/airflow/dags/minio_to_snowflake_dag.py
[2026-05-27T19:13:37.513+0000] {logging_mixin.py:188} INFO - [2026-05-27T19:13:37.513+0000] {dag.py:3089} INFO - Sync 1 DAGs
[2026-05-27T19:13:37.520+0000] {logging_mixin.py:188} INFO - [2026-05-27T19:13:37.520+0000] {dag.py:3947} INFO - Setting next_dagrun for minio_to_snowflake_banking to 2026-05-27 19:13:00+00:00, run_after=2026-05-27 19:14:00+00:00
[2026-05-27T19:13:37.526+0000] {processor.py:183} INFO - Processing /opt/airflow/dags/minio_to_snowflake_dag.py took 0.258 seconds
[2026-05-27T19:14:07.781+0000] {processor.py:161} INFO - Started process (PID=1031) to work on /opt/airflow/dags/minio_to_snowflake_dag.py
[2026-05-27T19:14:07.782+0000] {processor.py:830} INFO - Processing file /opt/airflow/dags/minio_to_snowflake_dag.py for tasks to queue
[2026-05-27T19:14:07.783+0000] {logging_mixin.py:188} INFO - [2026-05-27T19:14:07.783+0000] {dagbag.py:545} INFO - Filling up the DagBag from /opt/airflow/dags/minio_to_snowflake_dag.py
[2026-05-27T19:14:08.026+0000] {processor.py:840} INFO - DAG(s) 'minio_to_snowflake_banking' retrieved from /opt/airflow/dags/minio_to_snowflake_dag.py
[2026-05-27T19:14:08.039+0000] {logging_mixin.py:188} INFO - [2026-05-27T19:14:08.039+0000] {dag.py:3089} INFO - Sync 1 DAGs
[2026-05-27T19:14:08.051+0000] {logging_mixin.py:188} INFO - [2026-05-27T19:14:08.051+0000] {dag.py:3947} INFO - Setting next_dagrun for minio_to_snowflake_banking to 2026-05-27 19:14:00+00:00, run_after=2026-05-27 19:15:00+00:00
[2026-05-27T19:14:08.056+0000] {processor.py:183} INFO - Processing /opt/airflow/dags/minio_to_snowflake_dag.py took 0.279 seconds
[2026-05-27T19:14:38.338+0000] {processor.py:161} INFO - Started process (PID=1035) to work on /opt/airflow/dags/minio_to_snowflake_dag.py
[2026-05-27T19:14:38.339+0000] {processor.py:830} INFO - Processing file /opt/airflow/dags/minio_to_snowflake_dag.py for tasks to queue
[2026-05-27T19:14:38.341+0000] {logging_mixin.py:188} INFO - [2026-05-27T19:14:38.340+0000] {dagbag.py:545} INFO - Filling up the DagBag from /opt/airflow/dags/minio_to_snowflake_dag.py
[2026-05-27T19:14:38.579+0000] {processor.py:840} INFO - DAG(s) 'minio_to_snowflake_banking' retrieved from /opt/airflow/dags/minio_to_snowflake_dag.py
[2026-05-27T19:14:38.586+0000] {logging_mixin.py:188} INFO - [2026-05-27T19:14:38.586+0000] {dag.py:3089} INFO - Sync 1 DAGs
[2026-05-27T19:14:38.593+0000] {logging_mixin.py:188} INFO - [2026-05-27T19:14:38.593+0000] {dag.py:3947} INFO - Setting next_dagrun for minio_to_snowflake_banking to 2026-05-27 19:14:00+00:00, run_after=2026-05-27 19:15:00+00:00
[2026-05-27T19:14:38.599+0000] {processor.py:183} INFO - Processing /opt/airflow/dags/minio_to_snowflake_dag.py took 0.267 seconds
[2026-05-27T19:15:08.878+0000] {processor.py:161} INFO - Started process (PID=1090) to work on /opt/airflow/dags/minio_to_snowflake_dag.py
[2026-05-27T19:15:08.880+0000] {processor.py:830} INFO - Processing file /opt/airflow/dags/minio_to_snowflake_dag.py for tasks to queue
[2026-05-27T19:15:08.881+0000] {logging_mixin.py:188} INFO - [2026-05-27T19:15:08.881+0000] {dagbag.py:545} INFO - Filling up the DagBag from /opt/airflow/dags/minio_to_snowflake_dag.py
[2026-05-27T19:15:09.112+0000] {processor.py:840} INFO - DAG(s) 'minio_to_snowflake_banking' retrieved from /opt/airflow/dags/minio_to_snowflake_dag.py
[2026-05-27T19:15:09.119+0000] {logging_mixin.py:188} INFO - [2026-05-27T19:15:09.119+0000] {dag.py:3089} INFO - Sync 1 DAGs
[2026-05-27T19:15:09.126+0000] {logging_mixin.py:188} INFO - [2026-05-27T19:15:09.126+0000] {dag.py:3947} INFO - Setting next_dagrun for minio_to_snowflake_banking to 2026-05-27 19:15:00+00:00, run_after=2026-05-27 19:16:00+00:00
[2026-05-27T19:15:09.132+0000] {processor.py:183} INFO - Processing /opt/airflow/dags/minio_to_snowflake_dag.py took 0.259 seconds
[2026-05-27T19:15:39.419+0000] {processor.py:161} INFO - Started process (PID=1094) to work on /opt/airflow/dags/minio_to_snowflake_dag.py
[2026-05-27T19:15:39.421+0000] {processor.py:830} INFO - Processing file /opt/airflow/dags/minio_to_snowflake_dag.py for tasks to queue
[2026-05-27T19:15:39.422+0000] {logging_mixin.py:188} INFO - [2026-05-27T19:15:39.422+0000] {dagbag.py:545} INFO - Filling up the DagBag from /opt/airflow/dags/minio_to_snowflake_dag.py
[2026-05-27T19:15:39.678+0000] {processor.py:840} INFO - DAG(s) 'minio_to_snowflake_banking' retrieved from /opt/airflow/dags/minio_to_snowflake_dag.py
[2026-05-27T19:15:39.687+0000] {logging_mixin.py:188} INFO - [2026-05-27T19:15:39.687+0000] {dag.py:3089} INFO - Sync 1 DAGs
[2026-05-27T19:15:39.695+0000] {logging_mixin.py:188} INFO - [2026-05-27T19:15:39.695+0000] {dag.py:3947} INFO - Setting next_dagrun for minio_to_snowflake_banking to 2026-05-27 19:15:00+00:00, run_after=2026-05-27 19:16:00+00:00
[2026-05-27T19:15:39.700+0000] {processor.py:183} INFO - Processing /opt/airflow/dags/minio_to_snowflake_dag.py took 0.286 seconds
[2026-05-27T19:16:09.935+0000] {processor.py:161} INFO - Started process (PID=1149) to work on /opt/airflow/dags/minio_to_snowflake_dag.py
[2026-05-27T19:16:09.936+0000] {processor.py:830} INFO - Processing file /opt/airflow/dags/minio_to_snowflake_dag.py for tasks to queue
[2026-05-27T19:16:09.937+0000] {logging_mixin.py:188} INFO - [2026-05-27T19:16:09.937+0000] {dagbag.py:545} INFO - Filling up the DagBag from /opt/airflow/dags/minio_to_snowflake_dag.py
[2026-05-27T19:16:10.161+0000] {processor.py:840} INFO - DAG(s) 'minio_to_snowflake_banking' retrieved from /opt/airflow/dags/minio_to_snowflake_dag.py
[2026-05-27T19:16:10.169+0000] {logging_mixin.py:188} INFO - [2026-05-27T19:16:10.169+0000] {dag.py:3089} INFO - Sync 1 DAGs
[2026-05-27T19:16:10.175+0000] {logging_mixin.py:188} INFO - [2026-05-27T19:16:10.175+0000] {dag.py:3947} INFO - Setting next_dagrun for minio_to_snowflake_banking to 2026-05-27 19:16:00+00:00, run_after=2026-05-27 19:17:00+00:00
[2026-05-27T19:16:10.180+0000] {processor.py:183} INFO - Processing /opt/airflow/dags/minio_to_snowflake_dag.py took 0.249 seconds
[2026-05-27T19:16:40.429+0000] {processor.py:161} INFO - Started process (PID=1204) to work on /opt/airflow/dags/minio_to_snowflake_dag.py
[2026-05-27T19:16:40.430+0000] {processor.py:830} INFO - Processing file /opt/airflow/dags/minio_to_snowflake_dag.py for tasks to queue
[2026-05-27T19:16:40.431+0000] {logging_mixin.py:188} INFO - [2026-05-27T19:16:40.431+0000] {dagbag.py:545} INFO - Filling up the DagBag from /opt/airflow/dags/minio_to_snowflake_dag.py
[2026-05-27T19:16:40.653+0000] {processor.py:840} INFO - DAG(s) 'minio_to_snowflake_banking' retrieved from /opt/airflow/dags/minio_to_snowflake_dag.py
[2026-05-27T19:16:40.661+0000] {logging_mixin.py:188} INFO - [2026-05-27T19:16:40.661+0000] {dag.py:3089} INFO - Sync 1 DAGs
[2026-05-27T19:16:40.668+0000] {logging_mixin.py:188} INFO - [2026-05-27T19:16:40.667+0000] {dag.py:3947} INFO - Setting next_dagrun for minio_to_snowflake_banking to 2026-05-27 19:16:00+00:00, run_after=2026-05-27 19:17:00+00:00
[2026-05-27T19:16:40.673+0000] {processor.py:183} INFO - Processing /opt/airflow/dags/minio_to_snowflake_dag.py took 0.247 seconds
[2026-05-27T19:17:10.691+0000] {processor.py:161} INFO - Started process (PID=1259) to work on /opt/airflow/dags/minio_to_snowflake_dag.py
[2026-05-27T19:17:10.692+0000] {processor.py:830} INFO - Processing file /opt/airflow/dags/minio_to_snowflake_dag.py for tasks to queue
[2026-05-27T19:17:10.693+0000] {logging_mixin.py:188} INFO - [2026-05-27T19:17:10.693+0000] {dagbag.py:545} INFO - Filling up the DagBag from /opt/airflow/dags/minio_to_snowflake_dag.py
[2026-05-27T19:17:10.976+0000] {processor.py:840} INFO - DAG(s) 'minio_to_snowflake_banking' retrieved from /opt/airflow/dags/minio_to_snowflake_dag.py
[2026-05-27T19:17:10.986+0000] {logging_mixin.py:188} INFO - [2026-05-27T19:17:10.985+0000] {dag.py:3089} INFO - Sync 1 DAGs
[2026-05-27T19:17:10.995+0000] {logging_mixin.py:188} INFO - [2026-05-27T19:17:10.995+0000] {dag.py:3947} INFO - Setting next_dagrun for minio_to_snowflake_banking to 2026-05-27 19:17:00+00:00, run_after=2026-05-27 19:18:00+00:00
[2026-05-27T19:17:11.003+0000] {processor.py:183} INFO - Processing /opt/airflow/dags/minio_to_snowflake_dag.py took 0.315 seconds
[2026-05-27T19:17:41.144+0000] {processor.py:161} INFO - Started process (PID=1263) to work on /opt/airflow/dags/minio_to_snowflake_dag.py
[2026-05-27T19:17:41.145+0000] {processor.py:830} INFO - Processing file /opt/airflow/dags/minio_to_snowflake_dag.py for tasks to queue
[2026-05-27T19:17:41.146+0000] {logging_mixin.py:188} INFO - [2026-05-27T19:17:41.146+0000] {dagbag.py:545} INFO - Filling up the DagBag from /opt/airflow/dags/minio_to_snowflake_dag.py
[2026-05-27T19:17:41.382+0000] {processor.py:840} INFO - DAG(s) 'minio_to_snowflake_banking' retrieved from /opt/airflow/dags/minio_to_snowflake_dag.py
[2026-05-27T19:17:41.390+0000] {logging_mixin.py:188} INFO - [2026-05-27T19:17:41.390+0000] {dag.py:3089} INFO - Sync 1 DAGs
[2026-05-27T19:17:41.397+0000] {logging_mixin.py:188} INFO - [2026-05-27T19:17:41.397+0000] {dag.py:3947} INFO - Setting next_dagrun for minio_to_snowflake_banking to 2026-05-27 19:17:00+00:00, run_after=2026-05-27 19:18:00+00:00
[2026-05-27T19:17:41.402+0000] {processor.py:183} INFO - Processing /opt/airflow/dags/minio_to_snowflake_dag.py took 0.262 seconds
[2026-05-27T19:18:11.446+0000] {processor.py:161} INFO - Started process (PID=1318) to work on /opt/airflow/dags/minio_to_snowflake_dag.py
[2026-05-27T19:18:11.447+0000] {processor.py:830} INFO - Processing file /opt/airflow/dags/minio_to_snowflake_dag.py for tasks to queue
[2026-05-27T19:18:11.449+0000] {logging_mixin.py:188} INFO - [2026-05-27T19:18:11.449+0000] {dagbag.py:545} INFO - Filling up the DagBag from /opt/airflow/dags/minio_to_snowflake_dag.py
[2026-05-27T19:18:11.677+0000] {processor.py:840} INFO - DAG(s) 'minio_to_snowflake_banking' retrieved from /opt/airflow/dags/minio_to_snowflake_dag.py
[2026-05-27T19:18:11.685+0000] {logging_mixin.py:188} INFO - [2026-05-27T19:18:11.685+0000] {dag.py:3089} INFO - Sync 1 DAGs
[2026-05-27T19:18:11.692+0000] {logging_mixin.py:188} INFO - [2026-05-27T19:18:11.692+0000] {dag.py:3947} INFO - Setting next_dagrun for minio_to_snowflake_banking to 2026-05-27 19:18:00+00:00, run_after=2026-05-27 19:19:00+00:00
[2026-05-27T19:18:11.697+0000] {processor.py:183} INFO - Processing /opt/airflow/dags/minio_to_snowflake_dag.py took 0.256 seconds
[2026-05-27T19:18:41.945+0000] {processor.py:161} INFO - Started process (PID=1322) to work on /opt/airflow/dags/minio_to_snowflake_dag.py
[2026-05-27T19:18:41.947+0000] {processor.py:830} INFO - Processing file /opt/airflow/dags/minio_to_snowflake_dag.py for tasks to queue
[2026-05-27T19:18:41.948+0000] {logging_mixin.py:188} INFO - [2026-05-27T19:18:41.948+0000] {dagbag.py:545} INFO - Filling up the DagBag from /opt/airflow/dags/minio_to_snowflake_dag.py
[2026-05-27T19:18:42.173+0000] {processor.py:840} INFO - DAG(s) 'minio_to_snowflake_banking' retrieved from /opt/airflow/dags/minio_to_snowflake_dag.py
[2026-05-27T19:18:42.181+0000] {logging_mixin.py:188} INFO - [2026-05-27T19:18:42.181+0000] {dag.py:3089} INFO - Sync 1 DAGs
[2026-05-27T19:18:42.188+0000] {logging_mixin.py:188} INFO - [2026-05-27T19:18:42.188+0000] {dag.py:3947} INFO - Setting next_dagrun for minio_to_snowflake_banking to 2026-05-27 19:18:00+00:00, run_after=2026-05-27 19:19:00+00:00
[2026-05-27T19:18:42.193+0000] {processor.py:183} INFO - Processing /opt/airflow/dags/minio_to_snowflake_dag.py took 0.252 seconds
[2026-05-27T19:19:12.421+0000] {processor.py:161} INFO - Started process (PID=1377) to work on /opt/airflow/dags/minio_to_snowflake_dag.py
[2026-05-27T19:19:12.422+0000] {processor.py:830} INFO - Processing file /opt/airflow/dags/minio_to_snowflake_dag.py for tasks to queue
[2026-05-27T19:19:12.423+0000] {logging_mixin.py:188} INFO - [2026-05-27T19:19:12.423+0000] {dagbag.py:545} INFO - Filling up the DagBag from /opt/airflow/dags/minio_to_snowflake_dag.py
[2026-05-27T19:19:12.653+0000] {processor.py:840} INFO - DAG(s) 'minio_to_snowflake_banking' retrieved from /opt/airflow/dags/minio_to_snowflake_dag.py
[2026-05-27T19:19:12.661+0000] {logging_mixin.py:188} INFO - [2026-05-27T19:19:12.661+0000] {dag.py:3089} INFO - Sync 1 DAGs
[2026-05-27T19:19:12.667+0000] {logging_mixin.py:188} INFO - [2026-05-27T19:19:12.667+0000] {dag.py:3947} INFO - Setting next_dagrun for minio_to_snowflake_banking to 2026-05-27 19:19:00+00:00, run_after=2026-05-27 19:20:00+00:00
[2026-05-27T19:19:12.672+0000] {processor.py:183} INFO - Processing /opt/airflow/dags/minio_to_snowflake_dag.py took 0.255 seconds
[2026-05-27T19:19:42.966+0000] {processor.py:161} INFO - Started process (PID=1381) to work on /opt/airflow/dags/minio_to_snowflake_dag.py
[2026-05-27T19:19:42.967+0000] {processor.py:830} INFO - Processing file /opt/airflow/dags/minio_to_snowflake_dag.py for tasks to queue
[2026-05-27T19:19:42.968+0000] {logging_mixin.py:188} INFO - [2026-05-27T19:19:42.968+0000] {dagbag.py:545} INFO - Filling up the DagBag from /opt/airflow/dags/minio_to_snowflake_dag.py
[2026-05-27T19:19:43.190+0000] {processor.py:840} INFO - DAG(s) 'minio_to_snowflake_banking' retrieved from /opt/airflow/dags/minio_to_snowflake_dag.py
[2026-05-27T19:19:43.198+0000] {logging_mixin.py:188} INFO - [2026-05-27T19:19:43.197+0000] {dag.py:3089} INFO - Sync 1 DAGs
[2026-05-27T19:19:43.204+0000] {logging_mixin.py:188} INFO - [2026-05-27T19:19:43.204+0000] {dag.py:3947} INFO - Setting next_dagrun for minio_to_snowflake_banking to 2026-05-27 19:19:00+00:00, run_after=2026-05-27 19:20:00+00:00
[2026-05-27T19:19:43.209+0000] {processor.py:183} INFO - Processing /opt/airflow/dags/minio_to_snowflake_dag.py took 0.248 seconds
[2026-05-27T19:20:13.280+0000] {processor.py:161} INFO - Started process (PID=1385) to work on /opt/airflow/dags/minio_to_snowflake_dag.py
[2026-05-27T19:20:13.281+0000] {processor.py:830} INFO - Processing file /opt/airflow/dags/minio_to_snowflake_dag.py for tasks to queue
[2026-05-27T19:20:13.282+0000] {logging_mixin.py:188} INFO - [2026-05-27T19:20:13.282+0000] {dagbag.py:545} INFO - Filling up the DagBag from /opt/airflow/dags/minio_to_snowflake_dag.py
[2026-05-27T19:20:13.514+0000] {processor.py:840} INFO - DAG(s) 'minio_to_snowflake_banking' retrieved from /opt/airflow/dags/minio_to_snowflake_dag.py
[2026-05-27T19:20:13.522+0000] {logging_mixin.py:188} INFO - [2026-05-27T19:20:13.522+0000] {dag.py:3089} INFO - Sync 1 DAGs
[2026-05-27T19:20:13.529+0000] {logging_mixin.py:188} INFO - [2026-05-27T19:20:13.529+0000] {dag.py:3947} INFO - Setting next_dagrun for minio_to_snowflake_banking to 2026-05-27 19:19:00+00:00, run_after=2026-05-27 19:20:00+00:00
[2026-05-27T19:20:13.534+0000] {processor.py:183} INFO - Processing /opt/airflow/dags/minio_to_snowflake_dag.py took 0.259 seconds
[2026-05-27T19:20:43.705+0000] {processor.py:161} INFO - Started process (PID=1389) to work on /opt/airflow/dags/minio_to_snowflake_dag.py
[2026-05-27T19:20:43.706+0000] {processor.py:830} INFO - Processing file /opt/airflow/dags/minio_to_snowflake_dag.py for tasks to queue
[2026-05-27T19:20:43.708+0000] {logging_mixin.py:188} INFO - [2026-05-27T19:20:43.707+0000] {dagbag.py:545} INFO - Filling up the DagBag from /opt/airflow/dags/minio_to_snowflake_dag.py
[2026-05-27T19:20:43.933+0000] {processor.py:840} INFO - DAG(s) 'minio_to_snowflake_banking' retrieved from /opt/airflow/dags/minio_to_snowflake_dag.py
[2026-05-27T19:20:43.941+0000] {logging_mixin.py:188} INFO - [2026-05-27T19:20:43.940+0000] {dag.py:3089} INFO - Sync 1 DAGs
[2026-05-27T19:20:43.947+0000] {logging_mixin.py:188} INFO - [2026-05-27T19:20:43.947+0000] {dag.py:3947} INFO - Setting next_dagrun for minio_to_snowflake_banking to 2026-05-27 19:19:00+00:00, run_after=2026-05-27 19:20:00+00:00
[2026-05-27T19:20:43.952+0000] {processor.py:183} INFO - Processing /opt/airflow/dags/minio_to_snowflake_dag.py took 0.252 seconds
[2026-05-27T19:21:13.990+0000] {processor.py:161} INFO - Started process (PID=1393) to work on /opt/airflow/dags/minio_to_snowflake_dag.py
[2026-05-27T19:21:13.991+0000] {processor.py:830} INFO - Processing file /opt/airflow/dags/minio_to_snowflake_dag.py for tasks to queue
[2026-05-27T19:21:13.993+0000] {logging_mixin.py:188} INFO - [2026-05-27T19:21:13.993+0000] {dagbag.py:545} INFO - Filling up the DagBag from /opt/airflow/dags/minio_to_snowflake_dag.py
[2026-05-27T19:21:14.220+0000] {processor.py:840} INFO - DAG(s) 'minio_to_snowflake_banking' retrieved from /opt/airflow/dags/minio_to_snowflake_dag.py
[2026-05-27T19:21:14.227+0000] {logging_mixin.py:188} INFO - [2026-05-27T19:21:14.227+0000] {dag.py:3089} INFO - Sync 1 DAGs
[2026-05-27T19:21:14.233+0000] {logging_mixin.py:188} INFO - [2026-05-27T19:21:14.233+0000] {dag.py:3947} INFO - Setting next_dagrun for minio_to_snowflake_banking to 2026-05-27 19:20:00+00:00, run_after=2026-05-27 19:21:00+00:00
[2026-05-27T19:21:14.239+0000] {processor.py:183} INFO - Processing /opt/airflow/dags/minio_to_snowflake_dag.py took 0.255 seconds
[2026-05-27T19:21:44.461+0000] {processor.py:161} INFO - Started process (PID=1397) to work on /opt/airflow/dags/minio_to_snowflake_dag.py
[2026-05-27T19:21:44.462+0000] {processor.py:830} INFO - Processing file /opt/airflow/dags/minio_to_snowflake_dag.py for tasks to queue
[2026-05-27T19:21:44.463+0000] {logging_mixin.py:188} INFO - [2026-05-27T19:21:44.463+0000] {dagbag.py:545} INFO - Filling up the DagBag from /opt/airflow/dags/minio_to_snowflake_dag.py
[2026-05-27T19:21:44.691+0000] {processor.py:840} INFO - DAG(s) 'minio_to_snowflake_banking' retrieved from /opt/airflow/dags/minio_to_snowflake_dag.py
[2026-05-27T19:21:44.699+0000] {logging_mixin.py:188} INFO - [2026-05-27T19:21:44.699+0000] {dag.py:3089} INFO - Sync 1 DAGs
[2026-05-27T19:21:44.705+0000] {logging_mixin.py:188} INFO - [2026-05-27T19:21:44.705+0000] {dag.py:3947} INFO - Setting next_dagrun for minio_to_snowflake_banking to 2026-05-27 19:20:00+00:00, run_after=2026-05-27 19:21:00+00:00
[2026-05-27T19:21:44.711+0000] {processor.py:183} INFO - Processing /opt/airflow/dags/minio_to_snowflake_dag.py took 0.252 seconds
[2026-05-27T19:22:14.946+0000] {processor.py:161} INFO - Started process (PID=1554) to work on /opt/airflow/dags/minio_to_snowflake_dag.py
[2026-05-27T19:22:14.948+0000] {processor.py:830} INFO - Processing file /opt/airflow/dags/minio_to_snowflake_dag.py for tasks to queue
[2026-05-27T19:22:14.949+0000] {logging_mixin.py:188} INFO - [2026-05-27T19:22:14.949+0000] {dagbag.py:545} INFO - Filling up the DagBag from /opt/airflow/dags/minio_to_snowflake_dag.py
[2026-05-27T19:22:15.184+0000] {processor.py:840} INFO - DAG(s) 'minio_to_snowflake_banking' retrieved from /opt/airflow/dags/minio_to_snowflake_dag.py
[2026-05-27T19:22:15.192+0000] {logging_mixin.py:188} INFO - [2026-05-27T19:22:15.191+0000] {dag.py:3089} INFO - Sync 1 DAGs
[2026-05-27T19:22:15.198+0000] {logging_mixin.py:188} INFO - [2026-05-27T19:22:15.198+0000] {dag.py:3947} INFO - Setting next_dagrun for minio_to_snowflake_banking to 2026-05-27 19:22:00+00:00, run_after=2026-05-27 19:23:00+00:00
[2026-05-27T19:22:15.203+0000] {processor.py:183} INFO - Processing /opt/airflow/dags/minio_to_snowflake_dag.py took 0.263 seconds
[2026-05-27T19:22:45.488+0000] {processor.py:161} INFO - Started process (PID=1558) to work on /opt/airflow/dags/minio_to_snowflake_dag.py
[2026-05-27T19:22:45.489+0000] {processor.py:830} INFO - Processing file /opt/airflow/dags/minio_to_snowflake_dag.py for tasks to queue
[2026-05-27T19:22:45.491+0000] {logging_mixin.py:188} INFO - [2026-05-27T19:22:45.491+0000] {dagbag.py:545} INFO - Filling up the DagBag from /opt/airflow/dags/minio_to_snowflake_dag.py
[2026-05-27T19:22:45.741+0000] {processor.py:840} INFO - DAG(s) 'minio_to_snowflake_banking' retrieved from /opt/airflow/dags/minio_to_snowflake_dag.py
[2026-05-27T19:22:45.750+0000] {logging_mixin.py:188} INFO - [2026-05-27T19:22:45.750+0000] {dag.py:3089} INFO - Sync 1 DAGs
[2026-05-27T19:22:45.756+0000] {logging_mixin.py:188} INFO - [2026-05-27T19:22:45.756+0000] {dag.py:3947} INFO - Setting next_dagrun for minio_to_snowflake_banking to 2026-05-27 19:22:00+00:00, run_after=2026-05-27 19:23:00+00:00
[2026-05-27T19:22:45.761+0000] {processor.py:183} INFO - Processing /opt/airflow/dags/minio_to_snowflake_dag.py took 0.279 seconds
[2026-05-27T19:23:16.011+0000] {processor.py:161} INFO - Started process (PID=1562) to work on /opt/airflow/dags/minio_to_snowflake_dag.py
[2026-05-27T19:23:16.014+0000] {processor.py:830} INFO - Processing file /opt/airflow/dags/minio_to_snowflake_dag.py for tasks to queue
[2026-05-27T19:23:16.019+0000] {logging_mixin.py:188} INFO - [2026-05-27T19:23:16.019+0000] {dagbag.py:545} INFO - Filling up the DagBag from /opt/airflow/dags/minio_to_snowflake_dag.py
[2026-05-27T19:23:16.328+0000] {processor.py:840} INFO - DAG(s) 'minio_to_snowflake_banking' retrieved from /opt/airflow/dags/minio_to_snowflake_dag.py
[2026-05-27T19:23:16.341+0000] {logging_mixin.py:188} INFO - [2026-05-27T19:23:16.341+0000] {dag.py:3089} INFO - Sync 1 DAGs
[2026-05-27T19:23:16.351+0000] {logging_mixin.py:188} INFO - [2026-05-27T19:23:16.351+0000] {dag.py:3947} INFO - Setting next_dagrun for minio_to_snowflake_banking to 2026-05-27 19:22:00+00:00, run_after=2026-05-27 19:23:00+00:00
[2026-05-27T19:23:16.359+0000] {processor.py:183} INFO - Processing /opt/airflow/dags/minio_to_snowflake_dag.py took 0.351 seconds
[2026-05-27T19:23:46.542+0000] {processor.py:161} INFO - Started process (PID=1566) to work on /opt/airflow/dags/minio_to_snowflake_dag.py
[2026-05-27T19:23:46.543+0000] {processor.py:830} INFO - Processing file /opt/airflow/dags/minio_to_snowflake_dag.py for tasks to queue
[2026-05-27T19:23:46.544+0000] {logging_mixin.py:188} INFO - [2026-05-27T19:23:46.544+0000] {dagbag.py:545} INFO - Filling up the DagBag from /opt/airflow/dags/minio_to_snowflake_dag.py
[2026-05-27T19:23:46.787+0000] {processor.py:840} INFO - DAG(s) 'minio_to_snowflake_banking' retrieved from /opt/airflow/dags/minio_to_snowflake_dag.py
[2026-05-27T19:23:46.795+0000] {logging_mixin.py:188} INFO - [2026-05-27T19:23:46.795+0000] {dag.py:3089} INFO - Sync 1 DAGs
[2026-05-27T19:23:46.802+0000] {logging_mixin.py:188} INFO - [2026-05-27T19:23:46.802+0000] {dag.py:3947} INFO - Setting next_dagrun for minio_to_snowflake_banking to 2026-05-27 19:22:00+00:00, run_after=2026-05-27 19:23:00+00:00
[2026-05-27T19:23:46.807+0000] {processor.py:183} INFO - Processing /opt/airflow/dags/minio_to_snowflake_dag.py took 0.268 seconds
[2026-05-27T19:24:17.016+0000] {processor.py:161} INFO - Started process (PID=1570) to work on /opt/airflow/dags/minio_to_snowflake_dag.py
[2026-05-27T19:24:17.022+0000] {processor.py:830} INFO - Processing file /opt/airflow/dags/minio_to_snowflake_dag.py for tasks to queue
[2026-05-27T19:24:17.026+0000] {logging_mixin.py:188} INFO - [2026-05-27T19:24:17.026+0000] {dagbag.py:545} INFO - Filling up the DagBag from /opt/airflow/dags/minio_to_snowflake_dag.py
[2026-05-27T19:24:17.258+0000] {processor.py:840} INFO - DAG(s) 'minio_to_snowflake_banking' retrieved from /opt/airflow/dags/minio_to_snowflake_dag.py
[2026-05-27T19:24:17.265+0000] {logging_mixin.py:188} INFO - [2026-05-27T19:24:17.265+0000] {dag.py:3089} INFO - Sync 1 DAGs
[2026-05-27T19:24:17.272+0000] {logging_mixin.py:188} INFO - [2026-05-27T19:24:17.272+0000] {dag.py:3947} INFO - Setting next_dagrun for minio_to_snowflake_banking to 2026-05-27 19:23:00+00:00, run_after=2026-05-27 19:24:00+00:00
[2026-05-27T19:24:17.277+0000] {processor.py:183} INFO - Processing /opt/airflow/dags/minio_to_snowflake_dag.py took 0.265 seconds
[2026-05-27T19:24:47.303+0000] {processor.py:161} INFO - Started process (PID=1574) to work on /opt/airflow/dags/minio_to_snowflake_dag.py
[2026-05-27T19:24:47.305+0000] {processor.py:830} INFO - Processing file /opt/airflow/dags/minio_to_snowflake_dag.py for tasks to queue
[2026-05-27T19:24:47.307+0000] {logging_mixin.py:188} INFO - [2026-05-27T19:24:47.306+0000] {dagbag.py:545} INFO - Filling up the DagBag from /opt/airflow/dags/minio_to_snowflake_dag.py
[2026-05-27T19:24:47.534+0000] {processor.py:840} INFO - DAG(s) 'minio_to_snowflake_banking' retrieved from /opt/airflow/dags/minio_to_snowflake_dag.py
[2026-05-27T19:24:47.542+0000] {logging_mixin.py:188} INFO - [2026-05-27T19:24:47.542+0000] {dag.py:3089} INFO - Sync 1 DAGs
[2026-05-27T19:24:47.548+0000] {logging_mixin.py:188} INFO - [2026-05-27T19:24:47.548+0000] {dag.py:3947} INFO - Setting next_dagrun for minio_to_snowflake_banking to 2026-05-27 19:23:00+00:00, run_after=2026-05-27 19:24:00+00:00
[2026-05-27T19:24:47.554+0000] {processor.py:183} INFO - Processing /opt/airflow/dags/minio_to_snowflake_dag.py took 0.256 seconds
[2026-05-27T19:25:17.841+0000] {processor.py:161} INFO - Started process (PID=1578) to work on /opt/airflow/dags/minio_to_snowflake_dag.py
[2026-05-27T19:25:17.843+0000] {processor.py:830} INFO - Processing file /opt/airflow/dags/minio_to_snowflake_dag.py for tasks to queue
[2026-05-27T19:25:17.844+0000] {logging_mixin.py:188} INFO - [2026-05-27T19:25:17.844+0000] {dagbag.py:545} INFO - Filling up the DagBag from /opt/airflow/dags/minio_to_snowflake_dag.py
[2026-05-27T19:25:18.091+0000] {processor.py:840} INFO - DAG(s) 'minio_to_snowflake_banking' retrieved from /opt/airflow/dags/minio_to_snowflake_dag.py
[2026-05-27T19:25:18.099+0000] {logging_mixin.py:188} INFO - [2026-05-27T19:25:18.099+0000] {dag.py:3089} INFO - Sync 1 DAGs
[2026-05-27T19:25:18.106+0000] {logging_mixin.py:188} INFO - [2026-05-27T19:25:18.105+0000] {dag.py:3947} INFO - Setting next_dagrun for minio_to_snowflake_banking to 2026-05-27 19:24:00+00:00, run_after=2026-05-27 19:25:00+00:00
[2026-05-27T19:25:18.110+0000] {processor.py:183} INFO - Processing /opt/airflow/dags/minio_to_snowflake_dag.py took 0.274 seconds
[2026-05-27T19:25:48.135+0000] {processor.py:161} INFO - Started process (PID=1582) to work on /opt/airflow/dags/minio_to_snowflake_dag.py
[2026-05-27T19:25:48.137+0000] {processor.py:830} INFO - Processing file /opt/airflow/dags/minio_to_snowflake_dag.py for tasks to queue
[2026-05-27T19:25:48.138+0000] {logging_mixin.py:188} INFO - [2026-05-27T19:25:48.138+0000] {dagbag.py:545} INFO - Filling up the DagBag from /opt/airflow/dags/minio_to_snowflake_dag.py
[2026-05-27T19:25:48.387+0000] {processor.py:840} INFO - DAG(s) 'minio_to_snowflake_banking' retrieved from /opt/airflow/dags/minio_to_snowflake_dag.py
[2026-05-27T19:25:48.396+0000] {logging_mixin.py:188} INFO - [2026-05-27T19:25:48.396+0000] {dag.py:3089} INFO - Sync 1 DAGs
[2026-05-27T19:25:48.403+0000] {logging_mixin.py:188} INFO - [2026-05-27T19:25:48.403+0000] {dag.py:3947} INFO - Setting next_dagrun for minio_to_snowflake_banking to 2026-05-27 19:24:00+00:00, run_after=2026-05-27 19:25:00+00:00
[2026-05-27T19:25:48.409+0000] {processor.py:183} INFO - Processing /opt/airflow/dags/minio_to_snowflake_dag.py took 0.279 seconds
[2026-05-27T19:26:18.692+0000] {processor.py:161} INFO - Started process (PID=1586) to work on /opt/airflow/dags/minio_to_snowflake_dag.py
[2026-05-27T19:26:18.693+0000] {processor.py:830} INFO - Processing file /opt/airflow/dags/minio_to_snowflake_dag.py for tasks to queue
[2026-05-27T19:26:18.694+0000] {logging_mixin.py:188} INFO - [2026-05-27T19:26:18.694+0000] {dagbag.py:545} INFO - Filling up the DagBag from /opt/airflow/dags/minio_to_snowflake_dag.py
[2026-05-27T19:26:18.946+0000] {processor.py:840} INFO - DAG(s) 'minio_to_snowflake_banking' retrieved from /opt/airflow/dags/minio_to_snowflake_dag.py
[2026-05-27T19:26:18.954+0000] {logging_mixin.py:188} INFO - [2026-05-27T19:26:18.954+0000] {dag.py:3089} INFO - Sync 1 DAGs
[2026-05-27T19:26:18.961+0000] {logging_mixin.py:188} INFO - [2026-05-27T19:26:18.961+0000] {dag.py:3947} INFO - Setting next_dagrun for minio_to_snowflake_banking to 2026-05-27 19:25:00+00:00, run_after=2026-05-27 19:26:00+00:00
[2026-05-27T19:26:18.966+0000] {processor.py:183} INFO - Processing /opt/airflow/dags/minio_to_snowflake_dag.py took 0.278 seconds
[2026-05-27T19:26:49.268+0000] {processor.py:161} INFO - Started process (PID=1590) to work on /opt/airflow/dags/minio_to_snowflake_dag.py
[2026-05-27T19:26:49.269+0000] {processor.py:830} INFO - Processing file /opt/airflow/dags/minio_to_snowflake_dag.py for tasks to queue
[2026-05-27T19:26:49.271+0000] {logging_mixin.py:188} INFO - [2026-05-27T19:26:49.270+0000] {dagbag.py:545} INFO - Filling up the DagBag from /opt/airflow/dags/minio_to_snowflake_dag.py
[2026-05-27T19:26:49.496+0000] {processor.py:840} INFO - DAG(s) 'minio_to_snowflake_banking' retrieved from /opt/airflow/dags/minio_to_snowflake_dag.py
[2026-05-27T19:26:49.503+0000] {logging_mixin.py:188} INFO - [2026-05-27T19:26:49.503+0000] {dag.py:3089} INFO - Sync 1 DAGs
[2026-05-27T19:26:49.510+0000] {logging_mixin.py:188} INFO - [2026-05-27T19:26:49.510+0000] {dag.py:3947} INFO - Setting next_dagrun for minio_to_snowflake_banking to 2026-05-27 19:25:00+00:00, run_after=2026-05-27 19:26:00+00:00
[2026-05-27T19:26:49.515+0000] {processor.py:183} INFO - Processing /opt/airflow/dags/minio_to_snowflake_dag.py took 0.252 seconds
[2026-05-27T19:27:19.535+0000] {processor.py:161} INFO - Started process (PID=1594) to work on /opt/airflow/dags/minio_to_snowflake_dag.py
[2026-05-27T19:27:19.536+0000] {processor.py:830} INFO - Processing file /opt/airflow/dags/minio_to_snowflake_dag.py for tasks to queue
[2026-05-27T19:27:19.537+0000] {logging_mixin.py:188} INFO - [2026-05-27T19:27:19.537+0000] {dagbag.py:545} INFO - Filling up the DagBag from /opt/airflow/dags/minio_to_snowflake_dag.py
[2026-05-27T19:27:19.765+0000] {processor.py:840} INFO - DAG(s) 'minio_to_snowflake_banking' retrieved from /opt/airflow/dags/minio_to_snowflake_dag.py
[2026-05-27T19:27:19.773+0000] {logging_mixin.py:188} INFO - [2026-05-27T19:27:19.773+0000] {dag.py:3089} INFO - Sync 1 DAGs
[2026-05-27T19:27:19.780+0000] {logging_mixin.py:188} INFO - [2026-05-27T19:27:19.780+0000] {dag.py:3947} INFO - Setting next_dagrun for minio_to_snowflake_banking to 2026-05-27 19:26:00+00:00, run_after=2026-05-27 19:27:00+00:00
[2026-05-27T19:27:19.785+0000] {processor.py:183} INFO - Processing /opt/airflow/dags/minio_to_snowflake_dag.py took 0.253 seconds
[2026-05-27T19:27:50.053+0000] {processor.py:161} INFO - Started process (PID=1598) to work on /opt/airflow/dags/minio_to_snowflake_dag.py
[2026-05-27T19:27:50.055+0000] {processor.py:830} INFO - Processing file /opt/airflow/dags/minio_to_snowflake_dag.py for tasks to queue
[2026-05-27T19:27:50.056+0000] {logging_mixin.py:188} INFO - [2026-05-27T19:27:50.056+0000] {dagbag.py:545} INFO - Filling up the DagBag from /opt/airflow/dags/minio_to_snowflake_dag.py
[2026-05-27T19:27:50.298+0000] {processor.py:840} INFO - DAG(s) 'minio_to_snowflake_banking' retrieved from /opt/airflow/dags/minio_to_snowflake_dag.py
[2026-05-27T19:27:50.306+0000] {logging_mixin.py:188} INFO - [2026-05-27T19:27:50.306+0000] {dag.py:3089} INFO - Sync 1 DAGs
[2026-05-27T19:27:50.312+0000] {logging_mixin.py:188} INFO - [2026-05-27T19:27:50.312+0000] {dag.py:3947} INFO - Setting next_dagrun for minio_to_snowflake_banking to 2026-05-27 19:26:00+00:00, run_after=2026-05-27 19:27:00+00:00
[2026-05-27T19:27:50.317+0000] {processor.py:183} INFO - Processing /opt/airflow/dags/minio_to_snowflake_dag.py took 0.269 seconds
[2026-05-27T19:28:20.353+0000] {processor.py:161} INFO - Started process (PID=1602) to work on /opt/airflow/dags/minio_to_snowflake_dag.py
[2026-05-27T19:28:20.355+0000] {processor.py:830} INFO - Processing file /opt/airflow/dags/minio_to_snowflake_dag.py for tasks to queue
[2026-05-27T19:28:20.356+0000] {logging_mixin.py:188} INFO - [2026-05-27T19:28:20.356+0000] {dagbag.py:545} INFO - Filling up the DagBag from /opt/airflow/dags/minio_to_snowflake_dag.py
[2026-05-27T19:28:20.584+0000] {processor.py:840} INFO - DAG(s) 'minio_to_snowflake_banking' retrieved from /opt/airflow/dags/minio_to_snowflake_dag.py
[2026-05-27T19:28:20.594+0000] {logging_mixin.py:188} INFO - [2026-05-27T19:28:20.594+0000] {dag.py:3089} INFO - Sync 1 DAGs
[2026-05-27T19:28:20.603+0000] {logging_mixin.py:188} INFO - [2026-05-27T19:28:20.603+0000] {dag.py:3947} INFO - Setting next_dagrun for minio_to_snowflake_banking to 2026-05-27 19:27:00+00:00, run_after=2026-05-27 19:28:00+00:00
[2026-05-27T19:28:20.609+0000] {processor.py:183} INFO - Processing /opt/airflow/dags/minio_to_snowflake_dag.py took 0.260 seconds
[2026-05-27T19:28:50.854+0000] {processor.py:161} INFO - Started process (PID=1606) to work on /opt/airflow/dags/minio_to_snowflake_dag.py
[2026-05-27T19:28:50.856+0000] {processor.py:830} INFO - Processing file /opt/airflow/dags/minio_to_snowflake_dag.py for tasks to queue
[2026-05-27T19:28:50.857+0000] {logging_mixin.py:188} INFO - [2026-05-27T19:28:50.857+0000] {dagbag.py:545} INFO - Filling up the DagBag from /opt/airflow/dags/minio_to_snowflake_dag.py
[2026-05-27T19:28:51.077+0000] {processor.py:840} INFO - DAG(s) 'minio_to_snowflake_banking' retrieved from /opt/airflow/dags/minio_to_snowflake_dag.py
[2026-05-27T19:28:51.084+0000] {logging_mixin.py:188} INFO - [2026-05-27T19:28:51.084+0000] {dag.py:3089} INFO - Sync 1 DAGs
[2026-05-27T19:28:51.091+0000] {logging_mixin.py:188} INFO - [2026-05-27T19:28:51.091+0000] {dag.py:3947} INFO - Setting next_dagrun for minio_to_snowflake_banking to 2026-05-27 19:27:00+00:00, run_after=2026-05-27 19:28:00+00:00
[2026-05-27T19:28:51.096+0000] {processor.py:183} INFO - Processing /opt/airflow/dags/minio_to_snowflake_dag.py took 0.245 seconds
[2026-05-27T19:29:21.363+0000] {processor.py:161} INFO - Started process (PID=1610) to work on /opt/airflow/dags/minio_to_snowflake_dag.py
[2026-05-27T19:29:21.364+0000] {processor.py:830} INFO - Processing file /opt/airflow/dags/minio_to_snowflake_dag.py for tasks to queue
[2026-05-27T19:29:21.365+0000] {logging_mixin.py:188} INFO - [2026-05-27T19:29:21.365+0000] {dagbag.py:545} INFO - Filling up the DagBag from /opt/airflow/dags/minio_to_snowflake_dag.py
[2026-05-27T19:29:21.592+0000] {processor.py:840} INFO - DAG(s) 'minio_to_snowflake_banking' retrieved from /opt/airflow/dags/minio_to_snowflake_dag.py
[2026-05-27T19:29:21.600+0000] {logging_mixin.py:188} INFO - [2026-05-27T19:29:21.600+0000] {dag.py:3089} INFO - Sync 1 DAGs
[2026-05-27T19:29:21.606+0000] {logging_mixin.py:188} INFO - [2026-05-27T19:29:21.606+0000] {dag.py:3947} INFO - Setting next_dagrun for minio_to_snowflake_banking to 2026-05-27 19:28:00+00:00, run_after=2026-05-27 19:29:00+00:00
[2026-05-27T19:29:21.611+0000] {processor.py:183} INFO - Processing /opt/airflow/dags/minio_to_snowflake_dag.py took 0.251 seconds
[2026-05-27T19:29:51.645+0000] {processor.py:161} INFO - Started process (PID=1614) to work on /opt/airflow/dags/minio_to_snowflake_dag.py
[2026-05-27T19:29:51.647+0000] {processor.py:830} INFO - Processing file /opt/airflow/dags/minio_to_snowflake_dag.py for tasks to queue
[2026-05-27T19:29:51.648+0000] {logging_mixin.py:188} INFO - [2026-05-27T19:29:51.648+0000] {dagbag.py:545} INFO - Filling up the DagBag from /opt/airflow/dags/minio_to_snowflake_dag.py
[2026-05-27T19:29:51.873+0000] {processor.py:840} INFO - DAG(s) 'minio_to_snowflake_banking' retrieved from /opt/airflow/dags/minio_to_snowflake_dag.py
[2026-05-27T19:29:51.881+0000] {logging_mixin.py:188} INFO - [2026-05-27T19:29:51.881+0000] {dag.py:3089} INFO - Sync 1 DAGs
[2026-05-27T19:29:51.887+0000] {logging_mixin.py:188} INFO - [2026-05-27T19:29:51.887+0000] {dag.py:3947} INFO - Setting next_dagrun for minio_to_snowflake_banking to 2026-05-27 19:28:00+00:00, run_after=2026-05-27 19:29:00+00:00
[2026-05-27T19:29:51.893+0000] {processor.py:183} INFO - Processing /opt/airflow/dags/minio_to_snowflake_dag.py took 0.253 seconds
[2026-05-27T19:30:22.234+0000] {processor.py:161} INFO - Started process (PID=1618) to work on /opt/airflow/dags/minio_to_snowflake_dag.py
[2026-05-27T19:30:22.236+0000] {processor.py:830} INFO - Processing file /opt/airflow/dags/minio_to_snowflake_dag.py for tasks to queue
[2026-05-27T19:30:22.238+0000] {logging_mixin.py:188} INFO - [2026-05-27T19:30:22.237+0000] {dagbag.py:545} INFO - Filling up the DagBag from /opt/airflow/dags/minio_to_snowflake_dag.py
[2026-05-27T19:30:22.498+0000] {processor.py:840} INFO - DAG(s) 'minio_to_snowflake_banking' retrieved from /opt/airflow/dags/minio_to_snowflake_dag.py
[2026-05-27T19:30:22.507+0000] {logging_mixin.py:188} INFO - [2026-05-27T19:30:22.507+0000] {dag.py:3089} INFO - Sync 1 DAGs
[2026-05-27T19:30:22.513+0000] {logging_mixin.py:188} INFO - [2026-05-27T19:30:22.513+0000] {dag.py:3947} INFO - Setting next_dagrun for minio_to_snowflake_banking to 2026-05-27 19:29:00+00:00, run_after=2026-05-27 19:30:00+00:00
[2026-05-27T19:30:22.519+0000] {processor.py:183} INFO - Processing /opt/airflow/dags/minio_to_snowflake_dag.py took 0.291 seconds
[2026-05-27T19:30:52.758+0000] {processor.py:161} INFO - Started process (PID=1622) to work on /opt/airflow/dags/minio_to_snowflake_dag.py
[2026-05-27T19:30:52.759+0000] {processor.py:830} INFO - Processing file /opt/airflow/dags/minio_to_snowflake_dag.py for tasks to queue
[2026-05-27T19:30:52.759+0000] {logging_mixin.py:188} INFO - [2026-05-27T19:30:52.759+0000] {dagbag.py:545} INFO - Filling up the DagBag from /opt/airflow/dags/minio_to_snowflake_dag.py
[2026-05-27T19:30:52.979+0000] {processor.py:840} INFO - DAG(s) 'minio_to_snowflake_banking' retrieved from /opt/airflow/dags/minio_to_snowflake_dag.py
[2026-05-27T19:30:52.987+0000] {logging_mixin.py:188} INFO - [2026-05-27T19:30:52.987+0000] {dag.py:3089} INFO - Sync 1 DAGs
[2026-05-27T19:30:52.993+0000] {logging_mixin.py:188} INFO - [2026-05-27T19:30:52.993+0000] {dag.py:3947} INFO - Setting next_dagrun for minio_to_snowflake_banking to 2026-05-27 19:29:00+00:00, run_after=2026-05-27 19:30:00+00:00
[2026-05-27T19:30:52.998+0000] {processor.py:183} INFO - Processing /opt/airflow/dags/minio_to_snowflake_dag.py took 0.244 seconds
[2026-05-27T19:31:23.019+0000] {processor.py:161} INFO - Started process (PID=1626) to work on /opt/airflow/dags/minio_to_snowflake_dag.py
[2026-05-27T19:31:23.020+0000] {processor.py:830} INFO - Processing file /opt/airflow/dags/minio_to_snowflake_dag.py for tasks to queue
[2026-05-27T19:31:23.021+0000] {logging_mixin.py:188} INFO - [2026-05-27T19:31:23.021+0000] {dagbag.py:545} INFO - Filling up the DagBag from /opt/airflow/dags/minio_to_snowflake_dag.py
[2026-05-27T19:31:23.280+0000] {processor.py:840} INFO - DAG(s) 'minio_to_snowflake_banking' retrieved from /opt/airflow/dags/minio_to_snowflake_dag.py
[2026-05-27T19:31:23.289+0000] {logging_mixin.py:188} INFO - [2026-05-27T19:31:23.289+0000] {dag.py:3089} INFO - Sync 1 DAGs
[2026-05-27T19:31:23.297+0000] {logging_mixin.py:188} INFO - [2026-05-27T19:31:23.297+0000] {dag.py:3947} INFO - Setting next_dagrun for minio_to_snowflake_banking to 2026-05-27 19:30:00+00:00, run_after=2026-05-27 19:31:00+00:00
[2026-05-27T19:31:23.303+0000] {processor.py:183} INFO - Processing /opt/airflow/dags/minio_to_snowflake_dag.py took 0.287 seconds
[2026-05-27T19:31:53.487+0000] {processor.py:161} INFO - Started process (PID=1630) to work on /opt/airflow/dags/minio_to_snowflake_dag.py
[2026-05-27T19:31:53.489+0000] {processor.py:830} INFO - Processing file /opt/airflow/dags/minio_to_snowflake_dag.py for tasks to queue
[2026-05-27T19:31:53.490+0000] {logging_mixin.py:188} INFO - [2026-05-27T19:31:53.489+0000] {dagbag.py:545} INFO - Filling up the DagBag from /opt/airflow/dags/minio_to_snowflake_dag.py
[2026-05-27T19:31:53.744+0000] {processor.py:840} INFO - DAG(s) 'minio_to_snowflake_banking' retrieved from /opt/airflow/dags/minio_to_snowflake_dag.py
[2026-05-27T19:31:53.749+0000] {logging_mixin.py:188} INFO - [2026-05-27T19:31:53.749+0000] {dag.py:3089} INFO - Sync 1 DAGs
[2026-05-27T19:31:53.756+0000] {logging_mixin.py:188} INFO - [2026-05-27T19:31:53.756+0000] {dag.py:3947} INFO - Setting next_dagrun for minio_to_snowflake_banking to 2026-05-27 19:30:00+00:00, run_after=2026-05-27 19:31:00+00:00
[2026-05-27T19:31:53.761+0000] {processor.py:183} INFO - Processing /opt/airflow/dags/minio_to_snowflake_dag.py took 0.277 seconds
[2026-05-27T19:32:24.018+0000] {processor.py:161} INFO - Started process (PID=1634) to work on /opt/airflow/dags/minio_to_snowflake_dag.py
[2026-05-27T19:32:24.019+0000] {processor.py:830} INFO - Processing file /opt/airflow/dags/minio_to_snowflake_dag.py for tasks to queue
[2026-05-27T19:32:24.021+0000] {logging_mixin.py:188} INFO - [2026-05-27T19:32:24.020+0000] {dagbag.py:545} INFO - Filling up the DagBag from /opt/airflow/dags/minio_to_snowflake_dag.py
[2026-05-27T19:32:24.251+0000] {processor.py:840} INFO - DAG(s) 'minio_to_snowflake_banking' retrieved from /opt/airflow/dags/minio_to_snowflake_dag.py
[2026-05-27T19:32:24.291+0000] {logging_mixin.py:188} INFO - [2026-05-27T19:32:24.291+0000] {dag.py:3089} INFO - Sync 1 DAGs
[2026-05-27T19:32:24.297+0000] {logging_mixin.py:188} INFO - [2026-05-27T19:32:24.297+0000] {dag.py:3947} INFO - Setting next_dagrun for minio_to_snowflake_banking to 2026-05-27 19:31:00+00:00, run_after=2026-05-27 19:32:00+00:00
[2026-05-27T19:32:24.303+0000] {processor.py:183} INFO - Processing /opt/airflow/dags/minio_to_snowflake_dag.py took 0.289 seconds
[2026-05-27T19:32:54.529+0000] {processor.py:161} INFO - Started process (PID=1638) to work on /opt/airflow/dags/minio_to_snowflake_dag.py
[2026-05-27T19:32:54.530+0000] {processor.py:830} INFO - Processing file /opt/airflow/dags/minio_to_snowflake_dag.py for tasks to queue
[2026-05-27T19:32:54.531+0000] {logging_mixin.py:188} INFO - [2026-05-27T19:32:54.531+0000] {dagbag.py:545} INFO - Filling up the DagBag from /opt/airflow/dags/minio_to_snowflake_dag.py
[2026-05-27T19:32:54.754+0000] {processor.py:840} INFO - DAG(s) 'minio_to_snowflake_banking' retrieved from /opt/airflow/dags/minio_to_snowflake_dag.py
[2026-05-27T19:32:54.762+0000] {logging_mixin.py:188} INFO - [2026-05-27T19:32:54.762+0000] {dag.py:3089} INFO - Sync 1 DAGs
[2026-05-27T19:32:54.769+0000] {logging_mixin.py:188} INFO - [2026-05-27T19:32:54.769+0000] {dag.py:3947} INFO - Setting next_dagrun for minio_to_snowflake_banking to 2026-05-27 19:31:00+00:00, run_after=2026-05-27 19:32:00+00:00
[2026-05-27T19:32:54.774+0000] {processor.py:183} INFO - Processing /opt/airflow/dags/minio_to_snowflake_dag.py took 0.248 seconds
[2026-05-27T19:33:25.010+0000] {processor.py:161} INFO - Started process (PID=1642) to work on /opt/airflow/dags/minio_to_snowflake_dag.py
[2026-05-27T19:33:25.011+0000] {processor.py:830} INFO - Processing file /opt/airflow/dags/minio_to_snowflake_dag.py for tasks to queue
[2026-05-27T19:33:25.012+0000] {logging_mixin.py:188} INFO - [2026-05-27T19:33:25.012+0000] {dagbag.py:545} INFO - Filling up the DagBag from /opt/airflow/dags/minio_to_snowflake_dag.py
[2026-05-27T19:33:25.270+0000] {processor.py:840} INFO - DAG(s) 'minio_to_snowflake_banking' retrieved from /opt/airflow/dags/minio_to_snowflake_dag.py
[2026-05-27T19:33:25.279+0000] {logging_mixin.py:188} INFO - [2026-05-27T19:33:25.279+0000] {dag.py:3089} INFO - Sync 1 DAGs
[2026-05-27T19:33:25.286+0000] {logging_mixin.py:188} INFO - [2026-05-27T19:33:25.286+0000] {dag.py:3947} INFO - Setting next_dagrun for minio_to_snowflake_banking to 2026-05-27 19:32:00+00:00, run_after=2026-05-27 19:33:00+00:00
[2026-05-27T19:33:25.291+0000] {processor.py:183} INFO - Processing /opt/airflow/dags/minio_to_snowflake_dag.py took 0.286 seconds
[2026-05-27T19:33:55.474+0000] {processor.py:161} INFO - Started process (PID=1646) to work on /opt/airflow/dags/minio_to_snowflake_dag.py
[2026-05-27T19:33:55.475+0000] {processor.py:830} INFO - Processing file /opt/airflow/dags/minio_to_snowflake_dag.py for tasks to queue
[2026-05-27T19:33:55.476+0000] {logging_mixin.py:188} INFO - [2026-05-27T19:33:55.476+0000] {dagbag.py:545} INFO - Filling up the DagBag from /opt/airflow/dags/minio_to_snowflake_dag.py
[2026-05-27T19:33:55.697+0000] {processor.py:840} INFO - DAG(s) 'minio_to_snowflake_banking' retrieved from /opt/airflow/dags/minio_to_snowflake_dag.py
[2026-05-27T19:33:55.705+0000] {logging_mixin.py:188} INFO - [2026-05-27T19:33:55.705+0000] {dag.py:3089} INFO - Sync 1 DAGs
[2026-05-27T19:33:55.712+0000] {logging_mixin.py:188} INFO - [2026-05-27T19:33:55.712+0000] {dag.py:3947} INFO - Setting next_dagrun for minio_to_snowflake_banking to 2026-05-27 19:32:00+00:00, run_after=2026-05-27 19:33:00+00:00
[2026-05-27T19:33:55.716+0000] {processor.py:183} INFO - Processing /opt/airflow/dags/minio_to_snowflake_dag.py took 0.244 seconds
[2026-05-27T19:34:25.924+0000] {processor.py:161} INFO - Started process (PID=1650) to work on /opt/airflow/dags/minio_to_snowflake_dag.py
[2026-05-27T19:34:25.925+0000] {processor.py:830} INFO - Processing file /opt/airflow/dags/minio_to_snowflake_dag.py for tasks to queue
[2026-05-27T19:34:25.927+0000] {logging_mixin.py:188} INFO - [2026-05-27T19:34:25.926+0000] {dagbag.py:545} INFO - Filling up the DagBag from /opt/airflow/dags/minio_to_snowflake_dag.py
[2026-05-27T19:34:26.159+0000] {processor.py:840} INFO - DAG(s) 'minio_to_snowflake_banking' retrieved from /opt/airflow/dags/minio_to_snowflake_dag.py
[2026-05-27T19:34:26.167+0000] {logging_mixin.py:188} INFO - [2026-05-27T19:34:26.167+0000] {dag.py:3089} INFO - Sync 1 DAGs
[2026-05-27T19:34:26.175+0000] {logging_mixin.py:188} INFO - [2026-05-27T19:34:26.175+0000] {dag.py:3947} INFO - Setting next_dagrun for minio_to_snowflake_banking to 2026-05-27 19:33:00+00:00, run_after=2026-05-27 19:34:00+00:00
[2026-05-27T19:34:26.180+0000] {processor.py:183} INFO - Processing /opt/airflow/dags/minio_to_snowflake_dag.py took 0.261 seconds
[2026-05-27T19:34:56.369+0000] {processor.py:161} INFO - Started process (PID=1654) to work on /opt/airflow/dags/minio_to_snowflake_dag.py
[2026-05-27T19:34:56.370+0000] {processor.py:830} INFO - Processing file /opt/airflow/dags/minio_to_snowflake_dag.py for tasks to queue
[2026-05-27T19:34:56.371+0000] {logging_mixin.py:188} INFO - [2026-05-27T19:34:56.371+0000] {dagbag.py:545} INFO - Filling up the DagBag from /opt/airflow/dags/minio_to_snowflake_dag.py
[2026-05-27T19:34:56.626+0000] {processor.py:840} INFO - DAG(s) 'minio_to_snowflake_banking' retrieved from /opt/airflow/dags/minio_to_snowflake_dag.py
[2026-05-27T19:34:56.636+0000] {logging_mixin.py:188} INFO - [2026-05-27T19:34:56.635+0000] {dag.py:3089} INFO - Sync 1 DAGs
[2026-05-27T19:34:56.644+0000] {logging_mixin.py:188} INFO - [2026-05-27T19:34:56.644+0000] {dag.py:3947} INFO - Setting next_dagrun for minio_to_snowflake_banking to 2026-05-27 19:33:00+00:00, run_after=2026-05-27 19:34:00+00:00
[2026-05-27T19:34:56.650+0000] {processor.py:183} INFO - Processing /opt/airflow/dags/minio_to_snowflake_dag.py took 0.285 seconds
[2026-05-27T19:35:26.845+0000] {processor.py:161} INFO - Started process (PID=1658) to work on /opt/airflow/dags/minio_to_snowflake_dag.py
[2026-05-27T19:35:26.847+0000] {processor.py:830} INFO - Processing file /opt/airflow/dags/minio_to_snowflake_dag.py for tasks to queue
[2026-05-27T19:35:26.848+0000] {logging_mixin.py:188} INFO - [2026-05-27T19:35:26.848+0000] {dagbag.py:545} INFO - Filling up the DagBag from /opt/airflow/dags/minio_to_snowflake_dag.py
[2026-05-27T19:35:27.075+0000] {processor.py:840} INFO - DAG(s) 'minio_to_snowflake_banking' retrieved from /opt/airflow/dags/minio_to_snowflake_dag.py
[2026-05-27T19:35:27.083+0000] {logging_mixin.py:188} INFO - [2026-05-27T19:35:27.083+0000] {dag.py:3089} INFO - Sync 1 DAGs
[2026-05-27T19:35:27.090+0000] {logging_mixin.py:188} INFO - [2026-05-27T19:35:27.090+0000] {dag.py:3947} INFO - Setting next_dagrun for minio_to_snowflake_banking to 2026-05-27 19:34:00+00:00, run_after=2026-05-27 19:35:00+00:00
[2026-05-27T19:35:27.095+0000] {processor.py:183} INFO - Processing /opt/airflow/dags/minio_to_snowflake_dag.py took 0.256 seconds
[2026-05-27T19:35:57.303+0000] {processor.py:161} INFO - Started process (PID=1662) to work on /opt/airflow/dags/minio_to_snowflake_dag.py
[2026-05-27T19:35:57.304+0000] {processor.py:830} INFO - Processing file /opt/airflow/dags/minio_to_snowflake_dag.py for tasks to queue
[2026-05-27T19:35:57.306+0000] {logging_mixin.py:188} INFO - [2026-05-27T19:35:57.305+0000] {dagbag.py:545} INFO - Filling up the DagBag from /opt/airflow/dags/minio_to_snowflake_dag.py
[2026-05-27T19:35:57.564+0000] {processor.py:840} INFO - DAG(s) 'minio_to_snowflake_banking' retrieved from /opt/airflow/dags/minio_to_snowflake_dag.py
[2026-05-27T19:35:57.574+0000] {logging_mixin.py:188} INFO - [2026-05-27T19:35:57.574+0000] {dag.py:3089} INFO - Sync 1 DAGs
[2026-05-27T19:35:57.582+0000] {logging_mixin.py:188} INFO - [2026-05-27T19:35:57.581+0000] {dag.py:3947} INFO - Setting next_dagrun for minio_to_snowflake_banking to 2026-05-27 19:34:00+00:00, run_after=2026-05-27 19:35:00+00:00
[2026-05-27T19:35:57.588+0000] {processor.py:183} INFO - Processing /opt/airflow/dags/minio_to_snowflake_dag.py took 0.290 seconds
[2026-05-27T19:36:27.777+0000] {processor.py:161} INFO - Started process (PID=1666) to work on /opt/airflow/dags/minio_to_snowflake_dag.py
[2026-05-27T19:36:27.778+0000] {processor.py:830} INFO - Processing file /opt/airflow/dags/minio_to_snowflake_dag.py for tasks to queue
[2026-05-27T19:36:27.778+0000] {logging_mixin.py:188} INFO - [2026-05-27T19:36:27.778+0000] {dagbag.py:545} INFO - Filling up the DagBag from /opt/airflow/dags/minio_to_snowflake_dag.py
[2026-05-27T19:36:28.011+0000] {processor.py:840} INFO - DAG(s) 'minio_to_snowflake_banking' retrieved from /opt/airflow/dags/minio_to_snowflake_dag.py
[2026-05-27T19:36:28.021+0000] {logging_mixin.py:188} INFO - [2026-05-27T19:36:28.020+0000] {dag.py:3089} INFO - Sync 1 DAGs
[2026-05-27T19:36:28.029+0000] {logging_mixin.py:188} INFO - [2026-05-27T19:36:28.029+0000] {dag.py:3947} INFO - Setting next_dagrun for minio_to_snowflake_banking to 2026-05-27 19:35:00+00:00, run_after=2026-05-27 19:36:00+00:00
[2026-05-27T19:36:28.035+0000] {processor.py:183} INFO - Processing /opt/airflow/dags/minio_to_snowflake_dag.py took 0.261 seconds
[2026-05-27T19:36:58.230+0000] {processor.py:161} INFO - Started process (PID=1670) to work on /opt/airflow/dags/minio_to_snowflake_dag.py
[2026-05-27T19:36:58.231+0000] {processor.py:830} INFO - Processing file /opt/airflow/dags/minio_to_snowflake_dag.py for tasks to queue
[2026-05-27T19:36:58.232+0000] {logging_mixin.py:188} INFO - [2026-05-27T19:36:58.232+0000] {dagbag.py:545} INFO - Filling up the DagBag from /opt/airflow/dags/minio_to_snowflake_dag.py
[2026-05-27T19:36:58.457+0000] {processor.py:840} INFO - DAG(s) 'minio_to_snowflake_banking' retrieved from /opt/airflow/dags/minio_to_snowflake_dag.py
[2026-05-27T19:36:58.466+0000] {logging_mixin.py:188} INFO - [2026-05-27T19:36:58.465+0000] {dag.py:3089} INFO - Sync 1 DAGs
[2026-05-27T19:36:58.472+0000] {logging_mixin.py:188} INFO - [2026-05-27T19:36:58.472+0000] {dag.py:3947} INFO - Setting next_dagrun for minio_to_snowflake_banking to 2026-05-27 19:35:00+00:00, run_after=2026-05-27 19:36:00+00:00
[2026-05-27T19:36:58.478+0000] {processor.py:183} INFO - Processing /opt/airflow/dags/minio_to_snowflake_dag.py took 0.253 seconds
[2026-05-27T19:37:28.687+0000] {processor.py:161} INFO - Started process (PID=1674) to work on /opt/airflow/dags/minio_to_snowflake_dag.py
[2026-05-27T19:37:28.689+0000] {processor.py:830} INFO - Processing file /opt/airflow/dags/minio_to_snowflake_dag.py for tasks to queue
[2026-05-27T19:37:28.690+0000] {logging_mixin.py:188} INFO - [2026-05-27T19:37:28.690+0000] {dagbag.py:545} INFO - Filling up the DagBag from /opt/airflow/dags/minio_to_snowflake_dag.py
[2026-05-27T19:37:28.928+0000] {processor.py:840} INFO - DAG(s) 'minio_to_snowflake_banking' retrieved from /opt/airflow/dags/minio_to_snowflake_dag.py
[2026-05-27T19:37:28.936+0000] {logging_mixin.py:188} INFO - [2026-05-27T19:37:28.936+0000] {dag.py:3089} INFO - Sync 1 DAGs
[2026-05-27T19:37:28.944+0000] {logging_mixin.py:188} INFO - [2026-05-27T19:37:28.944+0000] {dag.py:3947} INFO - Setting next_dagrun for minio_to_snowflake_banking to 2026-05-27 19:36:00+00:00, run_after=2026-05-27 19:37:00+00:00
[2026-05-27T19:37:28.950+0000] {processor.py:183} INFO - Processing /opt/airflow/dags/minio_to_snowflake_dag.py took 0.268 seconds
[2026-05-27T19:37:59.182+0000] {processor.py:161} INFO - Started process (PID=1678) to work on /opt/airflow/dags/minio_to_snowflake_dag.py
[2026-05-27T19:37:59.183+0000] {processor.py:830} INFO - Processing file /opt/airflow/dags/minio_to_snowflake_dag.py for tasks to queue
[2026-05-27T19:37:59.185+0000] {logging_mixin.py:188} INFO - [2026-05-27T19:37:59.184+0000] {dagbag.py:545} INFO - Filling up the DagBag from /opt/airflow/dags/minio_to_snowflake_dag.py
[2026-05-27T19:37:59.446+0000] {processor.py:840} INFO - DAG(s) 'minio_to_snowflake_banking' retrieved from /opt/airflow/dags/minio_to_snowflake_dag.py
[2026-05-27T19:37:59.456+0000] {logging_mixin.py:188} INFO - [2026-05-27T19:37:59.456+0000] {dag.py:3089} INFO - Sync 1 DAGs
[2026-05-27T19:37:59.464+0000] {logging_mixin.py:188} INFO - [2026-05-27T19:37:59.464+0000] {dag.py:3947} INFO - Setting next_dagrun for minio_to_snowflake_banking to 2026-05-27 19:36:00+00:00, run_after=2026-05-27 19:37:00+00:00
[2026-05-27T19:37:59.469+0000] {processor.py:183} INFO - Processing /opt/airflow/dags/minio_to_snowflake_dag.py took 0.291 seconds
[2026-05-27T19:38:03.215+0000] {processor.py:161} INFO - Started process (PID=1682) to work on /opt/airflow/dags/minio_to_snowflake_dag.py
[2026-05-27T19:38:03.217+0000] {processor.py:830} INFO - Processing file /opt/airflow/dags/minio_to_snowflake_dag.py for tasks to queue
[2026-05-27T19:38:03.218+0000] {logging_mixin.py:188} INFO - [2026-05-27T19:38:03.218+0000] {dagbag.py:545} INFO - Filling up the DagBag from /opt/airflow/dags/minio_to_snowflake_dag.py
[2026-05-27T19:38:03.474+0000] {processor.py:840} INFO - DAG(s) 'minio_to_snowflake_banking' retrieved from /opt/airflow/dags/minio_to_snowflake_dag.py
[2026-05-27T19:38:03.504+0000] {logging_mixin.py:188} INFO - [2026-05-27T19:38:03.504+0000] {dag.py:3089} INFO - Sync 1 DAGs
[2026-05-27T19:38:03.510+0000] {logging_mixin.py:188} INFO - [2026-05-27T19:38:03.510+0000] {dag.py:3947} INFO - Setting next_dagrun for minio_to_snowflake_banking to 2027-01-01 00:00:00+00:00, run_after=2027-01-01 00:01:00+00:00
[2026-05-27T19:38:03.516+0000] {processor.py:183} INFO - Processing /opt/airflow/dags/minio_to_snowflake_dag.py took 0.307 seconds
[2026-05-27T19:38:33.681+0000] {processor.py:161} INFO - Started process (PID=1686) to work on /opt/airflow/dags/minio_to_snowflake_dag.py
[2026-05-27T19:38:33.682+0000] {processor.py:830} INFO - Processing file /opt/airflow/dags/minio_to_snowflake_dag.py for tasks to queue
[2026-05-27T19:38:33.684+0000] {logging_mixin.py:188} INFO - [2026-05-27T19:38:33.684+0000] {dagbag.py:545} INFO - Filling up the DagBag from /opt/airflow/dags/minio_to_snowflake_dag.py
[2026-05-27T19:38:33.923+0000] {processor.py:840} INFO - DAG(s) 'minio_to_snowflake_banking' retrieved from /opt/airflow/dags/minio_to_snowflake_dag.py
[2026-05-27T19:38:33.932+0000] {logging_mixin.py:188} INFO - [2026-05-27T19:38:33.932+0000] {dag.py:3089} INFO - Sync 1 DAGs
[2026-05-27T19:38:33.939+0000] {logging_mixin.py:188} INFO - [2026-05-27T19:38:33.939+0000] {dag.py:3947} INFO - Setting next_dagrun for minio_to_snowflake_banking to 2027-01-01 00:00:00+00:00, run_after=2027-01-01 00:01:00+00:00
[2026-05-27T19:38:33.945+0000] {processor.py:183} INFO - Processing /opt/airflow/dags/minio_to_snowflake_dag.py took 0.268 seconds
[2026-05-27T19:39:04.150+0000] {processor.py:161} INFO - Started process (PID=1690) to work on /opt/airflow/dags/minio_to_snowflake_dag.py
[2026-05-27T19:39:04.152+0000] {processor.py:830} INFO - Processing file /opt/airflow/dags/minio_to_snowflake_dag.py for tasks to queue
[2026-05-27T19:39:04.153+0000] {logging_mixin.py:188} INFO - [2026-05-27T19:39:04.153+0000] {dagbag.py:545} INFO - Filling up the DagBag from /opt/airflow/dags/minio_to_snowflake_dag.py
[2026-05-27T19:39:04.375+0000] {processor.py:840} INFO - DAG(s) 'minio_to_snowflake_banking' retrieved from /opt/airflow/dags/minio_to_snowflake_dag.py
[2026-05-27T19:39:04.383+0000] {logging_mixin.py:188} INFO - [2026-05-27T19:39:04.383+0000] {dag.py:3089} INFO - Sync 1 DAGs
[2026-05-27T19:39:04.389+0000] {logging_mixin.py:188} INFO - [2026-05-27T19:39:04.389+0000] {dag.py:3947} INFO - Setting next_dagrun for minio_to_snowflake_banking to 2027-01-01 00:00:00+00:00, run_after=2027-01-01 00:01:00+00:00
[2026-05-27T19:39:04.395+0000] {processor.py:183} INFO - Processing /opt/airflow/dags/minio_to_snowflake_dag.py took 0.250 seconds
[2026-05-27T19:39:34.651+0000] {processor.py:161} INFO - Started process (PID=1694) to work on /opt/airflow/dags/minio_to_snowflake_dag.py
[2026-05-27T19:39:34.653+0000] {processor.py:830} INFO - Processing file /opt/airflow/dags/minio_to_snowflake_dag.py for tasks to queue
[2026-05-27T19:39:34.655+0000] {logging_mixin.py:188} INFO - [2026-05-27T19:39:34.655+0000] {dagbag.py:545} INFO - Filling up the DagBag from /opt/airflow/dags/minio_to_snowflake_dag.py
[2026-05-27T19:39:34.902+0000] {processor.py:840} INFO - DAG(s) 'minio_to_snowflake_banking' retrieved from /opt/airflow/dags/minio_to_snowflake_dag.py
[2026-05-27T19:39:34.910+0000] {logging_mixin.py:188} INFO - [2026-05-27T19:39:34.910+0000] {dag.py:3089} INFO - Sync 1 DAGs
[2026-05-27T19:39:34.918+0000] {logging_mixin.py:188} INFO - [2026-05-27T19:39:34.917+0000] {dag.py:3947} INFO - Setting next_dagrun for minio_to_snowflake_banking to 2027-01-01 00:00:00+00:00, run_after=2027-01-01 00:01:00+00:00
[2026-05-27T19:39:34.923+0000] {processor.py:183} INFO - Processing /opt/airflow/dags/minio_to_snowflake_dag.py took 0.277 seconds
[2026-05-27T19:40:05.195+0000] {processor.py:161} INFO - Started process (PID=1698) to work on /opt/airflow/dags/minio_to_snowflake_dag.py
[2026-05-27T19:40:05.197+0000] {processor.py:830} INFO - Processing file /opt/airflow/dags/minio_to_snowflake_dag.py for tasks to queue
[2026-05-27T19:40:05.198+0000] {logging_mixin.py:188} INFO - [2026-05-27T19:40:05.198+0000] {dagbag.py:545} INFO - Filling up the DagBag from /opt/airflow/dags/minio_to_snowflake_dag.py
[2026-05-27T19:40:05.421+0000] {processor.py:840} INFO - DAG(s) 'minio_to_snowflake_banking' retrieved from /opt/airflow/dags/minio_to_snowflake_dag.py
[2026-05-27T19:40:05.429+0000] {logging_mixin.py:188} INFO - [2026-05-27T19:40:05.429+0000] {dag.py:3089} INFO - Sync 1 DAGs
[2026-05-27T19:40:05.435+0000] {logging_mixin.py:188} INFO - [2026-05-27T19:40:05.435+0000] {dag.py:3947} INFO - Setting next_dagrun for minio_to_snowflake_banking to 2027-01-01 00:00:00+00:00, run_after=2027-01-01 00:01:00+00:00
[2026-05-27T19:40:05.440+0000] {processor.py:183} INFO - Processing /opt/airflow/dags/minio_to_snowflake_dag.py took 0.250 seconds
[2026-05-27T19:40:35.635+0000] {processor.py:161} INFO - Started process (PID=1702) to work on /opt/airflow/dags/minio_to_snowflake_dag.py
[2026-05-27T19:40:35.636+0000] {processor.py:830} INFO - Processing file /opt/airflow/dags/minio_to_snowflake_dag.py for tasks to queue
[2026-05-27T19:40:35.638+0000] {logging_mixin.py:188} INFO - [2026-05-27T19:40:35.637+0000] {dagbag.py:545} INFO - Filling up the DagBag from /opt/airflow/dags/minio_to_snowflake_dag.py
[2026-05-27T19:40:35.876+0000] {processor.py:840} INFO - DAG(s) 'minio_to_snowflake_banking' retrieved from /opt/airflow/dags/minio_to_snowflake_dag.py
[2026-05-27T19:40:35.888+0000] {logging_mixin.py:188} INFO - [2026-05-27T19:40:35.888+0000] {dag.py:3089} INFO - Sync 1 DAGs
[2026-05-27T19:40:35.896+0000] {logging_mixin.py:188} INFO - [2026-05-27T19:40:35.896+0000] {dag.py:3947} INFO - Setting next_dagrun for minio_to_snowflake_banking to 2027-01-01 00:00:00+00:00, run_after=2027-01-01 00:01:00+00:00
[2026-05-27T19:40:35.902+0000] {processor.py:183} INFO - Processing /opt/airflow/dags/minio_to_snowflake_dag.py took 0.272 seconds
[2026-05-27T19:40:39.671+0000] {processor.py:161} INFO - Started process (PID=1706) to work on /opt/airflow/dags/minio_to_snowflake_dag.py
[2026-05-27T19:40:39.672+0000] {processor.py:830} INFO - Processing file /opt/airflow/dags/minio_to_snowflake_dag.py for tasks to queue
[2026-05-27T19:40:39.672+0000] {logging_mixin.py:188} INFO - [2026-05-27T19:40:39.672+0000] {dagbag.py:545} INFO - Filling up the DagBag from /opt/airflow/dags/minio_to_snowflake_dag.py
[2026-05-27T19:40:39.916+0000] {processor.py:840} INFO - DAG(s) 'minio_to_snowflake_banking' retrieved from /opt/airflow/dags/minio_to_snowflake_dag.py
[2026-05-27T19:40:39.948+0000] {logging_mixin.py:188} INFO - [2026-05-27T19:40:39.948+0000] {dag.py:3089} INFO - Sync 1 DAGs
[2026-05-27T19:40:39.954+0000] {logging_mixin.py:188} INFO - [2026-05-27T19:40:39.954+0000] {dag.py:3947} INFO - Setting next_dagrun for minio_to_snowflake_banking to 2026-05-27 19:00:00+00:00, run_after=2026-05-27 19:30:00+00:00
[2026-05-27T19:40:39.961+0000] {processor.py:183} INFO - Processing /opt/airflow/dags/minio_to_snowflake_dag.py took 0.294 seconds
[2026-05-27T19:41:10.149+0000] {processor.py:161} INFO - Started process (PID=1710) to work on /opt/airflow/dags/minio_to_snowflake_dag.py
[2026-05-27T19:41:10.150+0000] {processor.py:830} INFO - Processing file /opt/airflow/dags/minio_to_snowflake_dag.py for tasks to queue
[2026-05-27T19:41:10.151+0000] {logging_mixin.py:188} INFO - [2026-05-27T19:41:10.151+0000] {dagbag.py:545} INFO - Filling up the DagBag from /opt/airflow/dags/minio_to_snowflake_dag.py
[2026-05-27T19:41:10.410+0000] {processor.py:840} INFO - DAG(s) 'minio_to_snowflake_banking' retrieved from /opt/airflow/dags/minio_to_snowflake_dag.py
[2026-05-27T19:41:10.419+0000] {logging_mixin.py:188} INFO - [2026-05-27T19:41:10.419+0000] {dag.py:3089} INFO - Sync 1 DAGs
[2026-05-27T19:41:10.426+0000] {logging_mixin.py:188} INFO - [2026-05-27T19:41:10.426+0000] {dag.py:3947} INFO - Setting next_dagrun for minio_to_snowflake_banking to 2026-05-27 19:00:00+00:00, run_after=2026-05-27 19:30:00+00:00
[2026-05-27T19:41:10.434+0000] {processor.py:183} INFO - Processing /opt/airflow/dags/minio_to_snowflake_dag.py took 0.290 seconds
[2026-05-27T19:41:40.675+0000] {processor.py:161} INFO - Started process (PID=1768) to work on /opt/airflow/dags/minio_to_snowflake_dag.py
[2026-05-27T19:41:40.676+0000] {processor.py:830} INFO - Processing file /opt/airflow/dags/minio_to_snowflake_dag.py for tasks to queue
[2026-05-27T19:41:40.677+0000] {logging_mixin.py:188} INFO - [2026-05-27T19:41:40.677+0000] {dagbag.py:545} INFO - Filling up the DagBag from /opt/airflow/dags/minio_to_snowflake_dag.py
[2026-05-27T19:41:40.899+0000] {processor.py:840} INFO - DAG(s) 'minio_to_snowflake_banking' retrieved from /opt/airflow/dags/minio_to_snowflake_dag.py
[2026-05-27T19:41:40.907+0000] {logging_mixin.py:188} INFO - [2026-05-27T19:41:40.907+0000] {dag.py:3089} INFO - Sync 1 DAGs
[2026-05-27T19:41:40.913+0000] {logging_mixin.py:188} INFO - [2026-05-27T19:41:40.913+0000] {dag.py:3947} INFO - Setting next_dagrun for minio_to_snowflake_banking to 2026-05-27 19:00:00+00:00, run_after=2026-05-27 19:30:00+00:00
[2026-05-27T19:41:40.918+0000] {processor.py:183} INFO - Processing /opt/airflow/dags/minio_to_snowflake_dag.py took 0.249 seconds
[2026-05-27T19:42:11.134+0000] {processor.py:161} INFO - Started process (PID=1772) to work on /opt/airflow/dags/minio_to_snowflake_dag.py
[2026-05-27T19:42:11.136+0000] {processor.py:830} INFO - Processing file /opt/airflow/dags/minio_to_snowflake_dag.py for tasks to queue
[2026-05-27T19:42:11.137+0000] {logging_mixin.py:188} INFO - [2026-05-27T19:42:11.136+0000] {dagbag.py:545} INFO - Filling up the DagBag from /opt/airflow/dags/minio_to_snowflake_dag.py
[2026-05-27T19:42:11.378+0000] {processor.py:840} INFO - DAG(s) 'minio_to_snowflake_banking' retrieved from /opt/airflow/dags/minio_to_snowflake_dag.py
[2026-05-27T19:42:11.389+0000] {logging_mixin.py:188} INFO - [2026-05-27T19:42:11.388+0000] {dag.py:3089} INFO - Sync 1 DAGs
[2026-05-27T19:42:11.396+0000] {logging_mixin.py:188} INFO - [2026-05-27T19:42:11.396+0000] {dag.py:3947} INFO - Setting next_dagrun for minio_to_snowflake_banking to 2026-05-27 19:00:00+00:00, run_after=2026-05-27 19:30:00+00:00
[2026-05-27T19:42:11.403+0000] {processor.py:183} INFO - Processing /opt/airflow/dags/minio_to_snowflake_dag.py took 0.273 seconds
[2026-05-27T19:42:41.614+0000] {processor.py:161} INFO - Started process (PID=1776) to work on /opt/airflow/dags/minio_to_snowflake_dag.py
[2026-05-27T19:42:41.615+0000] {processor.py:830} INFO - Processing file /opt/airflow/dags/minio_to_snowflake_dag.py for tasks to queue
[2026-05-27T19:42:41.616+0000] {logging_mixin.py:188} INFO - [2026-05-27T19:42:41.616+0000] {dagbag.py:545} INFO - Filling up the DagBag from /opt/airflow/dags/minio_to_snowflake_dag.py
[2026-05-27T19:42:41.846+0000] {processor.py:840} INFO - DAG(s) 'minio_to_snowflake_banking' retrieved from /opt/airflow/dags/minio_to_snowflake_dag.py
[2026-05-27T19:42:41.854+0000] {logging_mixin.py:188} INFO - [2026-05-27T19:42:41.854+0000] {dag.py:3089} INFO - Sync 1 DAGs
[2026-05-27T19:42:41.860+0000] {logging_mixin.py:188} INFO - [2026-05-27T19:42:41.860+0000] {dag.py:3947} INFO - Setting next_dagrun for minio_to_snowflake_banking to 2026-05-27 19:00:00+00:00, run_after=2026-05-27 19:30:00+00:00
[2026-05-27T19:42:41.865+0000] {processor.py:183} INFO - Processing /opt/airflow/dags/minio_to_snowflake_dag.py took 0.254 seconds
[2026-05-27T19:43:12.054+0000] {processor.py:161} INFO - Started process (PID=1780) to work on /opt/airflow/dags/minio_to_snowflake_dag.py
[2026-05-27T19:43:12.056+0000] {processor.py:830} INFO - Processing file /opt/airflow/dags/minio_to_snowflake_dag.py for tasks to queue
[2026-05-27T19:43:12.057+0000] {logging_mixin.py:188} INFO - [2026-05-27T19:43:12.057+0000] {dagbag.py:545} INFO - Filling up the DagBag from /opt/airflow/dags/minio_to_snowflake_dag.py
[2026-05-27T19:43:12.314+0000] {processor.py:840} INFO - DAG(s) 'minio_to_snowflake_banking' retrieved from /opt/airflow/dags/minio_to_snowflake_dag.py
[2026-05-27T19:43:12.322+0000] {logging_mixin.py:188} INFO - [2026-05-27T19:43:12.322+0000] {dag.py:3089} INFO - Sync 1 DAGs
[2026-05-27T19:43:12.329+0000] {logging_mixin.py:188} INFO - [2026-05-27T19:43:12.329+0000] {dag.py:3947} INFO - Setting next_dagrun for minio_to_snowflake_banking to 2026-05-27 19:00:00+00:00, run_after=2026-05-27 19:30:00+00:00
[2026-05-27T19:43:12.334+0000] {processor.py:183} INFO - Processing /opt/airflow/dags/minio_to_snowflake_dag.py took 0.284 seconds
[2026-05-27T19:43:42.521+0000] {processor.py:161} INFO - Started process (PID=1784) to work on /opt/airflow/dags/minio_to_snowflake_dag.py
[2026-05-27T19:43:42.523+0000] {processor.py:830} INFO - Processing file /opt/airflow/dags/minio_to_snowflake_dag.py for tasks to queue
[2026-05-27T19:43:42.525+0000] {logging_mixin.py:188} INFO - [2026-05-27T19:43:42.525+0000] {dagbag.py:545} INFO - Filling up the DagBag from /opt/airflow/dags/minio_to_snowflake_dag.py
[2026-05-27T19:43:42.766+0000] {processor.py:840} INFO - DAG(s) 'minio_to_snowflake_banking' retrieved from /opt/airflow/dags/minio_to_snowflake_dag.py
[2026-05-27T19:43:42.774+0000] {logging_mixin.py:188} INFO - [2026-05-27T19:43:42.774+0000] {dag.py:3089} INFO - Sync 1 DAGs
[2026-05-27T19:43:42.780+0000] {logging_mixin.py:188} INFO - [2026-05-27T19:43:42.780+0000] {dag.py:3947} INFO - Setting next_dagrun for minio_to_snowflake_banking to 2026-05-27 19:00:00+00:00, run_after=2026-05-27 19:30:00+00:00
[2026-05-27T19:43:42.786+0000] {processor.py:183} INFO - Processing /opt/airflow/dags/minio_to_snowflake_dag.py took 0.270 seconds
[2026-05-27T19:44:12.963+0000] {processor.py:161} INFO - Started process (PID=1788) to work on /opt/airflow/dags/minio_to_snowflake_dag.py
[2026-05-27T19:44:12.964+0000] {processor.py:830} INFO - Processing file /opt/airflow/dags/minio_to_snowflake_dag.py for tasks to queue
[2026-05-27T19:44:12.965+0000] {logging_mixin.py:188} INFO - [2026-05-27T19:44:12.965+0000] {dagbag.py:545} INFO - Filling up the DagBag from /opt/airflow/dags/minio_to_snowflake_dag.py
[2026-05-27T19:44:13.215+0000] {processor.py:840} INFO - DAG(s) 'minio_to_snowflake_banking' retrieved from /opt/airflow/dags/minio_to_snowflake_dag.py
[2026-05-27T19:44:13.228+0000] {logging_mixin.py:188} INFO - [2026-05-27T19:44:13.228+0000] {dag.py:3089} INFO - Sync 1 DAGs
[2026-05-27T19:44:13.240+0000] {logging_mixin.py:188} INFO - [2026-05-27T19:44:13.240+0000] {dag.py:3947} INFO - Setting next_dagrun for minio_to_snowflake_banking to 2026-05-27 19:00:00+00:00, run_after=2026-05-27 19:30:00+00:00
[2026-05-27T19:44:13.247+0000] {processor.py:183} INFO - Processing /opt/airflow/dags/minio_to_snowflake_dag.py took 0.287 seconds
[2026-05-27T19:44:43.475+0000] {processor.py:161} INFO - Started process (PID=1792) to work on /opt/airflow/dags/minio_to_snowflake_dag.py
[2026-05-27T19:44:43.477+0000] {processor.py:830} INFO - Processing file /opt/airflow/dags/minio_to_snowflake_dag.py for tasks to queue
[2026-05-27T19:44:43.478+0000] {logging_mixin.py:188} INFO - [2026-05-27T19:44:43.478+0000] {dagbag.py:545} INFO - Filling up the DagBag from /opt/airflow/dags/minio_to_snowflake_dag.py
[2026-05-27T19:44:43.733+0000] {processor.py:840} INFO - DAG(s) 'minio_to_snowflake_banking' retrieved from /opt/airflow/dags/minio_to_snowflake_dag.py
[2026-05-27T19:44:43.742+0000] {logging_mixin.py:188} INFO - [2026-05-27T19:44:43.742+0000] {dag.py:3089} INFO - Sync 1 DAGs
[2026-05-27T19:44:43.750+0000] {logging_mixin.py:188} INFO - [2026-05-27T19:44:43.750+0000] {dag.py:3947} INFO - Setting next_dagrun for minio_to_snowflake_banking to 2026-05-27 19:00:00+00:00, run_after=2026-05-27 19:30:00+00:00
[2026-05-27T19:44:43.756+0000] {processor.py:183} INFO - Processing /opt/airflow/dags/minio_to_snowflake_dag.py took 0.287 seconds
[2026-05-27T19:45:13.973+0000] {processor.py:161} INFO - Started process (PID=1796) to work on /opt/airflow/dags/minio_to_snowflake_dag.py
[2026-05-27T19:45:13.974+0000] {processor.py:830} INFO - Processing file /opt/airflow/dags/minio_to_snowflake_dag.py for tasks to queue
[2026-05-27T19:45:13.976+0000] {logging_mixin.py:188} INFO - [2026-05-27T19:45:13.975+0000] {dagbag.py:545} INFO - Filling up the DagBag from /opt/airflow/dags/minio_to_snowflake_dag.py
[2026-05-27T19:45:14.212+0000] {processor.py:840} INFO - DAG(s) 'minio_to_snowflake_banking' retrieved from /opt/airflow/dags/minio_to_snowflake_dag.py
[2026-05-27T19:45:14.219+0000] {logging_mixin.py:188} INFO - [2026-05-27T19:45:14.219+0000] {dag.py:3089} INFO - Sync 1 DAGs
[2026-05-27T19:45:14.225+0000] {logging_mixin.py:188} INFO - [2026-05-27T19:45:14.225+0000] {dag.py:3947} INFO - Setting next_dagrun for minio_to_snowflake_banking to 2026-05-27 19:00:00+00:00, run_after=2026-05-27 19:30:00+00:00
[2026-05-27T19:45:14.231+0000] {processor.py:183} INFO - Processing /opt/airflow/dags/minio_to_snowflake_dag.py took 0.263 seconds
[2026-05-27T19:45:44.453+0000] {processor.py:161} INFO - Started process (PID=1800) to work on /opt/airflow/dags/minio_to_snowflake_dag.py
[2026-05-27T19:45:44.454+0000] {processor.py:830} INFO - Processing file /opt/airflow/dags/minio_to_snowflake_dag.py for tasks to queue
[2026-05-27T19:45:44.455+0000] {logging_mixin.py:188} INFO - [2026-05-27T19:45:44.455+0000] {dagbag.py:545} INFO - Filling up the DagBag from /opt/airflow/dags/minio_to_snowflake_dag.py
[2026-05-27T19:45:44.685+0000] {processor.py:840} INFO - DAG(s) 'minio_to_snowflake_banking' retrieved from /opt/airflow/dags/minio_to_snowflake_dag.py
[2026-05-27T19:45:44.693+0000] {logging_mixin.py:188} INFO - [2026-05-27T19:45:44.693+0000] {dag.py:3089} INFO - Sync 1 DAGs
[2026-05-27T19:45:44.699+0000] {logging_mixin.py:188} INFO - [2026-05-27T19:45:44.699+0000] {dag.py:3947} INFO - Setting next_dagrun for minio_to_snowflake_banking to 2026-05-27 19:00:00+00:00, run_after=2026-05-27 19:30:00+00:00
[2026-05-27T19:45:44.704+0000] {processor.py:183} INFO - Processing /opt/airflow/dags/minio_to_snowflake_dag.py took 0.256 seconds
[2026-05-27T19:45:47.480+0000] {processor.py:161} INFO - Started process (PID=1804) to work on /opt/airflow/dags/minio_to_snowflake_dag.py
[2026-05-27T19:45:47.481+0000] {processor.py:830} INFO - Processing file /opt/airflow/dags/minio_to_snowflake_dag.py for tasks to queue
[2026-05-27T19:45:47.482+0000] {logging_mixin.py:188} INFO - [2026-05-27T19:45:47.482+0000] {dagbag.py:545} INFO - Filling up the DagBag from /opt/airflow/dags/minio_to_snowflake_dag.py
[2026-05-27T19:45:47.719+0000] {processor.py:840} INFO - DAG(s) 'minio_to_snowflake_banking' retrieved from /opt/airflow/dags/minio_to_snowflake_dag.py
[2026-05-27T19:45:47.749+0000] {logging_mixin.py:188} INFO - [2026-05-27T19:45:47.748+0000] {dag.py:3089} INFO - Sync 1 DAGs
[2026-05-27T19:45:47.755+0000] {logging_mixin.py:188} INFO - [2026-05-27T19:45:47.755+0000] {dag.py:3947} INFO - Setting next_dagrun for minio_to_snowflake_banking to 2026-05-27 19:00:00+00:00, run_after=2026-05-27 19:30:00+00:00
[2026-05-27T19:45:47.761+0000] {processor.py:183} INFO - Processing /opt/airflow/dags/minio_to_snowflake_dag.py took 0.283 seconds
[2026-05-27T19:46:17.939+0000] {processor.py:161} INFO - Started process (PID=1825) to work on /opt/airflow/dags/minio_to_snowflake_dag.py
[2026-05-27T19:46:17.939+0000] {processor.py:830} INFO - Processing file /opt/airflow/dags/minio_to_snowflake_dag.py for tasks to queue
[2026-05-27T19:46:17.941+0000] {logging_mixin.py:188} INFO - [2026-05-27T19:46:17.941+0000] {dagbag.py:545} INFO - Filling up the DagBag from /opt/airflow/dags/minio_to_snowflake_dag.py
[2026-05-27T19:46:18.220+0000] {processor.py:840} INFO - DAG(s) 'minio_to_snowflake_banking' retrieved from /opt/airflow/dags/minio_to_snowflake_dag.py
[2026-05-27T19:46:18.230+0000] {logging_mixin.py:188} INFO - [2026-05-27T19:46:18.229+0000] {dag.py:3089} INFO - Sync 1 DAGs
[2026-05-27T19:46:18.236+0000] {logging_mixin.py:188} INFO - [2026-05-27T19:46:18.236+0000] {dag.py:3947} INFO - Setting next_dagrun for minio_to_snowflake_banking to 2026-05-27 19:00:00+00:00, run_after=2026-05-27 19:30:00+00:00
[2026-05-27T19:46:18.242+0000] {processor.py:183} INFO - Processing /opt/airflow/dags/minio_to_snowflake_dag.py took 0.306 seconds
[2026-05-27T19:46:48.467+0000] {processor.py:161} INFO - Started process (PID=1863) to work on /opt/airflow/dags/minio_to_snowflake_dag.py
[2026-05-27T19:46:48.468+0000] {processor.py:830} INFO - Processing file /opt/airflow/dags/minio_to_snowflake_dag.py for tasks to queue
[2026-05-27T19:46:48.469+0000] {logging_mixin.py:188} INFO - [2026-05-27T19:46:48.469+0000] {dagbag.py:545} INFO - Filling up the DagBag from /opt/airflow/dags/minio_to_snowflake_dag.py
[2026-05-27T19:46:48.735+0000] {processor.py:840} INFO - DAG(s) 'minio_to_snowflake_banking' retrieved from /opt/airflow/dags/minio_to_snowflake_dag.py
[2026-05-27T19:46:48.745+0000] {logging_mixin.py:188} INFO - [2026-05-27T19:46:48.744+0000] {dag.py:3089} INFO - Sync 1 DAGs
[2026-05-27T19:46:48.752+0000] {logging_mixin.py:188} INFO - [2026-05-27T19:46:48.752+0000] {dag.py:3947} INFO - Setting next_dagrun for minio_to_snowflake_banking to 2026-05-27 19:00:00+00:00, run_after=2026-05-27 19:30:00+00:00
[2026-05-27T19:46:48.758+0000] {processor.py:183} INFO - Processing /opt/airflow/dags/minio_to_snowflake_dag.py took 0.295 seconds
[2026-05-27T19:47:18.974+0000] {processor.py:161} INFO - Started process (PID=1867) to work on /opt/airflow/dags/minio_to_snowflake_dag.py
[2026-05-27T19:47:18.976+0000] {processor.py:830} INFO - Processing file /opt/airflow/dags/minio_to_snowflake_dag.py for tasks to queue
[2026-05-27T19:47:18.978+0000] {logging_mixin.py:188} INFO - [2026-05-27T19:47:18.978+0000] {dagbag.py:545} INFO - Filling up the DagBag from /opt/airflow/dags/minio_to_snowflake_dag.py
[2026-05-27T19:47:19.206+0000] {processor.py:840} INFO - DAG(s) 'minio_to_snowflake_banking' retrieved from /opt/airflow/dags/minio_to_snowflake_dag.py
[2026-05-27T19:47:19.213+0000] {logging_mixin.py:188} INFO - [2026-05-27T19:47:19.213+0000] {dag.py:3089} INFO - Sync 1 DAGs
[2026-05-27T19:47:19.219+0000] {logging_mixin.py:188} INFO - [2026-05-27T19:47:19.219+0000] {dag.py:3947} INFO - Setting next_dagrun for minio_to_snowflake_banking to 2026-05-27 19:00:00+00:00, run_after=2026-05-27 19:30:00+00:00
[2026-05-27T19:47:19.224+0000] {processor.py:183} INFO - Processing /opt/airflow/dags/minio_to_snowflake_dag.py took 0.255 seconds
[2026-05-27T19:47:49.440+0000] {processor.py:161} INFO - Started process (PID=1871) to work on /opt/airflow/dags/minio_to_snowflake_dag.py
[2026-05-27T19:47:49.442+0000] {processor.py:830} INFO - Processing file /opt/airflow/dags/minio_to_snowflake_dag.py for tasks to queue
[2026-05-27T19:47:49.444+0000] {logging_mixin.py:188} INFO - [2026-05-27T19:47:49.443+0000] {dagbag.py:545} INFO - Filling up the DagBag from /opt/airflow/dags/minio_to_snowflake_dag.py
[2026-05-27T19:47:49.667+0000] {processor.py:840} INFO - DAG(s) 'minio_to_snowflake_banking' retrieved from /opt/airflow/dags/minio_to_snowflake_dag.py
[2026-05-27T19:47:49.675+0000] {logging_mixin.py:188} INFO - [2026-05-27T19:47:49.675+0000] {dag.py:3089} INFO - Sync 1 DAGs
[2026-05-27T19:47:49.681+0000] {logging_mixin.py:188} INFO - [2026-05-27T19:47:49.681+0000] {dag.py:3947} INFO - Setting next_dagrun for minio_to_snowflake_banking to 2026-05-27 19:00:00+00:00, run_after=2026-05-27 19:30:00+00:00
[2026-05-27T19:47:49.686+0000] {processor.py:183} INFO - Processing /opt/airflow/dags/minio_to_snowflake_dag.py took 0.251 seconds
[2026-05-27T19:48:19.884+0000] {processor.py:161} INFO - Started process (PID=1875) to work on /opt/airflow/dags/minio_to_snowflake_dag.py
[2026-05-27T19:48:19.885+0000] {processor.py:830} INFO - Processing file /opt/airflow/dags/minio_to_snowflake_dag.py for tasks to queue
[2026-05-27T19:48:19.886+0000] {logging_mixin.py:188} INFO - [2026-05-27T19:48:19.886+0000] {dagbag.py:545} INFO - Filling up the DagBag from /opt/airflow/dags/minio_to_snowflake_dag.py
[2026-05-27T19:48:20.109+0000] {processor.py:840} INFO - DAG(s) 'minio_to_snowflake_banking' retrieved from /opt/airflow/dags/minio_to_snowflake_dag.py
[2026-05-27T19:48:20.117+0000] {logging_mixin.py:188} INFO - [2026-05-27T19:48:20.117+0000] {dag.py:3089} INFO - Sync 1 DAGs
[2026-05-27T19:48:20.124+0000] {logging_mixin.py:188} INFO - [2026-05-27T19:48:20.124+0000] {dag.py:3947} INFO - Setting next_dagrun for minio_to_snowflake_banking to 2026-05-27 19:00:00+00:00, run_after=2026-05-27 19:30:00+00:00
[2026-05-27T19:48:20.128+0000] {processor.py:183} INFO - Processing /opt/airflow/dags/minio_to_snowflake_dag.py took 0.248 seconds
[2026-05-27T19:48:50.348+0000] {processor.py:161} INFO - Started process (PID=1930) to work on /opt/airflow/dags/minio_to_snowflake_dag.py
[2026-05-27T19:48:50.350+0000] {processor.py:830} INFO - Processing file /opt/airflow/dags/minio_to_snowflake_dag.py for tasks to queue
[2026-05-27T19:48:50.352+0000] {logging_mixin.py:188} INFO - [2026-05-27T19:48:50.351+0000] {dagbag.py:545} INFO - Filling up the DagBag from /opt/airflow/dags/minio_to_snowflake_dag.py
[2026-05-27T19:48:50.609+0000] {processor.py:840} INFO - DAG(s) 'minio_to_snowflake_banking' retrieved from /opt/airflow/dags/minio_to_snowflake_dag.py
[2026-05-27T19:48:50.625+0000] {logging_mixin.py:188} INFO - [2026-05-27T19:48:50.625+0000] {dag.py:3089} INFO - Sync 1 DAGs
[2026-05-27T19:48:50.632+0000] {logging_mixin.py:188} INFO - [2026-05-27T19:48:50.631+0000] {dag.py:3947} INFO - Setting next_dagrun for minio_to_snowflake_banking to 2026-05-27 19:00:00+00:00, run_after=2026-05-27 19:30:00+00:00
[2026-05-27T19:48:50.637+0000] {processor.py:183} INFO - Processing /opt/airflow/dags/minio_to_snowflake_dag.py took 0.293 seconds
[2026-05-27T19:49:20.868+0000] {processor.py:161} INFO - Started process (PID=1934) to work on /opt/airflow/dags/minio_to_snowflake_dag.py
[2026-05-27T19:49:20.869+0000] {processor.py:830} INFO - Processing file /opt/airflow/dags/minio_to_snowflake_dag.py for tasks to queue
[2026-05-27T19:49:20.871+0000] {logging_mixin.py:188} INFO - [2026-05-27T19:49:20.870+0000] {dagbag.py:545} INFO - Filling up the DagBag from /opt/airflow/dags/minio_to_snowflake_dag.py
[2026-05-27T19:49:21.098+0000] {processor.py:840} INFO - DAG(s) 'minio_to_snowflake_banking' retrieved from /opt/airflow/dags/minio_to_snowflake_dag.py
[2026-05-27T19:49:21.106+0000] {logging_mixin.py:188} INFO - [2026-05-27T19:49:21.105+0000] {dag.py:3089} INFO - Sync 1 DAGs
[2026-05-27T19:49:21.111+0000] {logging_mixin.py:188} INFO - [2026-05-27T19:49:21.111+0000] {dag.py:3947} INFO - Setting next_dagrun for minio_to_snowflake_banking to 2026-05-27 19:00:00+00:00, run_after=2026-05-27 19:30:00+00:00
[2026-05-27T19:49:21.116+0000] {processor.py:183} INFO - Processing /opt/airflow/dags/minio_to_snowflake_dag.py took 0.254 seconds
[2026-05-27T19:49:51.345+0000] {processor.py:161} INFO - Started process (PID=1938) to work on /opt/airflow/dags/minio_to_snowflake_dag.py
[2026-05-27T19:49:51.347+0000] {processor.py:830} INFO - Processing file /opt/airflow/dags/minio_to_snowflake_dag.py for tasks to queue
[2026-05-27T19:49:51.349+0000] {logging_mixin.py:188} INFO - [2026-05-27T19:49:51.348+0000] {dagbag.py:545} INFO - Filling up the DagBag from /opt/airflow/dags/minio_to_snowflake_dag.py
[2026-05-27T19:49:51.576+0000] {processor.py:840} INFO - DAG(s) 'minio_to_snowflake_banking' retrieved from /opt/airflow/dags/minio_to_snowflake_dag.py
[2026-05-27T19:49:51.584+0000] {logging_mixin.py:188} INFO - [2026-05-27T19:49:51.584+0000] {dag.py:3089} INFO - Sync 1 DAGs
[2026-05-27T19:49:51.591+0000] {logging_mixin.py:188} INFO - [2026-05-27T19:49:51.591+0000] {dag.py:3947} INFO - Setting next_dagrun for minio_to_snowflake_banking to 2026-05-27 19:00:00+00:00, run_after=2026-05-27 19:30:00+00:00
[2026-05-27T19:49:51.598+0000] {processor.py:183} INFO - Processing /opt/airflow/dags/minio_to_snowflake_dag.py took 0.258 seconds
[2026-05-27T19:50:21.805+0000] {processor.py:161} INFO - Started process (PID=1942) to work on /opt/airflow/dags/minio_to_snowflake_dag.py
[2026-05-27T19:50:21.806+0000] {processor.py:830} INFO - Processing file /opt/airflow/dags/minio_to_snowflake_dag.py for tasks to queue
[2026-05-27T19:50:21.807+0000] {logging_mixin.py:188} INFO - [2026-05-27T19:50:21.807+0000] {dagbag.py:545} INFO - Filling up the DagBag from /opt/airflow/dags/minio_to_snowflake_dag.py
[2026-05-27T19:50:22.035+0000] {processor.py:840} INFO - DAG(s) 'minio_to_snowflake_banking' retrieved from /opt/airflow/dags/minio_to_snowflake_dag.py
[2026-05-27T19:50:22.043+0000] {logging_mixin.py:188} INFO - [2026-05-27T19:50:22.043+0000] {dag.py:3089} INFO - Sync 1 DAGs
[2026-05-27T19:50:22.050+0000] {logging_mixin.py:188} INFO - [2026-05-27T19:50:22.050+0000] {dag.py:3947} INFO - Setting next_dagrun for minio_to_snowflake_banking to 2026-05-27 19:00:00+00:00, run_after=2026-05-27 19:30:00+00:00
[2026-05-27T19:50:22.056+0000] {processor.py:183} INFO - Processing /opt/airflow/dags/minio_to_snowflake_dag.py took 0.253 seconds
[2026-05-27T19:50:52.285+0000] {processor.py:161} INFO - Started process (PID=1946) to work on /opt/airflow/dags/minio_to_snowflake_dag.py
[2026-05-27T19:50:52.287+0000] {processor.py:830} INFO - Processing file /opt/airflow/dags/minio_to_snowflake_dag.py for tasks to queue
[2026-05-27T19:50:52.288+0000] {logging_mixin.py:188} INFO - [2026-05-27T19:50:52.288+0000] {dagbag.py:545} INFO - Filling up the DagBag from /opt/airflow/dags/minio_to_snowflake_dag.py
[2026-05-27T19:50:52.511+0000] {processor.py:840} INFO - DAG(s) 'minio_to_snowflake_banking' retrieved from /opt/airflow/dags/minio_to_snowflake_dag.py
[2026-05-27T19:50:52.519+0000] {logging_mixin.py:188} INFO - [2026-05-27T19:50:52.519+0000] {dag.py:3089} INFO - Sync 1 DAGs
[2026-05-27T19:50:52.525+0000] {logging_mixin.py:188} INFO - [2026-05-27T19:50:52.525+0000] {dag.py:3947} INFO - Setting next_dagrun for minio_to_snowflake_banking to 2026-05-27 19:00:00+00:00, run_after=2026-05-27 19:30:00+00:00
[2026-05-27T19:50:52.530+0000] {processor.py:183} INFO - Processing /opt/airflow/dags/minio_to_snowflake_dag.py took 0.251 seconds
[2026-05-27T19:51:22.754+0000] {processor.py:161} INFO - Started process (PID=1950) to work on /opt/airflow/dags/minio_to_snowflake_dag.py
[2026-05-27T19:51:22.756+0000] {processor.py:830} INFO - Processing file /opt/airflow/dags/minio_to_snowflake_dag.py for tasks to queue
[2026-05-27T19:51:22.757+0000] {logging_mixin.py:188} INFO - [2026-05-27T19:51:22.757+0000] {dagbag.py:545} INFO - Filling up the DagBag from /opt/airflow/dags/minio_to_snowflake_dag.py
[2026-05-27T19:51:23.009+0000] {processor.py:840} INFO - DAG(s) 'minio_to_snowflake_banking' retrieved from /opt/airflow/dags/minio_to_snowflake_dag.py
[2026-05-27T19:51:23.020+0000] {logging_mixin.py:188} INFO - [2026-05-27T19:51:23.020+0000] {dag.py:3089} INFO - Sync 1 DAGs
[2026-05-27T19:51:23.028+0000] {logging_mixin.py:188} INFO - [2026-05-27T19:51:23.028+0000] {dag.py:3947} INFO - Setting next_dagrun for minio_to_snowflake_banking to 2026-05-27 19:00:00+00:00, run_after=2026-05-27 19:30:00+00:00
[2026-05-27T19:51:23.034+0000] {processor.py:183} INFO - Processing /opt/airflow/dags/minio_to_snowflake_dag.py took 0.283 seconds
[2026-05-27T19:51:53.241+0000] {processor.py:161} INFO - Started process (PID=1954) to work on /opt/airflow/dags/minio_to_snowflake_dag.py
[2026-05-27T19:51:53.242+0000] {processor.py:830} INFO - Processing file /opt/airflow/dags/minio_to_snowflake_dag.py for tasks to queue
[2026-05-27T19:51:53.244+0000] {logging_mixin.py:188} INFO - [2026-05-27T19:51:53.243+0000] {dagbag.py:545} INFO - Filling up the DagBag from /opt/airflow/dags/minio_to_snowflake_dag.py
[2026-05-27T19:51:53.474+0000] {processor.py:840} INFO - DAG(s) 'minio_to_snowflake_banking' retrieved from /opt/airflow/dags/minio_to_snowflake_dag.py
[2026-05-27T19:51:53.482+0000] {logging_mixin.py:188} INFO - [2026-05-27T19:51:53.482+0000] {dag.py:3089} INFO - Sync 1 DAGs
[2026-05-27T19:51:53.487+0000] {logging_mixin.py:188} INFO - [2026-05-27T19:51:53.487+0000] {dag.py:3947} INFO - Setting next_dagrun for minio_to_snowflake_banking to 2026-05-27 19:00:00+00:00, run_after=2026-05-27 19:30:00+00:00
[2026-05-27T19:51:53.493+0000] {processor.py:183} INFO - Processing /opt/airflow/dags/minio_to_snowflake_dag.py took 0.258 seconds
[2026-05-27T19:52:07.356+0000] {processor.py:161} INFO - Started process (PID=1958) to work on /opt/airflow/dags/minio_to_snowflake_dag.py
[2026-05-27T19:52:07.358+0000] {processor.py:830} INFO - Processing file /opt/airflow/dags/minio_to_snowflake_dag.py for tasks to queue
[2026-05-27T19:52:07.359+0000] {logging_mixin.py:188} INFO - [2026-05-27T19:52:07.359+0000] {dagbag.py:545} INFO - Filling up the DagBag from /opt/airflow/dags/minio_to_snowflake_dag.py
[2026-05-27T19:52:07.596+0000] {processor.py:840} INFO - DAG(s) 'minio_to_snowflake_banking' retrieved from /opt/airflow/dags/minio_to_snowflake_dag.py
[2026-05-27T19:52:07.604+0000] {logging_mixin.py:188} INFO - [2026-05-27T19:52:07.604+0000] {dag.py:3089} INFO - Sync 1 DAGs
[2026-05-27T19:52:07.610+0000] {logging_mixin.py:188} INFO - [2026-05-27T19:52:07.610+0000] {dag.py:3947} INFO - Setting next_dagrun for minio_to_snowflake_banking to 2026-05-27 19:00:00+00:00, run_after=2026-05-27 19:30:00+00:00
[2026-05-27T19:52:07.616+0000] {processor.py:183} INFO - Processing /opt/airflow/dags/minio_to_snowflake_dag.py took 0.264 seconds
[2026-05-27T19:52:08.604+0000] {processor.py:161} INFO - Started process (PID=1962) to work on /opt/airflow/dags/minio_to_snowflake_dag.py
[2026-05-27T19:52:08.605+0000] {processor.py:830} INFO - Processing file /opt/airflow/dags/minio_to_snowflake_dag.py for tasks to queue
[2026-05-27T19:52:08.606+0000] {logging_mixin.py:188} INFO - [2026-05-27T19:52:08.606+0000] {dagbag.py:545} INFO - Filling up the DagBag from /opt/airflow/dags/minio_to_snowflake_dag.py
[2026-05-27T19:52:08.855+0000] {processor.py:840} INFO - DAG(s) 'minio_to_snowflake_banking' retrieved from /opt/airflow/dags/minio_to_snowflake_dag.py
[2026-05-27T19:52:08.864+0000] {logging_mixin.py:188} INFO - [2026-05-27T19:52:08.864+0000] {dag.py:3089} INFO - Sync 1 DAGs
[2026-05-27T19:52:08.872+0000] {logging_mixin.py:188} INFO - [2026-05-27T19:52:08.872+0000] {dag.py:3947} INFO - Setting next_dagrun for minio_to_snowflake_banking to 2026-05-27 19:00:00+00:00, run_after=2026-05-27 19:30:00+00:00
[2026-05-27T19:52:08.882+0000] {processor.py:183} INFO - Processing /opt/airflow/dags/minio_to_snowflake_dag.py took 0.282 seconds
[2026-05-27T19:52:09.917+0000] {processor.py:161} INFO - Started process (PID=1966) to work on /opt/airflow/dags/minio_to_snowflake_dag.py
[2026-05-27T19:52:09.919+0000] {processor.py:830} INFO - Processing file /opt/airflow/dags/minio_to_snowflake_dag.py for tasks to queue
[2026-05-27T19:52:09.920+0000] {logging_mixin.py:188} INFO - [2026-05-27T19:52:09.920+0000] {dagbag.py:545} INFO - Filling up the DagBag from /opt/airflow/dags/minio_to_snowflake_dag.py
[2026-05-27T19:52:10.192+0000] {processor.py:840} INFO - DAG(s) 'minio_to_snowflake_banking' retrieved from /opt/airflow/dags/minio_to_snowflake_dag.py
[2026-05-27T19:52:10.202+0000] {logging_mixin.py:188} INFO - [2026-05-27T19:52:10.202+0000] {dag.py:3089} INFO - Sync 1 DAGs
[2026-05-27T19:52:10.212+0000] {logging_mixin.py:188} INFO - [2026-05-27T19:52:10.211+0000] {dag.py:3947} INFO - Setting next_dagrun for minio_to_snowflake_banking to 2026-05-27 19:00:00+00:00, run_after=2026-05-27 19:30:00+00:00
[2026-05-27T19:52:10.220+0000] {processor.py:183} INFO - Processing /opt/airflow/dags/minio_to_snowflake_dag.py took 0.309 seconds
[2026-05-27T19:52:29.057+0000] {processor.py:161} INFO - Started process (PID=1970) to work on /opt/airflow/dags/minio_to_snowflake_dag.py
[2026-05-27T19:52:29.058+0000] {processor.py:830} INFO - Processing file /opt/airflow/dags/minio_to_snowflake_dag.py for tasks to queue
[2026-05-27T19:52:29.059+0000] {logging_mixin.py:188} INFO - [2026-05-27T19:52:29.059+0000] {dagbag.py:545} INFO - Filling up the DagBag from /opt/airflow/dags/minio_to_snowflake_dag.py
[2026-05-27T19:52:29.328+0000] {processor.py:840} INFO - DAG(s) 'minio_to_snowflake_banking' retrieved from /opt/airflow/dags/minio_to_snowflake_dag.py
[2026-05-27T19:52:29.336+0000] {logging_mixin.py:188} INFO - [2026-05-27T19:52:29.336+0000] {dag.py:3089} INFO - Sync 1 DAGs
[2026-05-27T19:52:29.342+0000] {logging_mixin.py:188} INFO - [2026-05-27T19:52:29.342+0000] {dag.py:3947} INFO - Setting next_dagrun for minio_to_snowflake_banking to 2026-05-27 19:00:00+00:00, run_after=2026-05-27 19:30:00+00:00
[2026-05-27T19:52:29.348+0000] {processor.py:183} INFO - Processing /opt/airflow/dags/minio_to_snowflake_dag.py took 0.295 seconds
[2026-05-27T19:52:59.551+0000] {processor.py:161} INFO - Started process (PID=1974) to work on /opt/airflow/dags/minio_to_snowflake_dag.py
[2026-05-27T19:52:59.553+0000] {processor.py:830} INFO - Processing file /opt/airflow/dags/minio_to_snowflake_dag.py for tasks to queue
[2026-05-27T19:52:59.554+0000] {logging_mixin.py:188} INFO - [2026-05-27T19:52:59.554+0000] {dagbag.py:545} INFO - Filling up the DagBag from /opt/airflow/dags/minio_to_snowflake_dag.py
[2026-05-27T19:52:59.782+0000] {processor.py:840} INFO - DAG(s) 'minio_to_snowflake_banking' retrieved from /opt/airflow/dags/minio_to_snowflake_dag.py
[2026-05-27T19:52:59.790+0000] {logging_mixin.py:188} INFO - [2026-05-27T19:52:59.790+0000] {dag.py:3089} INFO - Sync 1 DAGs
[2026-05-27T19:52:59.796+0000] {logging_mixin.py:188} INFO - [2026-05-27T19:52:59.796+0000] {dag.py:3947} INFO - Setting next_dagrun for minio_to_snowflake_banking to 2026-05-27 19:00:00+00:00, run_after=2026-05-27 19:30:00+00:00
[2026-05-27T19:52:59.801+0000] {processor.py:183} INFO - Processing /opt/airflow/dags/minio_to_snowflake_dag.py took 0.254 seconds
[2026-05-27T19:53:30.005+0000] {processor.py:161} INFO - Started process (PID=2018) to work on /opt/airflow/dags/minio_to_snowflake_dag.py
[2026-05-27T19:53:30.007+0000] {processor.py:830} INFO - Processing file /opt/airflow/dags/minio_to_snowflake_dag.py for tasks to queue
[2026-05-27T19:53:30.008+0000] {logging_mixin.py:188} INFO - [2026-05-27T19:53:30.008+0000] {dagbag.py:545} INFO - Filling up the DagBag from /opt/airflow/dags/minio_to_snowflake_dag.py
[2026-05-27T19:53:30.272+0000] {processor.py:840} INFO - DAG(s) 'minio_to_snowflake_banking' retrieved from /opt/airflow/dags/minio_to_snowflake_dag.py
[2026-05-27T19:53:30.283+0000] {logging_mixin.py:188} INFO - [2026-05-27T19:53:30.282+0000] {dag.py:3089} INFO - Sync 1 DAGs
[2026-05-27T19:53:30.291+0000] {logging_mixin.py:188} INFO - [2026-05-27T19:53:30.291+0000] {dag.py:3947} INFO - Setting next_dagrun for minio_to_snowflake_banking to 2026-05-27 19:00:00+00:00, run_after=2026-05-27 19:30:00+00:00
[2026-05-27T19:53:30.298+0000] {processor.py:183} INFO - Processing /opt/airflow/dags/minio_to_snowflake_dag.py took 0.295 seconds
[2026-05-27T19:54:00.510+0000] {processor.py:161} INFO - Started process (PID=2030) to work on /opt/airflow/dags/minio_to_snowflake_dag.py
[2026-05-27T19:54:00.511+0000] {processor.py:830} INFO - Processing file /opt/airflow/dags/minio_to_snowflake_dag.py for tasks to queue
[2026-05-27T19:54:00.513+0000] {logging_mixin.py:188} INFO - [2026-05-27T19:54:00.512+0000] {dagbag.py:545} INFO - Filling up the DagBag from /opt/airflow/dags/minio_to_snowflake_dag.py
[2026-05-27T19:54:00.738+0000] {processor.py:840} INFO - DAG(s) 'minio_to_snowflake_banking' retrieved from /opt/airflow/dags/minio_to_snowflake_dag.py
[2026-05-27T19:54:00.746+0000] {logging_mixin.py:188} INFO - [2026-05-27T19:54:00.746+0000] {dag.py:3089} INFO - Sync 1 DAGs
[2026-05-27T19:54:00.752+0000] {logging_mixin.py:188} INFO - [2026-05-27T19:54:00.752+0000] {dag.py:3947} INFO - Setting next_dagrun for minio_to_snowflake_banking to 2026-05-27 19:00:00+00:00, run_after=2026-05-27 19:30:00+00:00
[2026-05-27T19:54:00.757+0000] {processor.py:183} INFO - Processing /opt/airflow/dags/minio_to_snowflake_dag.py took 0.253 seconds
[2026-05-27T19:54:30.973+0000] {processor.py:161} INFO - Started process (PID=2034) to work on /opt/airflow/dags/minio_to_snowflake_dag.py
[2026-05-27T19:54:30.975+0000] {processor.py:830} INFO - Processing file /opt/airflow/dags/minio_to_snowflake_dag.py for tasks to queue
[2026-05-27T19:54:30.976+0000] {logging_mixin.py:188} INFO - [2026-05-27T19:54:30.976+0000] {dagbag.py:545} INFO - Filling up the DagBag from /opt/airflow/dags/minio_to_snowflake_dag.py
[2026-05-27T19:54:31.204+0000] {processor.py:840} INFO - DAG(s) 'minio_to_snowflake_banking' retrieved from /opt/airflow/dags/minio_to_snowflake_dag.py
[2026-05-27T19:54:31.212+0000] {logging_mixin.py:188} INFO - [2026-05-27T19:54:31.211+0000] {dag.py:3089} INFO - Sync 1 DAGs
[2026-05-27T19:54:31.218+0000] {logging_mixin.py:188} INFO - [2026-05-27T19:54:31.218+0000] {dag.py:3947} INFO - Setting next_dagrun for minio_to_snowflake_banking to 2026-05-27 19:00:00+00:00, run_after=2026-05-27 19:30:00+00:00
[2026-05-27T19:54:31.223+0000] {processor.py:183} INFO - Processing /opt/airflow/dags/minio_to_snowflake_dag.py took 0.255 seconds
[2026-05-27T19:55:01.501+0000] {processor.py:161} INFO - Started process (PID=2038) to work on /opt/airflow/dags/minio_to_snowflake_dag.py
[2026-05-27T19:55:01.503+0000] {processor.py:830} INFO - Processing file /opt/airflow/dags/minio_to_snowflake_dag.py for tasks to queue
[2026-05-27T19:55:01.504+0000] {logging_mixin.py:188} INFO - [2026-05-27T19:55:01.504+0000] {dagbag.py:545} INFO - Filling up the DagBag from /opt/airflow/dags/minio_to_snowflake_dag.py
[2026-05-27T19:55:01.743+0000] {processor.py:840} INFO - DAG(s) 'minio_to_snowflake_banking' retrieved from /opt/airflow/dags/minio_to_snowflake_dag.py
[2026-05-27T19:55:01.753+0000] {logging_mixin.py:188} INFO - [2026-05-27T19:55:01.753+0000] {dag.py:3089} INFO - Sync 1 DAGs
[2026-05-27T19:55:01.759+0000] {logging_mixin.py:188} INFO - [2026-05-27T19:55:01.759+0000] {dag.py:3947} INFO - Setting next_dagrun for minio_to_snowflake_banking to 2026-05-27 19:00:00+00:00, run_after=2026-05-27 19:30:00+00:00
[2026-05-27T19:55:01.765+0000] {processor.py:183} INFO - Processing /opt/airflow/dags/minio_to_snowflake_dag.py took 0.269 seconds
[2026-05-27T19:55:32.000+0000] {processor.py:161} INFO - Started process (PID=2042) to work on /opt/airflow/dags/minio_to_snowflake_dag.py
[2026-05-27T19:55:32.001+0000] {processor.py:830} INFO - Processing file /opt/airflow/dags/minio_to_snowflake_dag.py for tasks to queue
[2026-05-27T19:55:32.002+0000] {logging_mixin.py:188} INFO - [2026-05-27T19:55:32.002+0000] {dagbag.py:545} INFO - Filling up the DagBag from /opt/airflow/dags/minio_to_snowflake_dag.py
[2026-05-27T19:55:32.239+0000] {processor.py:840} INFO - DAG(s) 'minio_to_snowflake_banking' retrieved from /opt/airflow/dags/minio_to_snowflake_dag.py
[2026-05-27T19:55:32.247+0000] {logging_mixin.py:188} INFO - [2026-05-27T19:55:32.247+0000] {dag.py:3089} INFO - Sync 1 DAGs
[2026-05-27T19:55:32.253+0000] {logging_mixin.py:188} INFO - [2026-05-27T19:55:32.253+0000] {dag.py:3947} INFO - Setting next_dagrun for minio_to_snowflake_banking to 2026-05-27 19:00:00+00:00, run_after=2026-05-27 19:30:00+00:00
[2026-05-27T19:55:32.258+0000] {processor.py:183} INFO - Processing /opt/airflow/dags/minio_to_snowflake_dag.py took 0.262 seconds
[2026-05-27T19:55:53.152+0000] {processor.py:161} INFO - Started process (PID=2046) to work on /opt/airflow/dags/minio_to_snowflake_dag.py
[2026-05-27T19:55:53.153+0000] {processor.py:830} INFO - Processing file /opt/airflow/dags/minio_to_snowflake_dag.py for tasks to queue
[2026-05-27T19:55:53.154+0000] {logging_mixin.py:188} INFO - [2026-05-27T19:55:53.154+0000] {dagbag.py:545} INFO - Filling up the DagBag from /opt/airflow/dags/minio_to_snowflake_dag.py
[2026-05-27T19:55:53.385+0000] {processor.py:840} INFO - DAG(s) 'minio_to_snowflake_banking' retrieved from /opt/airflow/dags/minio_to_snowflake_dag.py
[2026-05-27T19:55:53.393+0000] {logging_mixin.py:188} INFO - [2026-05-27T19:55:53.393+0000] {dag.py:3089} INFO - Sync 1 DAGs
[2026-05-27T19:55:53.399+0000] {logging_mixin.py:188} INFO - [2026-05-27T19:55:53.399+0000] {dag.py:3947} INFO - Setting next_dagrun for minio_to_snowflake_banking to 2026-05-27 19:00:00+00:00, run_after=2026-05-27 19:30:00+00:00
[2026-05-27T19:55:53.405+0000] {processor.py:183} INFO - Processing /opt/airflow/dags/minio_to_snowflake_dag.py took 0.257 seconds
[2026-05-27T19:55:54.429+0000] {processor.py:161} INFO - Started process (PID=2050) to work on /opt/airflow/dags/minio_to_snowflake_dag.py
[2026-05-27T19:55:54.430+0000] {processor.py:830} INFO - Processing file /opt/airflow/dags/minio_to_snowflake_dag.py for tasks to queue
[2026-05-27T19:55:54.431+0000] {logging_mixin.py:188} INFO - [2026-05-27T19:55:54.431+0000] {dagbag.py:545} INFO - Filling up the DagBag from /opt/airflow/dags/minio_to_snowflake_dag.py
[2026-05-27T19:55:54.680+0000] {processor.py:840} INFO - DAG(s) 'minio_to_snowflake_banking' retrieved from /opt/airflow/dags/minio_to_snowflake_dag.py
[2026-05-27T19:55:54.688+0000] {logging_mixin.py:188} INFO - [2026-05-27T19:55:54.688+0000] {dag.py:3089} INFO - Sync 1 DAGs
[2026-05-27T19:55:54.696+0000] {logging_mixin.py:188} INFO - [2026-05-27T19:55:54.696+0000] {dag.py:3947} INFO - Setting next_dagrun for minio_to_snowflake_banking to 2026-05-27 19:00:00+00:00, run_after=2026-05-27 19:30:00+00:00
[2026-05-27T19:55:54.702+0000] {processor.py:183} INFO - Processing /opt/airflow/dags/minio_to_snowflake_dag.py took 0.276 seconds
[2026-05-27T19:56:17.616+0000] {processor.py:161} INFO - Started process (PID=2054) to work on /opt/airflow/dags/minio_to_snowflake_dag.py
[2026-05-27T19:56:17.618+0000] {processor.py:830} INFO - Processing file /opt/airflow/dags/minio_to_snowflake_dag.py for tasks to queue
[2026-05-27T19:56:17.619+0000] {logging_mixin.py:188} INFO - [2026-05-27T19:56:17.619+0000] {dagbag.py:545} INFO - Filling up the DagBag from /opt/airflow/dags/minio_to_snowflake_dag.py
[2026-05-27T19:56:17.874+0000] {processor.py:840} INFO - DAG(s) 'minio_to_snowflake_banking' retrieved from /opt/airflow/dags/minio_to_snowflake_dag.py
[2026-05-27T19:56:17.883+0000] {logging_mixin.py:188} INFO - [2026-05-27T19:56:17.883+0000] {dag.py:3089} INFO - Sync 1 DAGs
[2026-05-27T19:56:17.892+0000] {logging_mixin.py:188} INFO - [2026-05-27T19:56:17.892+0000] {dag.py:3947} INFO - Setting next_dagrun for minio_to_snowflake_banking to 2026-05-27 19:00:00+00:00, run_after=2026-05-27 19:30:00+00:00
[2026-05-27T19:56:17.899+0000] {processor.py:183} INFO - Processing /opt/airflow/dags/minio_to_snowflake_dag.py took 0.287 seconds
[2026-05-27T19:56:48.068+0000] {processor.py:161} INFO - Started process (PID=2058) to work on /opt/airflow/dags/minio_to_snowflake_dag.py
[2026-05-27T19:56:48.070+0000] {processor.py:830} INFO - Processing file /opt/airflow/dags/minio_to_snowflake_dag.py for tasks to queue
[2026-05-27T19:56:48.071+0000] {logging_mixin.py:188} INFO - [2026-05-27T19:56:48.071+0000] {dagbag.py:545} INFO - Filling up the DagBag from /opt/airflow/dags/minio_to_snowflake_dag.py
[2026-05-27T19:56:48.297+0000] {processor.py:840} INFO - DAG(s) 'minio_to_snowflake_banking' retrieved from /opt/airflow/dags/minio_to_snowflake_dag.py
[2026-05-27T19:56:48.304+0000] {logging_mixin.py:188} INFO - [2026-05-27T19:56:48.304+0000] {dag.py:3089} INFO - Sync 1 DAGs
[2026-05-27T19:56:48.310+0000] {logging_mixin.py:188} INFO - [2026-05-27T19:56:48.310+0000] {dag.py:3947} INFO - Setting next_dagrun for minio_to_snowflake_banking to 2026-05-27 19:00:00+00:00, run_after=2026-05-27 19:30:00+00:00
[2026-05-27T19:56:48.315+0000] {processor.py:183} INFO - Processing /opt/airflow/dags/minio_to_snowflake_dag.py took 0.251 seconds
[2026-05-27T19:57:18.565+0000] {processor.py:161} INFO - Started process (PID=2113) to work on /opt/airflow/dags/minio_to_snowflake_dag.py
[2026-05-27T19:57:18.567+0000] {processor.py:830} INFO - Processing file /opt/airflow/dags/minio_to_snowflake_dag.py for tasks to queue
[2026-05-27T19:57:18.568+0000] {logging_mixin.py:188} INFO - [2026-05-27T19:57:18.568+0000] {dagbag.py:545} INFO - Filling up the DagBag from /opt/airflow/dags/minio_to_snowflake_dag.py
[2026-05-27T19:57:18.795+0000] {processor.py:840} INFO - DAG(s) 'minio_to_snowflake_banking' retrieved from /opt/airflow/dags/minio_to_snowflake_dag.py
[2026-05-27T19:57:18.802+0000] {logging_mixin.py:188} INFO - [2026-05-27T19:57:18.802+0000] {dag.py:3089} INFO - Sync 1 DAGs
[2026-05-27T19:57:18.808+0000] {logging_mixin.py:188} INFO - [2026-05-27T19:57:18.808+0000] {dag.py:3947} INFO - Setting next_dagrun for minio_to_snowflake_banking to 2026-05-27 19:00:00+00:00, run_after=2026-05-27 19:30:00+00:00
[2026-05-27T19:57:18.813+0000] {processor.py:183} INFO - Processing /opt/airflow/dags/minio_to_snowflake_dag.py took 0.252 seconds
[2026-05-27T19:57:49.051+0000] {processor.py:161} INFO - Started process (PID=2117) to work on /opt/airflow/dags/minio_to_snowflake_dag.py
[2026-05-27T19:57:49.053+0000] {processor.py:830} INFO - Processing file /opt/airflow/dags/minio_to_snowflake_dag.py for tasks to queue
[2026-05-27T19:57:49.054+0000] {logging_mixin.py:188} INFO - [2026-05-27T19:57:49.054+0000] {dagbag.py:545} INFO - Filling up the DagBag from /opt/airflow/dags/minio_to_snowflake_dag.py
[2026-05-27T19:57:49.277+0000] {processor.py:840} INFO - DAG(s) 'minio_to_snowflake_banking' retrieved from /opt/airflow/dags/minio_to_snowflake_dag.py
[2026-05-27T19:57:49.285+0000] {logging_mixin.py:188} INFO - [2026-05-27T19:57:49.285+0000] {dag.py:3089} INFO - Sync 1 DAGs
[2026-05-27T19:57:49.291+0000] {logging_mixin.py:188} INFO - [2026-05-27T19:57:49.290+0000] {dag.py:3947} INFO - Setting next_dagrun for minio_to_snowflake_banking to 2026-05-27 19:00:00+00:00, run_after=2026-05-27 19:30:00+00:00
[2026-05-27T19:57:49.296+0000] {processor.py:183} INFO - Processing /opt/airflow/dags/minio_to_snowflake_dag.py took 0.251 seconds
[2026-05-27T19:58:19.547+0000] {processor.py:161} INFO - Started process (PID=2121) to work on /opt/airflow/dags/minio_to_snowflake_dag.py
[2026-05-27T19:58:19.550+0000] {processor.py:830} INFO - Processing file /opt/airflow/dags/minio_to_snowflake_dag.py for tasks to queue
[2026-05-27T19:58:19.552+0000] {logging_mixin.py:188} INFO - [2026-05-27T19:58:19.551+0000] {dagbag.py:545} INFO - Filling up the DagBag from /opt/airflow/dags/minio_to_snowflake_dag.py
[2026-05-27T19:58:19.811+0000] {processor.py:840} INFO - DAG(s) 'minio_to_snowflake_banking' retrieved from /opt/airflow/dags/minio_to_snowflake_dag.py
[2026-05-27T19:58:19.819+0000] {logging_mixin.py:188} INFO - [2026-05-27T19:58:19.819+0000] {dag.py:3089} INFO - Sync 1 DAGs
[2026-05-27T19:58:19.827+0000] {logging_mixin.py:188} INFO - [2026-05-27T19:58:19.827+0000] {dag.py:3947} INFO - Setting next_dagrun for minio_to_snowflake_banking to 2026-05-27 19:00:00+00:00, run_after=2026-05-27 19:30:00+00:00
[2026-05-27T19:58:19.831+0000] {processor.py:183} INFO - Processing /opt/airflow/dags/minio_to_snowflake_dag.py took 0.290 seconds
[2026-05-27T19:58:50.059+0000] {processor.py:161} INFO - Started process (PID=2125) to work on /opt/airflow/dags/minio_to_snowflake_dag.py
[2026-05-27T19:58:50.061+0000] {processor.py:830} INFO - Processing file /opt/airflow/dags/minio_to_snowflake_dag.py for tasks to queue
[2026-05-27T19:58:50.062+0000] {logging_mixin.py:188} INFO - [2026-05-27T19:58:50.062+0000] {dagbag.py:545} INFO - Filling up the DagBag from /opt/airflow/dags/minio_to_snowflake_dag.py
[2026-05-27T19:58:50.309+0000] {processor.py:840} INFO - DAG(s) 'minio_to_snowflake_banking' retrieved from /opt/airflow/dags/minio_to_snowflake_dag.py
[2026-05-27T19:58:50.317+0000] {logging_mixin.py:188} INFO - [2026-05-27T19:58:50.317+0000] {dag.py:3089} INFO - Sync 1 DAGs
[2026-05-27T19:58:50.323+0000] {logging_mixin.py:188} INFO - [2026-05-27T19:58:50.323+0000] {dag.py:3947} INFO - Setting next_dagrun for minio_to_snowflake_banking to 2026-05-27 19:00:00+00:00, run_after=2026-05-27 19:30:00+00:00
[2026-05-27T19:58:50.328+0000] {processor.py:183} INFO - Processing /opt/airflow/dags/minio_to_snowflake_dag.py took 0.274 seconds
[2026-05-27T19:59:20.554+0000] {processor.py:161} INFO - Started process (PID=2129) to work on /opt/airflow/dags/minio_to_snowflake_dag.py
[2026-05-27T19:59:20.555+0000] {processor.py:830} INFO - Processing file /opt/airflow/dags/minio_to_snowflake_dag.py for tasks to queue
[2026-05-27T19:59:20.557+0000] {logging_mixin.py:188} INFO - [2026-05-27T19:59:20.556+0000] {dagbag.py:545} INFO - Filling up the DagBag from /opt/airflow/dags/minio_to_snowflake_dag.py
[2026-05-27T19:59:20.783+0000] {processor.py:840} INFO - DAG(s) 'minio_to_snowflake_banking' retrieved from /opt/airflow/dags/minio_to_snowflake_dag.py
[2026-05-27T19:59:20.791+0000] {logging_mixin.py:188} INFO - [2026-05-27T19:59:20.790+0000] {dag.py:3089} INFO - Sync 1 DAGs
[2026-05-27T19:59:20.796+0000] {logging_mixin.py:188} INFO - [2026-05-27T19:59:20.796+0000] {dag.py:3947} INFO - Setting next_dagrun for minio_to_snowflake_banking to 2026-05-27 19:00:00+00:00, run_after=2026-05-27 19:30:00+00:00
[2026-05-27T19:59:20.801+0000] {processor.py:183} INFO - Processing /opt/airflow/dags/minio_to_snowflake_dag.py took 0.253 seconds
[2026-05-27T19:59:51.020+0000] {processor.py:161} INFO - Started process (PID=2133) to work on /opt/airflow/dags/minio_to_snowflake_dag.py
[2026-05-27T19:59:51.022+0000] {processor.py:830} INFO - Processing file /opt/airflow/dags/minio_to_snowflake_dag.py for tasks to queue
[2026-05-27T19:59:51.023+0000] {logging_mixin.py:188} INFO - [2026-05-27T19:59:51.023+0000] {dagbag.py:545} INFO - Filling up the DagBag from /opt/airflow/dags/minio_to_snowflake_dag.py
[2026-05-27T19:59:51.263+0000] {processor.py:840} INFO - DAG(s) 'minio_to_snowflake_banking' retrieved from /opt/airflow/dags/minio_to_snowflake_dag.py
[2026-05-27T19:59:51.271+0000] {logging_mixin.py:188} INFO - [2026-05-27T19:59:51.271+0000] {dag.py:3089} INFO - Sync 1 DAGs
[2026-05-27T19:59:51.277+0000] {logging_mixin.py:188} INFO - [2026-05-27T19:59:51.277+0000] {dag.py:3947} INFO - Setting next_dagrun for minio_to_snowflake_banking to 2026-05-27 19:00:00+00:00, run_after=2026-05-27 19:30:00+00:00
[2026-05-27T19:59:51.282+0000] {processor.py:183} INFO - Processing /opt/airflow/dags/minio_to_snowflake_dag.py took 0.266 seconds
[2026-05-27T20:00:21.501+0000] {processor.py:161} INFO - Started process (PID=2137) to work on /opt/airflow/dags/minio_to_snowflake_dag.py
[2026-05-27T20:00:21.503+0000] {processor.py:830} INFO - Processing file /opt/airflow/dags/minio_to_snowflake_dag.py for tasks to queue
[2026-05-27T20:00:21.504+0000] {logging_mixin.py:188} INFO - [2026-05-27T20:00:21.504+0000] {dagbag.py:545} INFO - Filling up the DagBag from /opt/airflow/dags/minio_to_snowflake_dag.py
[2026-05-27T20:00:21.730+0000] {processor.py:840} INFO - DAG(s) 'minio_to_snowflake_banking' retrieved from /opt/airflow/dags/minio_to_snowflake_dag.py
[2026-05-27T20:00:21.738+0000] {logging_mixin.py:188} INFO - [2026-05-27T20:00:21.738+0000] {dag.py:3089} INFO - Sync 1 DAGs
[2026-05-27T20:00:21.744+0000] {logging_mixin.py:188} INFO - [2026-05-27T20:00:21.744+0000] {dag.py:3947} INFO - Setting next_dagrun for minio_to_snowflake_banking to 2026-05-27 19:30:00+00:00, run_after=2026-05-27 20:00:00+00:00
[2026-05-27T20:00:21.749+0000] {processor.py:183} INFO - Processing /opt/airflow/dags/minio_to_snowflake_dag.py took 0.252 seconds
[2026-05-27T20:00:51.993+0000] {processor.py:161} INFO - Started process (PID=2141) to work on /opt/airflow/dags/minio_to_snowflake_dag.py
[2026-05-27T20:00:51.995+0000] {processor.py:830} INFO - Processing file /opt/airflow/dags/minio_to_snowflake_dag.py for tasks to queue
[2026-05-27T20:00:51.996+0000] {logging_mixin.py:188} INFO - [2026-05-27T20:00:51.995+0000] {dagbag.py:545} INFO - Filling up the DagBag from /opt/airflow/dags/minio_to_snowflake_dag.py
[2026-05-27T20:00:52.237+0000] {processor.py:840} INFO - DAG(s) 'minio_to_snowflake_banking' retrieved from /opt/airflow/dags/minio_to_snowflake_dag.py
[2026-05-27T20:00:52.247+0000] {logging_mixin.py:188} INFO - [2026-05-27T20:00:52.247+0000] {dag.py:3089} INFO - Sync 1 DAGs
[2026-05-27T20:00:52.254+0000] {logging_mixin.py:188} INFO - [2026-05-27T20:00:52.254+0000] {dag.py:3947} INFO - Setting next_dagrun for minio_to_snowflake_banking to 2026-05-27 19:30:00+00:00, run_after=2026-05-27 20:00:00+00:00
[2026-05-27T20:00:52.261+0000] {processor.py:183} INFO - Processing /opt/airflow/dags/minio_to_snowflake_dag.py took 0.272 seconds
[2026-05-27T20:01:22.490+0000] {processor.py:161} INFO - Started process (PID=2145) to work on /opt/airflow/dags/minio_to_snowflake_dag.py
[2026-05-27T20:01:22.491+0000] {processor.py:830} INFO - Processing file /opt/airflow/dags/minio_to_snowflake_dag.py for tasks to queue
[2026-05-27T20:01:22.492+0000] {logging_mixin.py:188} INFO - [2026-05-27T20:01:22.492+0000] {dagbag.py:545} INFO - Filling up the DagBag from /opt/airflow/dags/minio_to_snowflake_dag.py
[2026-05-27T20:01:22.740+0000] {processor.py:840} INFO - DAG(s) 'minio_to_snowflake_banking' retrieved from /opt/airflow/dags/minio_to_snowflake_dag.py
[2026-05-27T20:01:22.749+0000] {logging_mixin.py:188} INFO - [2026-05-27T20:01:22.749+0000] {dag.py:3089} INFO - Sync 1 DAGs
[2026-05-27T20:01:22.757+0000] {logging_mixin.py:188} INFO - [2026-05-27T20:01:22.757+0000] {dag.py:3947} INFO - Setting next_dagrun for minio_to_snowflake_banking to 2026-05-27 19:30:00+00:00, run_after=2026-05-27 20:00:00+00:00
[2026-05-27T20:01:22.763+0000] {processor.py:183} INFO - Processing /opt/airflow/dags/minio_to_snowflake_dag.py took 0.278 seconds
[2026-05-27T20:01:53.010+0000] {processor.py:161} INFO - Started process (PID=2149) to work on /opt/airflow/dags/minio_to_snowflake_dag.py
[2026-05-27T20:01:53.012+0000] {processor.py:830} INFO - Processing file /opt/airflow/dags/minio_to_snowflake_dag.py for tasks to queue
[2026-05-27T20:01:53.014+0000] {logging_mixin.py:188} INFO - [2026-05-27T20:01:53.013+0000] {dagbag.py:545} INFO - Filling up the DagBag from /opt/airflow/dags/minio_to_snowflake_dag.py
[2026-05-27T20:01:53.240+0000] {processor.py:840} INFO - DAG(s) 'minio_to_snowflake_banking' retrieved from /opt/airflow/dags/minio_to_snowflake_dag.py
[2026-05-27T20:01:53.248+0000] {logging_mixin.py:188} INFO - [2026-05-27T20:01:53.248+0000] {dag.py:3089} INFO - Sync 1 DAGs
[2026-05-27T20:01:53.256+0000] {logging_mixin.py:188} INFO - [2026-05-27T20:01:53.256+0000] {dag.py:3947} INFO - Setting next_dagrun for minio_to_snowflake_banking to 2026-05-27 19:30:00+00:00, run_after=2026-05-27 20:00:00+00:00
[2026-05-27T20:01:53.263+0000] {processor.py:183} INFO - Processing /opt/airflow/dags/minio_to_snowflake_dag.py took 0.258 seconds
[2026-05-27T20:02:23.465+0000] {processor.py:161} INFO - Started process (PID=2153) to work on /opt/airflow/dags/minio_to_snowflake_dag.py
[2026-05-27T20:02:23.466+0000] {processor.py:830} INFO - Processing file /opt/airflow/dags/minio_to_snowflake_dag.py for tasks to queue
[2026-05-27T20:02:23.467+0000] {logging_mixin.py:188} INFO - [2026-05-27T20:02:23.467+0000] {dagbag.py:545} INFO - Filling up the DagBag from /opt/airflow/dags/minio_to_snowflake_dag.py
[2026-05-27T20:02:23.738+0000] {processor.py:840} INFO - DAG(s) 'minio_to_snowflake_banking' retrieved from /opt/airflow/dags/minio_to_snowflake_dag.py
[2026-05-27T20:02:23.747+0000] {logging_mixin.py:188} INFO - [2026-05-27T20:02:23.747+0000] {dag.py:3089} INFO - Sync 1 DAGs
[2026-05-27T20:02:23.754+0000] {logging_mixin.py:188} INFO - [2026-05-27T20:02:23.754+0000] {dag.py:3947} INFO - Setting next_dagrun for minio_to_snowflake_banking to 2026-05-27 19:30:00+00:00, run_after=2026-05-27 20:00:00+00:00
[2026-05-27T20:02:23.759+0000] {processor.py:183} INFO - Processing /opt/airflow/dags/minio_to_snowflake_dag.py took 0.298 seconds
[2026-05-27T20:02:54.018+0000] {processor.py:161} INFO - Started process (PID=2157) to work on /opt/airflow/dags/minio_to_snowflake_dag.py
[2026-05-27T20:02:54.020+0000] {processor.py:830} INFO - Processing file /opt/airflow/dags/minio_to_snowflake_dag.py for tasks to queue
[2026-05-27T20:02:54.021+0000] {logging_mixin.py:188} INFO - [2026-05-27T20:02:54.021+0000] {dagbag.py:545} INFO - Filling up the DagBag from /opt/airflow/dags/minio_to_snowflake_dag.py
[2026-05-27T20:02:54.246+0000] {processor.py:840} INFO - DAG(s) 'minio_to_snowflake_banking' retrieved from /opt/airflow/dags/minio_to_snowflake_dag.py
[2026-05-27T20:02:54.253+0000] {logging_mixin.py:188} INFO - [2026-05-27T20:02:54.253+0000] {dag.py:3089} INFO - Sync 1 DAGs
[2026-05-27T20:02:54.260+0000] {logging_mixin.py:188} INFO - [2026-05-27T20:02:54.260+0000] {dag.py:3947} INFO - Setting next_dagrun for minio_to_snowflake_banking to 2026-05-27 19:30:00+00:00, run_after=2026-05-27 20:00:00+00:00
[2026-05-27T20:02:54.265+0000] {processor.py:183} INFO - Processing /opt/airflow/dags/minio_to_snowflake_dag.py took 0.251 seconds
[2026-05-27T20:03:24.466+0000] {processor.py:161} INFO - Started process (PID=2161) to work on /opt/airflow/dags/minio_to_snowflake_dag.py
[2026-05-27T20:03:24.467+0000] {processor.py:830} INFO - Processing file /opt/airflow/dags/minio_to_snowflake_dag.py for tasks to queue
[2026-05-27T20:03:24.468+0000] {logging_mixin.py:188} INFO - [2026-05-27T20:03:24.467+0000] {dagbag.py:545} INFO - Filling up the DagBag from /opt/airflow/dags/minio_to_snowflake_dag.py
[2026-05-27T20:03:24.733+0000] {processor.py:840} INFO - DAG(s) 'minio_to_snowflake_banking' retrieved from /opt/airflow/dags/minio_to_snowflake_dag.py
[2026-05-27T20:03:24.743+0000] {logging_mixin.py:188} INFO - [2026-05-27T20:03:24.742+0000] {dag.py:3089} INFO - Sync 1 DAGs
[2026-05-27T20:03:24.749+0000] {logging_mixin.py:188} INFO - [2026-05-27T20:03:24.749+0000] {dag.py:3947} INFO - Setting next_dagrun for minio_to_snowflake_banking to 2026-05-27 19:30:00+00:00, run_after=2026-05-27 20:00:00+00:00
[2026-05-27T20:03:24.755+0000] {processor.py:183} INFO - Processing /opt/airflow/dags/minio_to_snowflake_dag.py took 0.292 seconds
[2026-05-27T20:03:55.000+0000] {processor.py:161} INFO - Started process (PID=2165) to work on /opt/airflow/dags/minio_to_snowflake_dag.py
[2026-05-27T20:03:55.002+0000] {processor.py:830} INFO - Processing file /opt/airflow/dags/minio_to_snowflake_dag.py for tasks to queue
[2026-05-27T20:03:55.004+0000] {logging_mixin.py:188} INFO - [2026-05-27T20:03:55.004+0000] {dagbag.py:545} INFO - Filling up the DagBag from /opt/airflow/dags/minio_to_snowflake_dag.py
[2026-05-27T20:03:55.232+0000] {processor.py:840} INFO - DAG(s) 'minio_to_snowflake_banking' retrieved from /opt/airflow/dags/minio_to_snowflake_dag.py
[2026-05-27T20:03:55.240+0000] {logging_mixin.py:188} INFO - [2026-05-27T20:03:55.240+0000] {dag.py:3089} INFO - Sync 1 DAGs
[2026-05-27T20:03:55.246+0000] {logging_mixin.py:188} INFO - [2026-05-27T20:03:55.246+0000] {dag.py:3947} INFO - Setting next_dagrun for minio_to_snowflake_banking to 2026-05-27 19:30:00+00:00, run_after=2026-05-27 20:00:00+00:00
[2026-05-27T20:03:55.252+0000] {processor.py:183} INFO - Processing /opt/airflow/dags/minio_to_snowflake_dag.py took 0.257 seconds
[2026-05-27T20:04:25.427+0000] {processor.py:161} INFO - Started process (PID=2169) to work on /opt/airflow/dags/minio_to_snowflake_dag.py
[2026-05-27T20:04:25.429+0000] {processor.py:830} INFO - Processing file /opt/airflow/dags/minio_to_snowflake_dag.py for tasks to queue
[2026-05-27T20:04:25.430+0000] {logging_mixin.py:188} INFO - [2026-05-27T20:04:25.430+0000] {dagbag.py:545} INFO - Filling up the DagBag from /opt/airflow/dags/minio_to_snowflake_dag.py
[2026-05-27T20:04:25.690+0000] {processor.py:840} INFO - DAG(s) 'minio_to_snowflake_banking' retrieved from /opt/airflow/dags/minio_to_snowflake_dag.py
[2026-05-27T20:04:25.699+0000] {logging_mixin.py:188} INFO - [2026-05-27T20:04:25.699+0000] {dag.py:3089} INFO - Sync 1 DAGs
[2026-05-27T20:04:25.707+0000] {logging_mixin.py:188} INFO - [2026-05-27T20:04:25.707+0000] {dag.py:3947} INFO - Setting next_dagrun for minio_to_snowflake_banking to 2026-05-27 19:30:00+00:00, run_after=2026-05-27 20:00:00+00:00
[2026-05-27T20:04:25.714+0000] {processor.py:183} INFO - Processing /opt/airflow/dags/minio_to_snowflake_dag.py took 0.291 seconds
[2026-05-27T20:04:55.964+0000] {processor.py:161} INFO - Started process (PID=2173) to work on /opt/airflow/dags/minio_to_snowflake_dag.py
[2026-05-27T20:04:55.965+0000] {processor.py:830} INFO - Processing file /opt/airflow/dags/minio_to_snowflake_dag.py for tasks to queue
[2026-05-27T20:04:55.966+0000] {logging_mixin.py:188} INFO - [2026-05-27T20:04:55.966+0000] {dagbag.py:545} INFO - Filling up the DagBag from /opt/airflow/dags/minio_to_snowflake_dag.py
[2026-05-27T20:04:56.191+0000] {processor.py:840} INFO - DAG(s) 'minio_to_snowflake_banking' retrieved from /opt/airflow/dags/minio_to_snowflake_dag.py
[2026-05-27T20:04:56.199+0000] {logging_mixin.py:188} INFO - [2026-05-27T20:04:56.199+0000] {dag.py:3089} INFO - Sync 1 DAGs
[2026-05-27T20:04:56.205+0000] {logging_mixin.py:188} INFO - [2026-05-27T20:04:56.205+0000] {dag.py:3947} INFO - Setting next_dagrun for minio_to_snowflake_banking to 2026-05-27 19:30:00+00:00, run_after=2026-05-27 20:00:00+00:00
[2026-05-27T20:04:56.211+0000] {processor.py:183} INFO - Processing /opt/airflow/dags/minio_to_snowflake_dag.py took 0.252 seconds
[2026-05-27T20:05:26.458+0000] {processor.py:161} INFO - Started process (PID=2177) to work on /opt/airflow/dags/minio_to_snowflake_dag.py
[2026-05-27T20:05:26.460+0000] {processor.py:830} INFO - Processing file /opt/airflow/dags/minio_to_snowflake_dag.py for tasks to queue
[2026-05-27T20:05:26.461+0000] {logging_mixin.py:188} INFO - [2026-05-27T20:05:26.461+0000] {dagbag.py:545} INFO - Filling up the DagBag from /opt/airflow/dags/minio_to_snowflake_dag.py
[2026-05-27T20:05:26.694+0000] {processor.py:840} INFO - DAG(s) 'minio_to_snowflake_banking' retrieved from /opt/airflow/dags/minio_to_snowflake_dag.py
[2026-05-27T20:05:26.702+0000] {logging_mixin.py:188} INFO - [2026-05-27T20:05:26.702+0000] {dag.py:3089} INFO - Sync 1 DAGs
[2026-05-27T20:05:26.708+0000] {logging_mixin.py:188} INFO - [2026-05-27T20:05:26.708+0000] {dag.py:3947} INFO - Setting next_dagrun for minio_to_snowflake_banking to 2026-05-27 19:30:00+00:00, run_after=2026-05-27 20:00:00+00:00
[2026-05-27T20:05:26.713+0000] {processor.py:183} INFO - Processing /opt/airflow/dags/minio_to_snowflake_dag.py took 0.259 seconds
[2026-05-27T20:05:56.937+0000] {processor.py:161} INFO - Started process (PID=2181) to work on /opt/airflow/dags/minio_to_snowflake_dag.py
[2026-05-27T20:05:56.938+0000] {processor.py:830} INFO - Processing file /opt/airflow/dags/minio_to_snowflake_dag.py for tasks to queue
[2026-05-27T20:05:56.939+0000] {logging_mixin.py:188} INFO - [2026-05-27T20:05:56.939+0000] {dagbag.py:545} INFO - Filling up the DagBag from /opt/airflow/dags/minio_to_snowflake_dag.py
[2026-05-27T20:05:57.194+0000] {processor.py:840} INFO - DAG(s) 'minio_to_snowflake_banking' retrieved from /opt/airflow/dags/minio_to_snowflake_dag.py
[2026-05-27T20:05:57.202+0000] {logging_mixin.py:188} INFO - [2026-05-27T20:05:57.202+0000] {dag.py:3089} INFO - Sync 1 DAGs
[2026-05-27T20:05:57.209+0000] {logging_mixin.py:188} INFO - [2026-05-27T20:05:57.209+0000] {dag.py:3947} INFO - Setting next_dagrun for minio_to_snowflake_banking to 2026-05-27 19:30:00+00:00, run_after=2026-05-27 20:00:00+00:00
[2026-05-27T20:05:57.214+0000] {processor.py:183} INFO - Processing /opt/airflow/dags/minio_to_snowflake_dag.py took 0.279 seconds
[2026-05-27T20:06:27.413+0000] {processor.py:161} INFO - Started process (PID=2185) to work on /opt/airflow/dags/minio_to_snowflake_dag.py
[2026-05-27T20:06:27.414+0000] {processor.py:830} INFO - Processing file /opt/airflow/dags/minio_to_snowflake_dag.py for tasks to queue
[2026-05-27T20:06:27.414+0000] {logging_mixin.py:188} INFO - [2026-05-27T20:06:27.414+0000] {dagbag.py:545} INFO - Filling up the DagBag from /opt/airflow/dags/minio_to_snowflake_dag.py
[2026-05-27T20:06:27.647+0000] {processor.py:840} INFO - DAG(s) 'minio_to_snowflake_banking' retrieved from /opt/airflow/dags/minio_to_snowflake_dag.py
[2026-05-27T20:06:27.655+0000] {logging_mixin.py:188} INFO - [2026-05-27T20:06:27.655+0000] {dag.py:3089} INFO - Sync 1 DAGs
[2026-05-27T20:06:27.662+0000] {logging_mixin.py:188} INFO - [2026-05-27T20:06:27.662+0000] {dag.py:3947} INFO - Setting next_dagrun for minio_to_snowflake_banking to 2026-05-27 19:30:00+00:00, run_after=2026-05-27 20:00:00+00:00
[2026-05-27T20:06:27.668+0000] {processor.py:183} INFO - Processing /opt/airflow/dags/minio_to_snowflake_dag.py took 0.258 seconds
[2026-05-27T20:06:57.927+0000] {processor.py:161} INFO - Started process (PID=2189) to work on /opt/airflow/dags/minio_to_snowflake_dag.py
[2026-05-27T20:06:57.929+0000] {processor.py:830} INFO - Processing file /opt/airflow/dags/minio_to_snowflake_dag.py for tasks to queue
[2026-05-27T20:06:57.930+0000] {logging_mixin.py:188} INFO - [2026-05-27T20:06:57.930+0000] {dagbag.py:545} INFO - Filling up the DagBag from /opt/airflow/dags/minio_to_snowflake_dag.py
[2026-05-27T20:06:58.170+0000] {processor.py:840} INFO - DAG(s) 'minio_to_snowflake_banking' retrieved from /opt/airflow/dags/minio_to_snowflake_dag.py
[2026-05-27T20:06:58.178+0000] {logging_mixin.py:188} INFO - [2026-05-27T20:06:58.178+0000] {dag.py:3089} INFO - Sync 1 DAGs
[2026-05-27T20:06:58.185+0000] {logging_mixin.py:188} INFO - [2026-05-27T20:06:58.185+0000] {dag.py:3947} INFO - Setting next_dagrun for minio_to_snowflake_banking to 2026-05-27 19:30:00+00:00, run_after=2026-05-27 20:00:00+00:00
[2026-05-27T20:06:58.191+0000] {processor.py:183} INFO - Processing /opt/airflow/dags/minio_to_snowflake_dag.py took 0.268 seconds
[2026-05-27T20:07:28.413+0000] {processor.py:161} INFO - Started process (PID=2193) to work on /opt/airflow/dags/minio_to_snowflake_dag.py
[2026-05-27T20:07:28.414+0000] {processor.py:830} INFO - Processing file /opt/airflow/dags/minio_to_snowflake_dag.py for tasks to queue
[2026-05-27T20:07:28.416+0000] {logging_mixin.py:188} INFO - [2026-05-27T20:07:28.416+0000] {dagbag.py:545} INFO - Filling up the DagBag from /opt/airflow/dags/minio_to_snowflake_dag.py
[2026-05-27T20:07:28.646+0000] {processor.py:840} INFO - DAG(s) 'minio_to_snowflake_banking' retrieved from /opt/airflow/dags/minio_to_snowflake_dag.py
[2026-05-27T20:07:28.655+0000] {logging_mixin.py:188} INFO - [2026-05-27T20:07:28.655+0000] {dag.py:3089} INFO - Sync 1 DAGs
[2026-05-27T20:07:28.661+0000] {logging_mixin.py:188} INFO - [2026-05-27T20:07:28.661+0000] {dag.py:3947} INFO - Setting next_dagrun for minio_to_snowflake_banking to 2026-05-27 19:30:00+00:00, run_after=2026-05-27 20:00:00+00:00
[2026-05-27T20:07:28.666+0000] {processor.py:183} INFO - Processing /opt/airflow/dags/minio_to_snowflake_dag.py took 0.259 seconds
[2026-05-27T20:07:58.883+0000] {processor.py:161} INFO - Started process (PID=2197) to work on /opt/airflow/dags/minio_to_snowflake_dag.py
[2026-05-27T20:07:58.884+0000] {processor.py:830} INFO - Processing file /opt/airflow/dags/minio_to_snowflake_dag.py for tasks to queue
[2026-05-27T20:07:58.886+0000] {logging_mixin.py:188} INFO - [2026-05-27T20:07:58.885+0000] {dagbag.py:545} INFO - Filling up the DagBag from /opt/airflow/dags/minio_to_snowflake_dag.py
[2026-05-27T20:07:59.117+0000] {processor.py:840} INFO - DAG(s) 'minio_to_snowflake_banking' retrieved from /opt/airflow/dags/minio_to_snowflake_dag.py
[2026-05-27T20:07:59.126+0000] {logging_mixin.py:188} INFO - [2026-05-27T20:07:59.126+0000] {dag.py:3089} INFO - Sync 1 DAGs
[2026-05-27T20:07:59.132+0000] {logging_mixin.py:188} INFO - [2026-05-27T20:07:59.132+0000] {dag.py:3947} INFO - Setting next_dagrun for minio_to_snowflake_banking to 2026-05-27 19:30:00+00:00, run_after=2026-05-27 20:00:00+00:00
[2026-05-27T20:07:59.137+0000] {processor.py:183} INFO - Processing /opt/airflow/dags/minio_to_snowflake_dag.py took 0.260 seconds
[2026-05-27T20:08:29.346+0000] {processor.py:161} INFO - Started process (PID=2201) to work on /opt/airflow/dags/minio_to_snowflake_dag.py
[2026-05-27T20:08:29.348+0000] {processor.py:830} INFO - Processing file /opt/airflow/dags/minio_to_snowflake_dag.py for tasks to queue
[2026-05-27T20:08:29.349+0000] {logging_mixin.py:188} INFO - [2026-05-27T20:08:29.349+0000] {dagbag.py:545} INFO - Filling up the DagBag from /opt/airflow/dags/minio_to_snowflake_dag.py
[2026-05-27T20:08:29.601+0000] {processor.py:840} INFO - DAG(s) 'minio_to_snowflake_banking' retrieved from /opt/airflow/dags/minio_to_snowflake_dag.py
[2026-05-27T20:08:29.610+0000] {logging_mixin.py:188} INFO - [2026-05-27T20:08:29.610+0000] {dag.py:3089} INFO - Sync 1 DAGs
[2026-05-27T20:08:29.616+0000] {logging_mixin.py:188} INFO - [2026-05-27T20:08:29.616+0000] {dag.py:3947} INFO - Setting next_dagrun for minio_to_snowflake_banking to 2026-05-27 19:30:00+00:00, run_after=2026-05-27 20:00:00+00:00
[2026-05-27T20:08:29.622+0000] {processor.py:183} INFO - Processing /opt/airflow/dags/minio_to_snowflake_dag.py took 0.280 seconds
[2026-05-27T20:08:59.846+0000] {processor.py:161} INFO - Started process (PID=2205) to work on /opt/airflow/dags/minio_to_snowflake_dag.py
[2026-05-27T20:08:59.848+0000] {processor.py:830} INFO - Processing file /opt/airflow/dags/minio_to_snowflake_dag.py for tasks to queue
[2026-05-27T20:08:59.849+0000] {logging_mixin.py:188} INFO - [2026-05-27T20:08:59.849+0000] {dagbag.py:545} INFO - Filling up the DagBag from /opt/airflow/dags/minio_to_snowflake_dag.py
[2026-05-27T20:09:00.073+0000] {processor.py:840} INFO - DAG(s) 'minio_to_snowflake_banking' retrieved from /opt/airflow/dags/minio_to_snowflake_dag.py
[2026-05-27T20:09:00.082+0000] {logging_mixin.py:188} INFO - [2026-05-27T20:09:00.082+0000] {dag.py:3089} INFO - Sync 1 DAGs
[2026-05-27T20:09:00.088+0000] {logging_mixin.py:188} INFO - [2026-05-27T20:09:00.088+0000] {dag.py:3947} INFO - Setting next_dagrun for minio_to_snowflake_banking to 2026-05-27 19:30:00+00:00, run_after=2026-05-27 20:00:00+00:00
[2026-05-27T20:09:00.093+0000] {processor.py:183} INFO - Processing /opt/airflow/dags/minio_to_snowflake_dag.py took 0.251 seconds
[2026-05-27T20:09:30.317+0000] {processor.py:161} INFO - Started process (PID=2209) to work on /opt/airflow/dags/minio_to_snowflake_dag.py
[2026-05-27T20:09:30.319+0000] {processor.py:830} INFO - Processing file /opt/airflow/dags/minio_to_snowflake_dag.py for tasks to queue
[2026-05-27T20:09:30.320+0000] {logging_mixin.py:188} INFO - [2026-05-27T20:09:30.320+0000] {dagbag.py:545} INFO - Filling up the DagBag from /opt/airflow/dags/minio_to_snowflake_dag.py
[2026-05-27T20:09:30.593+0000] {processor.py:840} INFO - DAG(s) 'minio_to_snowflake_banking' retrieved from /opt/airflow/dags/minio_to_snowflake_dag.py
[2026-05-27T20:09:30.603+0000] {logging_mixin.py:188} INFO - [2026-05-27T20:09:30.603+0000] {dag.py:3089} INFO - Sync 1 DAGs
[2026-05-27T20:09:30.611+0000] {logging_mixin.py:188} INFO - [2026-05-27T20:09:30.611+0000] {dag.py:3947} INFO - Setting next_dagrun for minio_to_snowflake_banking to 2026-05-27 19:30:00+00:00, run_after=2026-05-27 20:00:00+00:00
[2026-05-27T20:09:30.618+0000] {processor.py:183} INFO - Processing /opt/airflow/dags/minio_to_snowflake_dag.py took 0.306 seconds
[2026-05-27T20:10:00.859+0000] {processor.py:161} INFO - Started process (PID=2213) to work on /opt/airflow/dags/minio_to_snowflake_dag.py
[2026-05-27T20:10:00.861+0000] {processor.py:830} INFO - Processing file /opt/airflow/dags/minio_to_snowflake_dag.py for tasks to queue
[2026-05-27T20:10:00.862+0000] {logging_mixin.py:188} INFO - [2026-05-27T20:10:00.862+0000] {dagbag.py:545} INFO - Filling up the DagBag from /opt/airflow/dags/minio_to_snowflake_dag.py
[2026-05-27T20:10:01.098+0000] {processor.py:840} INFO - DAG(s) 'minio_to_snowflake_banking' retrieved from /opt/airflow/dags/minio_to_snowflake_dag.py
[2026-05-27T20:10:01.106+0000] {logging_mixin.py:188} INFO - [2026-05-27T20:10:01.106+0000] {dag.py:3089} INFO - Sync 1 DAGs
[2026-05-27T20:10:01.112+0000] {logging_mixin.py:188} INFO - [2026-05-27T20:10:01.112+0000] {dag.py:3947} INFO - Setting next_dagrun for minio_to_snowflake_banking to 2026-05-27 19:30:00+00:00, run_after=2026-05-27 20:00:00+00:00
[2026-05-27T20:10:01.117+0000] {processor.py:183} INFO - Processing /opt/airflow/dags/minio_to_snowflake_dag.py took 0.263 seconds
[2026-05-27T20:10:31.370+0000] {processor.py:161} INFO - Started process (PID=2217) to work on /opt/airflow/dags/minio_to_snowflake_dag.py
[2026-05-27T20:10:31.372+0000] {processor.py:830} INFO - Processing file /opt/airflow/dags/minio_to_snowflake_dag.py for tasks to queue
[2026-05-27T20:10:31.373+0000] {logging_mixin.py:188} INFO - [2026-05-27T20:10:31.373+0000] {dagbag.py:545} INFO - Filling up the DagBag from /opt/airflow/dags/minio_to_snowflake_dag.py
[2026-05-27T20:10:31.603+0000] {processor.py:840} INFO - DAG(s) 'minio_to_snowflake_banking' retrieved from /opt/airflow/dags/minio_to_snowflake_dag.py
[2026-05-27T20:10:31.611+0000] {logging_mixin.py:188} INFO - [2026-05-27T20:10:31.611+0000] {dag.py:3089} INFO - Sync 1 DAGs
[2026-05-27T20:10:31.617+0000] {logging_mixin.py:188} INFO - [2026-05-27T20:10:31.616+0000] {dag.py:3947} INFO - Setting next_dagrun for minio_to_snowflake_banking to 2026-05-27 19:30:00+00:00, run_after=2026-05-27 20:00:00+00:00
[2026-05-27T20:10:31.622+0000] {processor.py:183} INFO - Processing /opt/airflow/dags/minio_to_snowflake_dag.py took 0.258 seconds
[2026-05-27T20:11:01.829+0000] {processor.py:161} INFO - Started process (PID=2221) to work on /opt/airflow/dags/minio_to_snowflake_dag.py
[2026-05-27T20:11:01.831+0000] {processor.py:830} INFO - Processing file /opt/airflow/dags/minio_to_snowflake_dag.py for tasks to queue
[2026-05-27T20:11:01.832+0000] {logging_mixin.py:188} INFO - [2026-05-27T20:11:01.832+0000] {dagbag.py:545} INFO - Filling up the DagBag from /opt/airflow/dags/minio_to_snowflake_dag.py
[2026-05-27T20:11:02.104+0000] {processor.py:840} INFO - DAG(s) 'minio_to_snowflake_banking' retrieved from /opt/airflow/dags/minio_to_snowflake_dag.py
[2026-05-27T20:11:02.113+0000] {logging_mixin.py:188} INFO - [2026-05-27T20:11:02.112+0000] {dag.py:3089} INFO - Sync 1 DAGs
[2026-05-27T20:11:02.120+0000] {logging_mixin.py:188} INFO - [2026-05-27T20:11:02.120+0000] {dag.py:3947} INFO - Setting next_dagrun for minio_to_snowflake_banking to 2026-05-27 19:30:00+00:00, run_after=2026-05-27 20:00:00+00:00
[2026-05-27T20:11:02.126+0000] {processor.py:183} INFO - Processing /opt/airflow/dags/minio_to_snowflake_dag.py took 0.302 seconds
[2026-05-27T20:11:32.323+0000] {processor.py:161} INFO - Started process (PID=2225) to work on /opt/airflow/dags/minio_to_snowflake_dag.py
[2026-05-27T20:11:32.324+0000] {processor.py:830} INFO - Processing file /opt/airflow/dags/minio_to_snowflake_dag.py for tasks to queue
[2026-05-27T20:11:32.325+0000] {logging_mixin.py:188} INFO - [2026-05-27T20:11:32.324+0000] {dagbag.py:545} INFO - Filling up the DagBag from /opt/airflow/dags/minio_to_snowflake_dag.py
[2026-05-27T20:11:32.557+0000] {processor.py:840} INFO - DAG(s) 'minio_to_snowflake_banking' retrieved from /opt/airflow/dags/minio_to_snowflake_dag.py
[2026-05-27T20:11:32.565+0000] {logging_mixin.py:188} INFO - [2026-05-27T20:11:32.565+0000] {dag.py:3089} INFO - Sync 1 DAGs
[2026-05-27T20:11:32.572+0000] {logging_mixin.py:188} INFO - [2026-05-27T20:11:32.571+0000] {dag.py:3947} INFO - Setting next_dagrun for minio_to_snowflake_banking to 2026-05-27 19:30:00+00:00, run_after=2026-05-27 20:00:00+00:00
[2026-05-27T20:11:32.577+0000] {processor.py:183} INFO - Processing /opt/airflow/dags/minio_to_snowflake_dag.py took 0.257 seconds
[2026-05-27T20:12:02.802+0000] {processor.py:161} INFO - Started process (PID=2229) to work on /opt/airflow/dags/minio_to_snowflake_dag.py
[2026-05-27T20:12:02.803+0000] {processor.py:830} INFO - Processing file /opt/airflow/dags/minio_to_snowflake_dag.py for tasks to queue
[2026-05-27T20:12:02.804+0000] {logging_mixin.py:188} INFO - [2026-05-27T20:12:02.804+0000] {dagbag.py:545} INFO - Filling up the DagBag from /opt/airflow/dags/minio_to_snowflake_dag.py
[2026-05-27T20:12:03.034+0000] {processor.py:840} INFO - DAG(s) 'minio_to_snowflake_banking' retrieved from /opt/airflow/dags/minio_to_snowflake_dag.py
[2026-05-27T20:12:03.042+0000] {logging_mixin.py:188} INFO - [2026-05-27T20:12:03.042+0000] {dag.py:3089} INFO - Sync 1 DAGs
[2026-05-27T20:12:03.048+0000] {logging_mixin.py:188} INFO - [2026-05-27T20:12:03.048+0000] {dag.py:3947} INFO - Setting next_dagrun for minio_to_snowflake_banking to 2026-05-27 19:30:00+00:00, run_after=2026-05-27 20:00:00+00:00
[2026-05-27T20:12:03.053+0000] {processor.py:183} INFO - Processing /opt/airflow/dags/minio_to_snowflake_dag.py took 0.256 seconds
[2026-05-27T20:12:33.278+0000] {processor.py:161} INFO - Started process (PID=2233) to work on /opt/airflow/dags/minio_to_snowflake_dag.py
[2026-05-27T20:12:33.280+0000] {processor.py:830} INFO - Processing file /opt/airflow/dags/minio_to_snowflake_dag.py for tasks to queue
[2026-05-27T20:12:33.281+0000] {logging_mixin.py:188} INFO - [2026-05-27T20:12:33.281+0000] {dagbag.py:545} INFO - Filling up the DagBag from /opt/airflow/dags/minio_to_snowflake_dag.py
[2026-05-27T20:12:33.516+0000] {processor.py:840} INFO - DAG(s) 'minio_to_snowflake_banking' retrieved from /opt/airflow/dags/minio_to_snowflake_dag.py
[2026-05-27T20:12:33.524+0000] {logging_mixin.py:188} INFO - [2026-05-27T20:12:33.523+0000] {dag.py:3089} INFO - Sync 1 DAGs
[2026-05-27T20:12:33.530+0000] {logging_mixin.py:188} INFO - [2026-05-27T20:12:33.530+0000] {dag.py:3947} INFO - Setting next_dagrun for minio_to_snowflake_banking to 2026-05-27 19:30:00+00:00, run_after=2026-05-27 20:00:00+00:00
[2026-05-27T20:12:33.535+0000] {processor.py:183} INFO - Processing /opt/airflow/dags/minio_to_snowflake_dag.py took 0.262 seconds
[2026-05-27T20:13:03.796+0000] {processor.py:161} INFO - Started process (PID=2237) to work on /opt/airflow/dags/minio_to_snowflake_dag.py
[2026-05-27T20:13:03.798+0000] {processor.py:830} INFO - Processing file /opt/airflow/dags/minio_to_snowflake_dag.py for tasks to queue
[2026-05-27T20:13:03.799+0000] {logging_mixin.py:188} INFO - [2026-05-27T20:13:03.799+0000] {dagbag.py:545} INFO - Filling up the DagBag from /opt/airflow/dags/minio_to_snowflake_dag.py
[2026-05-27T20:13:04.029+0000] {processor.py:840} INFO - DAG(s) 'minio_to_snowflake_banking' retrieved from /opt/airflow/dags/minio_to_snowflake_dag.py
[2026-05-27T20:13:04.037+0000] {logging_mixin.py:188} INFO - [2026-05-27T20:13:04.037+0000] {dag.py:3089} INFO - Sync 1 DAGs
[2026-05-27T20:13:04.043+0000] {logging_mixin.py:188} INFO - [2026-05-27T20:13:04.043+0000] {dag.py:3947} INFO - Setting next_dagrun for minio_to_snowflake_banking to 2026-05-27 19:30:00+00:00, run_after=2026-05-27 20:00:00+00:00
[2026-05-27T20:13:04.049+0000] {processor.py:183} INFO - Processing /opt/airflow/dags/minio_to_snowflake_dag.py took 0.257 seconds
[2026-05-27T20:13:34.258+0000] {processor.py:161} INFO - Started process (PID=2241) to work on /opt/airflow/dags/minio_to_snowflake_dag.py
[2026-05-27T20:13:34.260+0000] {processor.py:830} INFO - Processing file /opt/airflow/dags/minio_to_snowflake_dag.py for tasks to queue
[2026-05-27T20:13:34.261+0000] {logging_mixin.py:188} INFO - [2026-05-27T20:13:34.261+0000] {dagbag.py:545} INFO - Filling up the DagBag from /opt/airflow/dags/minio_to_snowflake_dag.py
[2026-05-27T20:13:34.504+0000] {processor.py:840} INFO - DAG(s) 'minio_to_snowflake_banking' retrieved from /opt/airflow/dags/minio_to_snowflake_dag.py
[2026-05-27T20:13:34.512+0000] {logging_mixin.py:188} INFO - [2026-05-27T20:13:34.512+0000] {dag.py:3089} INFO - Sync 1 DAGs
[2026-05-27T20:13:34.518+0000] {logging_mixin.py:188} INFO - [2026-05-27T20:13:34.518+0000] {dag.py:3947} INFO - Setting next_dagrun for minio_to_snowflake_banking to 2026-05-27 19:30:00+00:00, run_after=2026-05-27 20:00:00+00:00
[2026-05-27T20:13:34.523+0000] {processor.py:183} INFO - Processing /opt/airflow/dags/minio_to_snowflake_dag.py took 0.270 seconds
[2026-05-27T20:14:04.745+0000] {processor.py:161} INFO - Started process (PID=2245) to work on /opt/airflow/dags/minio_to_snowflake_dag.py
[2026-05-27T20:14:04.746+0000] {processor.py:830} INFO - Processing file /opt/airflow/dags/minio_to_snowflake_dag.py for tasks to queue
[2026-05-27T20:14:04.748+0000] {logging_mixin.py:188} INFO - [2026-05-27T20:14:04.747+0000] {dagbag.py:545} INFO - Filling up the DagBag from /opt/airflow/dags/minio_to_snowflake_dag.py
[2026-05-27T20:14:04.975+0000] {processor.py:840} INFO - DAG(s) 'minio_to_snowflake_banking' retrieved from /opt/airflow/dags/minio_to_snowflake_dag.py
[2026-05-27T20:14:04.983+0000] {logging_mixin.py:188} INFO - [2026-05-27T20:14:04.983+0000] {dag.py:3089} INFO - Sync 1 DAGs
[2026-05-27T20:14:04.989+0000] {logging_mixin.py:188} INFO - [2026-05-27T20:14:04.989+0000] {dag.py:3947} INFO - Setting next_dagrun for minio_to_snowflake_banking to 2026-05-27 19:30:00+00:00, run_after=2026-05-27 20:00:00+00:00
[2026-05-27T20:14:04.994+0000] {processor.py:183} INFO - Processing /opt/airflow/dags/minio_to_snowflake_dag.py took 0.254 seconds
[2026-05-27T20:14:35.196+0000] {processor.py:161} INFO - Started process (PID=2249) to work on /opt/airflow/dags/minio_to_snowflake_dag.py
[2026-05-27T20:14:35.198+0000] {processor.py:830} INFO - Processing file /opt/airflow/dags/minio_to_snowflake_dag.py for tasks to queue
[2026-05-27T20:14:35.199+0000] {logging_mixin.py:188} INFO - [2026-05-27T20:14:35.199+0000] {dagbag.py:545} INFO - Filling up the DagBag from /opt/airflow/dags/minio_to_snowflake_dag.py
[2026-05-27T20:14:35.433+0000] {processor.py:840} INFO - DAG(s) 'minio_to_snowflake_banking' retrieved from /opt/airflow/dags/minio_to_snowflake_dag.py
[2026-05-27T20:14:35.442+0000] {logging_mixin.py:188} INFO - [2026-05-27T20:14:35.442+0000] {dag.py:3089} INFO - Sync 1 DAGs
[2026-05-27T20:14:35.449+0000] {logging_mixin.py:188} INFO - [2026-05-27T20:14:35.449+0000] {dag.py:3947} INFO - Setting next_dagrun for minio_to_snowflake_banking to 2026-05-27 19:30:00+00:00, run_after=2026-05-27 20:00:00+00:00
[2026-05-27T20:14:35.455+0000] {processor.py:183} INFO - Processing /opt/airflow/dags/minio_to_snowflake_dag.py took 0.263 seconds
[2026-05-27T20:15:05.647+0000] {processor.py:161} INFO - Started process (PID=2253) to work on /opt/airflow/dags/minio_to_snowflake_dag.py
[2026-05-27T20:15:05.649+0000] {processor.py:830} INFO - Processing file /opt/airflow/dags/minio_to_snowflake_dag.py for tasks to queue
[2026-05-27T20:15:05.650+0000] {logging_mixin.py:188} INFO - [2026-05-27T20:15:05.650+0000] {dagbag.py:545} INFO - Filling up the DagBag from /opt/airflow/dags/minio_to_snowflake_dag.py
[2026-05-27T20:15:05.884+0000] {processor.py:840} INFO - DAG(s) 'minio_to_snowflake_banking' retrieved from /opt/airflow/dags/minio_to_snowflake_dag.py
[2026-05-27T20:15:05.893+0000] {logging_mixin.py:188} INFO - [2026-05-27T20:15:05.893+0000] {dag.py:3089} INFO - Sync 1 DAGs
[2026-05-27T20:15:05.899+0000] {logging_mixin.py:188} INFO - [2026-05-27T20:15:05.899+0000] {dag.py:3947} INFO - Setting next_dagrun for minio_to_snowflake_banking to 2026-05-27 19:30:00+00:00, run_after=2026-05-27 20:00:00+00:00
[2026-05-27T20:15:05.905+0000] {processor.py:183} INFO - Processing /opt/airflow/dags/minio_to_snowflake_dag.py took 0.263 seconds
[2026-05-27T20:15:36.085+0000] {processor.py:161} INFO - Started process (PID=2257) to work on /opt/airflow/dags/minio_to_snowflake_dag.py
[2026-05-27T20:15:36.087+0000] {processor.py:830} INFO - Processing file /opt/airflow/dags/minio_to_snowflake_dag.py for tasks to queue
[2026-05-27T20:15:36.089+0000] {logging_mixin.py:188} INFO - [2026-05-27T20:15:36.089+0000] {dagbag.py:545} INFO - Filling up the DagBag from /opt/airflow/dags/minio_to_snowflake_dag.py
[2026-05-27T20:15:36.318+0000] {processor.py:840} INFO - DAG(s) 'minio_to_snowflake_banking' retrieved from /opt/airflow/dags/minio_to_snowflake_dag.py
[2026-05-27T20:15:36.326+0000] {logging_mixin.py:188} INFO - [2026-05-27T20:15:36.326+0000] {dag.py:3089} INFO - Sync 1 DAGs
[2026-05-27T20:15:36.332+0000] {logging_mixin.py:188} INFO - [2026-05-27T20:15:36.332+0000] {dag.py:3947} INFO - Setting next_dagrun for minio_to_snowflake_banking to 2026-05-27 19:30:00+00:00, run_after=2026-05-27 20:00:00+00:00
[2026-05-27T20:15:36.338+0000] {processor.py:183} INFO - Processing /opt/airflow/dags/minio_to_snowflake_dag.py took 0.258 seconds
[2026-05-27T20:16:06.574+0000] {processor.py:161} INFO - Started process (PID=2261) to work on /opt/airflow/dags/minio_to_snowflake_dag.py
[2026-05-27T20:16:06.576+0000] {processor.py:830} INFO - Processing file /opt/airflow/dags/minio_to_snowflake_dag.py for tasks to queue
[2026-05-27T20:16:06.577+0000] {logging_mixin.py:188} INFO - [2026-05-27T20:16:06.577+0000] {dagbag.py:545} INFO - Filling up the DagBag from /opt/airflow/dags/minio_to_snowflake_dag.py
[2026-05-27T20:16:06.807+0000] {processor.py:840} INFO - DAG(s) 'minio_to_snowflake_banking' retrieved from /opt/airflow/dags/minio_to_snowflake_dag.py
[2026-05-27T20:16:06.815+0000] {logging_mixin.py:188} INFO - [2026-05-27T20:16:06.815+0000] {dag.py:3089} INFO - Sync 1 DAGs
[2026-05-27T20:16:06.821+0000] {logging_mixin.py:188} INFO - [2026-05-27T20:16:06.821+0000] {dag.py:3947} INFO - Setting next_dagrun for minio_to_snowflake_banking to 2026-05-27 19:30:00+00:00, run_after=2026-05-27 20:00:00+00:00
[2026-05-27T20:16:06.826+0000] {processor.py:183} INFO - Processing /opt/airflow/dags/minio_to_snowflake_dag.py took 0.258 seconds
[2026-05-27T20:16:37.056+0000] {processor.py:161} INFO - Started process (PID=2265) to work on /opt/airflow/dags/minio_to_snowflake_dag.py
[2026-05-27T20:16:37.059+0000] {processor.py:830} INFO - Processing file /opt/airflow/dags/minio_to_snowflake_dag.py for tasks to queue
[2026-05-27T20:16:37.060+0000] {logging_mixin.py:188} INFO - [2026-05-27T20:16:37.060+0000] {dagbag.py:545} INFO - Filling up the DagBag from /opt/airflow/dags/minio_to_snowflake_dag.py
[2026-05-27T20:16:37.289+0000] {processor.py:840} INFO - DAG(s) 'minio_to_snowflake_banking' retrieved from /opt/airflow/dags/minio_to_snowflake_dag.py
[2026-05-27T20:16:37.298+0000] {logging_mixin.py:188} INFO - [2026-05-27T20:16:37.297+0000] {dag.py:3089} INFO - Sync 1 DAGs
[2026-05-27T20:16:37.303+0000] {logging_mixin.py:188} INFO - [2026-05-27T20:16:37.303+0000] {dag.py:3947} INFO - Setting next_dagrun for minio_to_snowflake_banking to 2026-05-27 19:30:00+00:00, run_after=2026-05-27 20:00:00+00:00
[2026-05-27T20:16:37.309+0000] {processor.py:183} INFO - Processing /opt/airflow/dags/minio_to_snowflake_dag.py took 0.258 seconds
[2026-05-27T20:17:07.517+0000] {processor.py:161} INFO - Started process (PID=2269) to work on /opt/airflow/dags/minio_to_snowflake_dag.py
[2026-05-27T20:17:07.518+0000] {processor.py:830} INFO - Processing file /opt/airflow/dags/minio_to_snowflake_dag.py for tasks to queue
[2026-05-27T20:17:07.520+0000] {logging_mixin.py:188} INFO - [2026-05-27T20:17:07.520+0000] {dagbag.py:545} INFO - Filling up the DagBag from /opt/airflow/dags/minio_to_snowflake_dag.py
[2026-05-27T20:17:07.776+0000] {processor.py:840} INFO - DAG(s) 'minio_to_snowflake_banking' retrieved from /opt/airflow/dags/minio_to_snowflake_dag.py
[2026-05-27T20:17:07.785+0000] {logging_mixin.py:188} INFO - [2026-05-27T20:17:07.784+0000] {dag.py:3089} INFO - Sync 1 DAGs
[2026-05-27T20:17:07.793+0000] {logging_mixin.py:188} INFO - [2026-05-27T20:17:07.793+0000] {dag.py:3947} INFO - Setting next_dagrun for minio_to_snowflake_banking to 2026-05-27 19:30:00+00:00, run_after=2026-05-27 20:00:00+00:00
[2026-05-27T20:17:07.800+0000] {processor.py:183} INFO - Processing /opt/airflow/dags/minio_to_snowflake_dag.py took 0.289 seconds
[2026-05-27T20:17:38.015+0000] {processor.py:161} INFO - Started process (PID=2273) to work on /opt/airflow/dags/minio_to_snowflake_dag.py
[2026-05-27T20:17:38.017+0000] {processor.py:830} INFO - Processing file /opt/airflow/dags/minio_to_snowflake_dag.py for tasks to queue
[2026-05-27T20:17:38.019+0000] {logging_mixin.py:188} INFO - [2026-05-27T20:17:38.019+0000] {dagbag.py:545} INFO - Filling up the DagBag from /opt/airflow/dags/minio_to_snowflake_dag.py
[2026-05-27T20:17:38.245+0000] {processor.py:840} INFO - DAG(s) 'minio_to_snowflake_banking' retrieved from /opt/airflow/dags/minio_to_snowflake_dag.py
[2026-05-27T20:17:38.253+0000] {logging_mixin.py:188} INFO - [2026-05-27T20:17:38.253+0000] {dag.py:3089} INFO - Sync 1 DAGs
[2026-05-27T20:17:38.260+0000] {logging_mixin.py:188} INFO - [2026-05-27T20:17:38.259+0000] {dag.py:3947} INFO - Setting next_dagrun for minio_to_snowflake_banking to 2026-05-27 19:30:00+00:00, run_after=2026-05-27 20:00:00+00:00
[2026-05-27T20:17:38.264+0000] {processor.py:183} INFO - Processing /opt/airflow/dags/minio_to_snowflake_dag.py took 0.255 seconds
[2026-05-27T20:18:08.502+0000] {processor.py:161} INFO - Started process (PID=2277) to work on /opt/airflow/dags/minio_to_snowflake_dag.py
[2026-05-27T20:18:08.504+0000] {processor.py:830} INFO - Processing file /opt/airflow/dags/minio_to_snowflake_dag.py for tasks to queue
[2026-05-27T20:18:08.505+0000] {logging_mixin.py:188} INFO - [2026-05-27T20:18:08.505+0000] {dagbag.py:545} INFO - Filling up the DagBag from /opt/airflow/dags/minio_to_snowflake_dag.py
[2026-05-27T20:18:08.733+0000] {processor.py:840} INFO - DAG(s) 'minio_to_snowflake_banking' retrieved from /opt/airflow/dags/minio_to_snowflake_dag.py
[2026-05-27T20:18:08.741+0000] {logging_mixin.py:188} INFO - [2026-05-27T20:18:08.741+0000] {dag.py:3089} INFO - Sync 1 DAGs
[2026-05-27T20:18:08.751+0000] {logging_mixin.py:188} INFO - [2026-05-27T20:18:08.751+0000] {dag.py:3947} INFO - Setting next_dagrun for minio_to_snowflake_banking to 2026-05-27 19:30:00+00:00, run_after=2026-05-27 20:00:00+00:00
[2026-05-27T20:18:08.756+0000] {processor.py:183} INFO - Processing /opt/airflow/dags/minio_to_snowflake_dag.py took 0.260 seconds
[2026-05-27T20:18:38.977+0000] {processor.py:161} INFO - Started process (PID=2281) to work on /opt/airflow/dags/minio_to_snowflake_dag.py
[2026-05-27T20:18:38.979+0000] {processor.py:830} INFO - Processing file /opt/airflow/dags/minio_to_snowflake_dag.py for tasks to queue
[2026-05-27T20:18:38.980+0000] {logging_mixin.py:188} INFO - [2026-05-27T20:18:38.980+0000] {dagbag.py:545} INFO - Filling up the DagBag from /opt/airflow/dags/minio_to_snowflake_dag.py
[2026-05-27T20:18:39.208+0000] {processor.py:840} INFO - DAG(s) 'minio_to_snowflake_banking' retrieved from /opt/airflow/dags/minio_to_snowflake_dag.py
[2026-05-27T20:18:39.216+0000] {logging_mixin.py:188} INFO - [2026-05-27T20:18:39.216+0000] {dag.py:3089} INFO - Sync 1 DAGs
[2026-05-27T20:18:39.222+0000] {logging_mixin.py:188} INFO - [2026-05-27T20:18:39.222+0000] {dag.py:3947} INFO - Setting next_dagrun for minio_to_snowflake_banking to 2026-05-27 19:30:00+00:00, run_after=2026-05-27 20:00:00+00:00
[2026-05-27T20:18:39.227+0000] {processor.py:183} INFO - Processing /opt/airflow/dags/minio_to_snowflake_dag.py took 0.256 seconds
[2026-05-27T20:19:09.466+0000] {processor.py:161} INFO - Started process (PID=2285) to work on /opt/airflow/dags/minio_to_snowflake_dag.py
[2026-05-27T20:19:09.468+0000] {processor.py:830} INFO - Processing file /opt/airflow/dags/minio_to_snowflake_dag.py for tasks to queue
[2026-05-27T20:19:09.469+0000] {logging_mixin.py:188} INFO - [2026-05-27T20:19:09.469+0000] {dagbag.py:545} INFO - Filling up the DagBag from /opt/airflow/dags/minio_to_snowflake_dag.py
[2026-05-27T20:19:09.708+0000] {processor.py:840} INFO - DAG(s) 'minio_to_snowflake_banking' retrieved from /opt/airflow/dags/minio_to_snowflake_dag.py
[2026-05-27T20:19:09.716+0000] {logging_mixin.py:188} INFO - [2026-05-27T20:19:09.715+0000] {dag.py:3089} INFO - Sync 1 DAGs
[2026-05-27T20:19:09.722+0000] {logging_mixin.py:188} INFO - [2026-05-27T20:19:09.722+0000] {dag.py:3947} INFO - Setting next_dagrun for minio_to_snowflake_banking to 2026-05-27 19:30:00+00:00, run_after=2026-05-27 20:00:00+00:00
[2026-05-27T20:19:09.727+0000] {processor.py:183} INFO - Processing /opt/airflow/dags/minio_to_snowflake_dag.py took 0.266 seconds
[2026-05-27T20:19:39.915+0000] {processor.py:161} INFO - Started process (PID=2289) to work on /opt/airflow/dags/minio_to_snowflake_dag.py
[2026-05-27T20:19:39.916+0000] {processor.py:830} INFO - Processing file /opt/airflow/dags/minio_to_snowflake_dag.py for tasks to queue
[2026-05-27T20:19:39.917+0000] {logging_mixin.py:188} INFO - [2026-05-27T20:19:39.917+0000] {dagbag.py:545} INFO - Filling up the DagBag from /opt/airflow/dags/minio_to_snowflake_dag.py
[2026-05-27T20:19:40.149+0000] {processor.py:840} INFO - DAG(s) 'minio_to_snowflake_banking' retrieved from /opt/airflow/dags/minio_to_snowflake_dag.py
[2026-05-27T20:19:40.157+0000] {logging_mixin.py:188} INFO - [2026-05-27T20:19:40.157+0000] {dag.py:3089} INFO - Sync 1 DAGs
[2026-05-27T20:19:40.162+0000] {logging_mixin.py:188} INFO - [2026-05-27T20:19:40.162+0000] {dag.py:3947} INFO - Setting next_dagrun for minio_to_snowflake_banking to 2026-05-27 19:30:00+00:00, run_after=2026-05-27 20:00:00+00:00
[2026-05-27T20:19:40.168+0000] {processor.py:183} INFO - Processing /opt/airflow/dags/minio_to_snowflake_dag.py took 0.256 seconds
[2026-05-27T20:20:10.408+0000] {processor.py:161} INFO - Started process (PID=2293) to work on /opt/airflow/dags/minio_to_snowflake_dag.py
[2026-05-27T20:20:10.410+0000] {processor.py:830} INFO - Processing file /opt/airflow/dags/minio_to_snowflake_dag.py for tasks to queue
[2026-05-27T20:20:10.412+0000] {logging_mixin.py:188} INFO - [2026-05-27T20:20:10.411+0000] {dagbag.py:545} INFO - Filling up the DagBag from /opt/airflow/dags/minio_to_snowflake_dag.py
[2026-05-27T20:20:10.659+0000] {processor.py:840} INFO - DAG(s) 'minio_to_snowflake_banking' retrieved from /opt/airflow/dags/minio_to_snowflake_dag.py
[2026-05-27T20:20:10.667+0000] {logging_mixin.py:188} INFO - [2026-05-27T20:20:10.667+0000] {dag.py:3089} INFO - Sync 1 DAGs
[2026-05-27T20:20:10.673+0000] {logging_mixin.py:188} INFO - [2026-05-27T20:20:10.673+0000] {dag.py:3947} INFO - Setting next_dagrun for minio_to_snowflake_banking to 2026-05-27 19:30:00+00:00, run_after=2026-05-27 20:00:00+00:00
[2026-05-27T20:20:10.679+0000] {processor.py:183} INFO - Processing /opt/airflow/dags/minio_to_snowflake_dag.py took 0.276 seconds
[2026-05-27T20:20:40.908+0000] {processor.py:161} INFO - Started process (PID=2297) to work on /opt/airflow/dags/minio_to_snowflake_dag.py
[2026-05-27T20:20:40.909+0000] {processor.py:830} INFO - Processing file /opt/airflow/dags/minio_to_snowflake_dag.py for tasks to queue
[2026-05-27T20:20:40.911+0000] {logging_mixin.py:188} INFO - [2026-05-27T20:20:40.910+0000] {dagbag.py:545} INFO - Filling up the DagBag from /opt/airflow/dags/minio_to_snowflake_dag.py
[2026-05-27T20:20:41.158+0000] {processor.py:840} INFO - DAG(s) 'minio_to_snowflake_banking' retrieved from /opt/airflow/dags/minio_to_snowflake_dag.py
[2026-05-27T20:20:41.167+0000] {logging_mixin.py:188} INFO - [2026-05-27T20:20:41.167+0000] {dag.py:3089} INFO - Sync 1 DAGs
[2026-05-27T20:20:41.173+0000] {logging_mixin.py:188} INFO - [2026-05-27T20:20:41.172+0000] {dag.py:3947} INFO - Setting next_dagrun for minio_to_snowflake_banking to 2026-05-27 19:30:00+00:00, run_after=2026-05-27 20:00:00+00:00
[2026-05-27T20:20:41.178+0000] {processor.py:183} INFO - Processing /opt/airflow/dags/minio_to_snowflake_dag.py took 0.275 seconds
[2026-05-27T20:21:11.425+0000] {processor.py:161} INFO - Started process (PID=2301) to work on /opt/airflow/dags/minio_to_snowflake_dag.py
[2026-05-27T20:21:11.427+0000] {processor.py:830} INFO - Processing file /opt/airflow/dags/minio_to_snowflake_dag.py for tasks to queue
[2026-05-27T20:21:11.428+0000] {logging_mixin.py:188} INFO - [2026-05-27T20:21:11.428+0000] {dagbag.py:545} INFO - Filling up the DagBag from /opt/airflow/dags/minio_to_snowflake_dag.py
[2026-05-27T20:21:11.657+0000] {processor.py:840} INFO - DAG(s) 'minio_to_snowflake_banking' retrieved from /opt/airflow/dags/minio_to_snowflake_dag.py
[2026-05-27T20:21:11.664+0000] {logging_mixin.py:188} INFO - [2026-05-27T20:21:11.664+0000] {dag.py:3089} INFO - Sync 1 DAGs
[2026-05-27T20:21:11.670+0000] {logging_mixin.py:188} INFO - [2026-05-27T20:21:11.670+0000] {dag.py:3947} INFO - Setting next_dagrun for minio_to_snowflake_banking to 2026-05-27 19:30:00+00:00, run_after=2026-05-27 20:00:00+00:00
[2026-05-27T20:21:11.675+0000] {processor.py:183} INFO - Processing /opt/airflow/dags/minio_to_snowflake_dag.py took 0.255 seconds
[2026-05-27T20:21:41.882+0000] {processor.py:161} INFO - Started process (PID=2305) to work on /opt/airflow/dags/minio_to_snowflake_dag.py
[2026-05-27T20:21:41.884+0000] {processor.py:830} INFO - Processing file /opt/airflow/dags/minio_to_snowflake_dag.py for tasks to queue
[2026-05-27T20:21:41.886+0000] {logging_mixin.py:188} INFO - [2026-05-27T20:21:41.885+0000] {dagbag.py:545} INFO - Filling up the DagBag from /opt/airflow/dags/minio_to_snowflake_dag.py
[2026-05-27T20:21:42.113+0000] {processor.py:840} INFO - DAG(s) 'minio_to_snowflake_banking' retrieved from /opt/airflow/dags/minio_to_snowflake_dag.py
[2026-05-27T20:21:42.121+0000] {logging_mixin.py:188} INFO - [2026-05-27T20:21:42.121+0000] {dag.py:3089} INFO - Sync 1 DAGs
[2026-05-27T20:21:42.127+0000] {logging_mixin.py:188} INFO - [2026-05-27T20:21:42.127+0000] {dag.py:3947} INFO - Setting next_dagrun for minio_to_snowflake_banking to 2026-05-27 19:30:00+00:00, run_after=2026-05-27 20:00:00+00:00
[2026-05-27T20:21:42.132+0000] {processor.py:183} INFO - Processing /opt/airflow/dags/minio_to_snowflake_dag.py took 0.255 seconds
[2026-05-27T20:22:12.369+0000] {processor.py:161} INFO - Started process (PID=2309) to work on /opt/airflow/dags/minio_to_snowflake_dag.py
[2026-05-27T20:22:12.371+0000] {processor.py:830} INFO - Processing file /opt/airflow/dags/minio_to_snowflake_dag.py for tasks to queue
[2026-05-27T20:22:12.372+0000] {logging_mixin.py:188} INFO - [2026-05-27T20:22:12.372+0000] {dagbag.py:545} INFO - Filling up the DagBag from /opt/airflow/dags/minio_to_snowflake_dag.py
[2026-05-27T20:22:12.609+0000] {processor.py:840} INFO - DAG(s) 'minio_to_snowflake_banking' retrieved from /opt/airflow/dags/minio_to_snowflake_dag.py
[2026-05-27T20:22:12.617+0000] {logging_mixin.py:188} INFO - [2026-05-27T20:22:12.616+0000] {dag.py:3089} INFO - Sync 1 DAGs
[2026-05-27T20:22:12.623+0000] {logging_mixin.py:188} INFO - [2026-05-27T20:22:12.623+0000] {dag.py:3947} INFO - Setting next_dagrun for minio_to_snowflake_banking to 2026-05-27 19:30:00+00:00, run_after=2026-05-27 20:00:00+00:00
[2026-05-27T20:22:12.628+0000] {processor.py:183} INFO - Processing /opt/airflow/dags/minio_to_snowflake_dag.py took 0.265 seconds
[2026-05-27T20:22:42.840+0000] {processor.py:161} INFO - Started process (PID=2313) to work on /opt/airflow/dags/minio_to_snowflake_dag.py
[2026-05-27T20:22:42.841+0000] {processor.py:830} INFO - Processing file /opt/airflow/dags/minio_to_snowflake_dag.py for tasks to queue
[2026-05-27T20:22:42.842+0000] {logging_mixin.py:188} INFO - [2026-05-27T20:22:42.842+0000] {dagbag.py:545} INFO - Filling up the DagBag from /opt/airflow/dags/minio_to_snowflake_dag.py
[2026-05-27T20:22:43.085+0000] {processor.py:840} INFO - DAG(s) 'minio_to_snowflake_banking' retrieved from /opt/airflow/dags/minio_to_snowflake_dag.py
[2026-05-27T20:22:43.096+0000] {logging_mixin.py:188} INFO - [2026-05-27T20:22:43.095+0000] {dag.py:3089} INFO - Sync 1 DAGs
[2026-05-27T20:22:43.102+0000] {logging_mixin.py:188} INFO - [2026-05-27T20:22:43.102+0000] {dag.py:3947} INFO - Setting next_dagrun for minio_to_snowflake_banking to 2026-05-27 19:30:00+00:00, run_after=2026-05-27 20:00:00+00:00
[2026-05-27T20:22:43.108+0000] {processor.py:183} INFO - Processing /opt/airflow/dags/minio_to_snowflake_dag.py took 0.271 seconds
[2026-05-27T20:23:13.339+0000] {processor.py:161} INFO - Started process (PID=2317) to work on /opt/airflow/dags/minio_to_snowflake_dag.py
[2026-05-27T20:23:13.341+0000] {processor.py:830} INFO - Processing file /opt/airflow/dags/minio_to_snowflake_dag.py for tasks to queue
[2026-05-27T20:23:13.342+0000] {logging_mixin.py:188} INFO - [2026-05-27T20:23:13.342+0000] {dagbag.py:545} INFO - Filling up the DagBag from /opt/airflow/dags/minio_to_snowflake_dag.py
[2026-05-27T20:23:13.571+0000] {processor.py:840} INFO - DAG(s) 'minio_to_snowflake_banking' retrieved from /opt/airflow/dags/minio_to_snowflake_dag.py
[2026-05-27T20:23:13.579+0000] {logging_mixin.py:188} INFO - [2026-05-27T20:23:13.579+0000] {dag.py:3089} INFO - Sync 1 DAGs
[2026-05-27T20:23:13.585+0000] {logging_mixin.py:188} INFO - [2026-05-27T20:23:13.585+0000] {dag.py:3947} INFO - Setting next_dagrun for minio_to_snowflake_banking to 2026-05-27 19:30:00+00:00, run_after=2026-05-27 20:00:00+00:00
[2026-05-27T20:23:13.591+0000] {processor.py:183} INFO - Processing /opt/airflow/dags/minio_to_snowflake_dag.py took 0.257 seconds
[2026-05-27T20:23:43.810+0000] {processor.py:161} INFO - Started process (PID=2321) to work on /opt/airflow/dags/minio_to_snowflake_dag.py
[2026-05-27T20:23:43.811+0000] {processor.py:830} INFO - Processing file /opt/airflow/dags/minio_to_snowflake_dag.py for tasks to queue
[2026-05-27T20:23:43.812+0000] {logging_mixin.py:188} INFO - [2026-05-27T20:23:43.812+0000] {dagbag.py:545} INFO - Filling up the DagBag from /opt/airflow/dags/minio_to_snowflake_dag.py
[2026-05-27T20:23:44.038+0000] {processor.py:840} INFO - DAG(s) 'minio_to_snowflake_banking' retrieved from /opt/airflow/dags/minio_to_snowflake_dag.py
[2026-05-27T20:23:44.046+0000] {logging_mixin.py:188} INFO - [2026-05-27T20:23:44.046+0000] {dag.py:3089} INFO - Sync 1 DAGs
[2026-05-27T20:23:44.052+0000] {logging_mixin.py:188} INFO - [2026-05-27T20:23:44.052+0000] {dag.py:3947} INFO - Setting next_dagrun for minio_to_snowflake_banking to 2026-05-27 19:30:00+00:00, run_after=2026-05-27 20:00:00+00:00
[2026-05-27T20:23:44.057+0000] {processor.py:183} INFO - Processing /opt/airflow/dags/minio_to_snowflake_dag.py took 0.249 seconds
[2026-05-27T20:24:14.281+0000] {processor.py:161} INFO - Started process (PID=2325) to work on /opt/airflow/dags/minio_to_snowflake_dag.py
[2026-05-27T20:24:14.283+0000] {processor.py:830} INFO - Processing file /opt/airflow/dags/minio_to_snowflake_dag.py for tasks to queue
[2026-05-27T20:24:14.285+0000] {logging_mixin.py:188} INFO - [2026-05-27T20:24:14.284+0000] {dagbag.py:545} INFO - Filling up the DagBag from /opt/airflow/dags/minio_to_snowflake_dag.py
[2026-05-27T20:24:14.516+0000] {processor.py:840} INFO - DAG(s) 'minio_to_snowflake_banking' retrieved from /opt/airflow/dags/minio_to_snowflake_dag.py
[2026-05-27T20:24:14.524+0000] {logging_mixin.py:188} INFO - [2026-05-27T20:24:14.524+0000] {dag.py:3089} INFO - Sync 1 DAGs
[2026-05-27T20:24:14.531+0000] {logging_mixin.py:188} INFO - [2026-05-27T20:24:14.531+0000] {dag.py:3947} INFO - Setting next_dagrun for minio_to_snowflake_banking to 2026-05-27 19:30:00+00:00, run_after=2026-05-27 20:00:00+00:00
[2026-05-27T20:24:14.536+0000] {processor.py:183} INFO - Processing /opt/airflow/dags/minio_to_snowflake_dag.py took 0.260 seconds
[2026-05-27T20:24:44.775+0000] {processor.py:161} INFO - Started process (PID=2329) to work on /opt/airflow/dags/minio_to_snowflake_dag.py
[2026-05-27T20:24:44.777+0000] {processor.py:830} INFO - Processing file /opt/airflow/dags/minio_to_snowflake_dag.py for tasks to queue
[2026-05-27T20:24:44.779+0000] {logging_mixin.py:188} INFO - [2026-05-27T20:24:44.779+0000] {dagbag.py:545} INFO - Filling up the DagBag from /opt/airflow/dags/minio_to_snowflake_dag.py
[2026-05-27T20:24:45.009+0000] {processor.py:840} INFO - DAG(s) 'minio_to_snowflake_banking' retrieved from /opt/airflow/dags/minio_to_snowflake_dag.py
[2026-05-27T20:24:45.017+0000] {logging_mixin.py:188} INFO - [2026-05-27T20:24:45.017+0000] {dag.py:3089} INFO - Sync 1 DAGs
[2026-05-27T20:24:45.024+0000] {logging_mixin.py:188} INFO - [2026-05-27T20:24:45.024+0000] {dag.py:3947} INFO - Setting next_dagrun for minio_to_snowflake_banking to 2026-05-27 19:30:00+00:00, run_after=2026-05-27 20:00:00+00:00
[2026-05-27T20:24:45.029+0000] {processor.py:183} INFO - Processing /opt/airflow/dags/minio_to_snowflake_dag.py took 0.259 seconds
[2026-05-27T20:25:15.237+0000] {processor.py:161} INFO - Started process (PID=2333) to work on /opt/airflow/dags/minio_to_snowflake_dag.py
[2026-05-27T20:25:15.239+0000] {processor.py:830} INFO - Processing file /opt/airflow/dags/minio_to_snowflake_dag.py for tasks to queue
[2026-05-27T20:25:15.240+0000] {logging_mixin.py:188} INFO - [2026-05-27T20:25:15.240+0000] {dagbag.py:545} INFO - Filling up the DagBag from /opt/airflow/dags/minio_to_snowflake_dag.py
[2026-05-27T20:25:15.473+0000] {processor.py:840} INFO - DAG(s) 'minio_to_snowflake_banking' retrieved from /opt/airflow/dags/minio_to_snowflake_dag.py
[2026-05-27T20:25:15.481+0000] {logging_mixin.py:188} INFO - [2026-05-27T20:25:15.481+0000] {dag.py:3089} INFO - Sync 1 DAGs
[2026-05-27T20:25:15.487+0000] {logging_mixin.py:188} INFO - [2026-05-27T20:25:15.487+0000] {dag.py:3947} INFO - Setting next_dagrun for minio_to_snowflake_banking to 2026-05-27 19:30:00+00:00, run_after=2026-05-27 20:00:00+00:00
[2026-05-27T20:25:15.492+0000] {processor.py:183} INFO - Processing /opt/airflow/dags/minio_to_snowflake_dag.py took 0.260 seconds
[2026-05-27T20:25:45.683+0000] {processor.py:161} INFO - Started process (PID=2337) to work on /opt/airflow/dags/minio_to_snowflake_dag.py
[2026-05-27T20:25:45.684+0000] {processor.py:830} INFO - Processing file /opt/airflow/dags/minio_to_snowflake_dag.py for tasks to queue
[2026-05-27T20:25:45.685+0000] {logging_mixin.py:188} INFO - [2026-05-27T20:25:45.684+0000] {dagbag.py:545} INFO - Filling up the DagBag from /opt/airflow/dags/minio_to_snowflake_dag.py
[2026-05-27T20:25:45.956+0000] {processor.py:840} INFO - DAG(s) 'minio_to_snowflake_banking' retrieved from /opt/airflow/dags/minio_to_snowflake_dag.py
[2026-05-27T20:25:45.964+0000] {logging_mixin.py:188} INFO - [2026-05-27T20:25:45.964+0000] {dag.py:3089} INFO - Sync 1 DAGs
[2026-05-27T20:25:45.971+0000] {logging_mixin.py:188} INFO - [2026-05-27T20:25:45.971+0000] {dag.py:3947} INFO - Setting next_dagrun for minio_to_snowflake_banking to 2026-05-27 19:30:00+00:00, run_after=2026-05-27 20:00:00+00:00
[2026-05-27T20:25:45.976+0000] {processor.py:183} INFO - Processing /opt/airflow/dags/minio_to_snowflake_dag.py took 0.296 seconds
[2026-05-27T20:26:16.227+0000] {processor.py:161} INFO - Started process (PID=2341) to work on /opt/airflow/dags/minio_to_snowflake_dag.py
[2026-05-27T20:26:16.229+0000] {processor.py:830} INFO - Processing file /opt/airflow/dags/minio_to_snowflake_dag.py for tasks to queue
[2026-05-27T20:26:16.231+0000] {logging_mixin.py:188} INFO - [2026-05-27T20:26:16.230+0000] {dagbag.py:545} INFO - Filling up the DagBag from /opt/airflow/dags/minio_to_snowflake_dag.py
[2026-05-27T20:26:16.460+0000] {processor.py:840} INFO - DAG(s) 'minio_to_snowflake_banking' retrieved from /opt/airflow/dags/minio_to_snowflake_dag.py
[2026-05-27T20:26:16.468+0000] {logging_mixin.py:188} INFO - [2026-05-27T20:26:16.468+0000] {dag.py:3089} INFO - Sync 1 DAGs
[2026-05-27T20:26:16.474+0000] {logging_mixin.py:188} INFO - [2026-05-27T20:26:16.474+0000] {dag.py:3947} INFO - Setting next_dagrun for minio_to_snowflake_banking to 2026-05-27 19:30:00+00:00, run_after=2026-05-27 20:00:00+00:00
[2026-05-27T20:26:16.480+0000] {processor.py:183} INFO - Processing /opt/airflow/dags/minio_to_snowflake_dag.py took 0.258 seconds
[2026-05-27T20:26:46.692+0000] {processor.py:161} INFO - Started process (PID=2345) to work on /opt/airflow/dags/minio_to_snowflake_dag.py
[2026-05-27T20:26:46.694+0000] {processor.py:830} INFO - Processing file /opt/airflow/dags/minio_to_snowflake_dag.py for tasks to queue
[2026-05-27T20:26:46.695+0000] {logging_mixin.py:188} INFO - [2026-05-27T20:26:46.695+0000] {dagbag.py:545} INFO - Filling up the DagBag from /opt/airflow/dags/minio_to_snowflake_dag.py
[2026-05-27T20:26:46.927+0000] {processor.py:840} INFO - DAG(s) 'minio_to_snowflake_banking' retrieved from /opt/airflow/dags/minio_to_snowflake_dag.py
[2026-05-27T20:26:46.936+0000] {logging_mixin.py:188} INFO - [2026-05-27T20:26:46.936+0000] {dag.py:3089} INFO - Sync 1 DAGs
[2026-05-27T20:26:46.943+0000] {logging_mixin.py:188} INFO - [2026-05-27T20:26:46.943+0000] {dag.py:3947} INFO - Setting next_dagrun for minio_to_snowflake_banking to 2026-05-27 19:30:00+00:00, run_after=2026-05-27 20:00:00+00:00
[2026-05-27T20:26:46.947+0000] {processor.py:183} INFO - Processing /opt/airflow/dags/minio_to_snowflake_dag.py took 0.259 seconds
[2026-05-27T20:27:17.115+0000] {processor.py:161} INFO - Started process (PID=2349) to work on /opt/airflow/dags/minio_to_snowflake_dag.py
[2026-05-27T20:27:17.117+0000] {processor.py:830} INFO - Processing file /opt/airflow/dags/minio_to_snowflake_dag.py for tasks to queue
[2026-05-27T20:27:17.118+0000] {logging_mixin.py:188} INFO - [2026-05-27T20:27:17.118+0000] {dagbag.py:545} INFO - Filling up the DagBag from /opt/airflow/dags/minio_to_snowflake_dag.py
[2026-05-27T20:27:17.347+0000] {processor.py:840} INFO - DAG(s) 'minio_to_snowflake_banking' retrieved from /opt/airflow/dags/minio_to_snowflake_dag.py
[2026-05-27T20:27:17.356+0000] {logging_mixin.py:188} INFO - [2026-05-27T20:27:17.356+0000] {dag.py:3089} INFO - Sync 1 DAGs
[2026-05-27T20:27:17.361+0000] {logging_mixin.py:188} INFO - [2026-05-27T20:27:17.361+0000] {dag.py:3947} INFO - Setting next_dagrun for minio_to_snowflake_banking to 2026-05-27 19:30:00+00:00, run_after=2026-05-27 20:00:00+00:00
[2026-05-27T20:27:17.367+0000] {processor.py:183} INFO - Processing /opt/airflow/dags/minio_to_snowflake_dag.py took 0.257 seconds
[2026-05-27T20:27:47.576+0000] {processor.py:161} INFO - Started process (PID=2353) to work on /opt/airflow/dags/minio_to_snowflake_dag.py
[2026-05-27T20:27:47.578+0000] {processor.py:830} INFO - Processing file /opt/airflow/dags/minio_to_snowflake_dag.py for tasks to queue
[2026-05-27T20:27:47.579+0000] {logging_mixin.py:188} INFO - [2026-05-27T20:27:47.579+0000] {dagbag.py:545} INFO - Filling up the DagBag from /opt/airflow/dags/minio_to_snowflake_dag.py
[2026-05-27T20:27:47.806+0000] {processor.py:840} INFO - DAG(s) 'minio_to_snowflake_banking' retrieved from /opt/airflow/dags/minio_to_snowflake_dag.py
[2026-05-27T20:27:47.814+0000] {logging_mixin.py:188} INFO - [2026-05-27T20:27:47.814+0000] {dag.py:3089} INFO - Sync 1 DAGs
[2026-05-27T20:27:47.820+0000] {logging_mixin.py:188} INFO - [2026-05-27T20:27:47.820+0000] {dag.py:3947} INFO - Setting next_dagrun for minio_to_snowflake_banking to 2026-05-27 19:30:00+00:00, run_after=2026-05-27 20:00:00+00:00
[2026-05-27T20:27:47.825+0000] {processor.py:183} INFO - Processing /opt/airflow/dags/minio_to_snowflake_dag.py took 0.254 seconds
[2026-05-27T20:28:18.042+0000] {processor.py:161} INFO - Started process (PID=2357) to work on /opt/airflow/dags/minio_to_snowflake_dag.py
[2026-05-27T20:28:18.044+0000] {processor.py:830} INFO - Processing file /opt/airflow/dags/minio_to_snowflake_dag.py for tasks to queue
[2026-05-27T20:28:18.045+0000] {logging_mixin.py:188} INFO - [2026-05-27T20:28:18.045+0000] {dagbag.py:545} INFO - Filling up the DagBag from /opt/airflow/dags/minio_to_snowflake_dag.py
[2026-05-27T20:28:18.272+0000] {processor.py:840} INFO - DAG(s) 'minio_to_snowflake_banking' retrieved from /opt/airflow/dags/minio_to_snowflake_dag.py
[2026-05-27T20:28:18.280+0000] {logging_mixin.py:188} INFO - [2026-05-27T20:28:18.280+0000] {dag.py:3089} INFO - Sync 1 DAGs
[2026-05-27T20:28:18.286+0000] {logging_mixin.py:188} INFO - [2026-05-27T20:28:18.286+0000] {dag.py:3947} INFO - Setting next_dagrun for minio_to_snowflake_banking to 2026-05-27 19:30:00+00:00, run_after=2026-05-27 20:00:00+00:00
[2026-05-27T20:28:18.292+0000] {processor.py:183} INFO - Processing /opt/airflow/dags/minio_to_snowflake_dag.py took 0.255 seconds
[2026-05-27T20:28:48.551+0000] {processor.py:161} INFO - Started process (PID=2361) to work on /opt/airflow/dags/minio_to_snowflake_dag.py
[2026-05-27T20:28:48.553+0000] {processor.py:830} INFO - Processing file /opt/airflow/dags/minio_to_snowflake_dag.py for tasks to queue
[2026-05-27T20:28:48.554+0000] {logging_mixin.py:188} INFO - [2026-05-27T20:28:48.554+0000] {dagbag.py:545} INFO - Filling up the DagBag from /opt/airflow/dags/minio_to_snowflake_dag.py
[2026-05-27T20:28:48.780+0000] {processor.py:840} INFO - DAG(s) 'minio_to_snowflake_banking' retrieved from /opt/airflow/dags/minio_to_snowflake_dag.py
[2026-05-27T20:28:48.787+0000] {logging_mixin.py:188} INFO - [2026-05-27T20:28:48.787+0000] {dag.py:3089} INFO - Sync 1 DAGs
[2026-05-27T20:28:48.794+0000] {logging_mixin.py:188} INFO - [2026-05-27T20:28:48.794+0000] {dag.py:3947} INFO - Setting next_dagrun for minio_to_snowflake_banking to 2026-05-27 19:30:00+00:00, run_after=2026-05-27 20:00:00+00:00
[2026-05-27T20:28:48.799+0000] {processor.py:183} INFO - Processing /opt/airflow/dags/minio_to_snowflake_dag.py took 0.253 seconds
[2026-05-27T20:29:18.976+0000] {processor.py:161} INFO - Started process (PID=2365) to work on /opt/airflow/dags/minio_to_snowflake_dag.py
[2026-05-27T20:29:18.977+0000] {processor.py:830} INFO - Processing file /opt/airflow/dags/minio_to_snowflake_dag.py for tasks to queue
[2026-05-27T20:29:18.979+0000] {logging_mixin.py:188} INFO - [2026-05-27T20:29:18.978+0000] {dagbag.py:545} INFO - Filling up the DagBag from /opt/airflow/dags/minio_to_snowflake_dag.py
[2026-05-27T20:29:19.209+0000] {processor.py:840} INFO - DAG(s) 'minio_to_snowflake_banking' retrieved from /opt/airflow/dags/minio_to_snowflake_dag.py
[2026-05-27T20:29:19.218+0000] {logging_mixin.py:188} INFO - [2026-05-27T20:29:19.218+0000] {dag.py:3089} INFO - Sync 1 DAGs
[2026-05-27T20:29:19.224+0000] {logging_mixin.py:188} INFO - [2026-05-27T20:29:19.224+0000] {dag.py:3947} INFO - Setting next_dagrun for minio_to_snowflake_banking to 2026-05-27 19:30:00+00:00, run_after=2026-05-27 20:00:00+00:00
[2026-05-27T20:29:19.229+0000] {processor.py:183} INFO - Processing /opt/airflow/dags/minio_to_snowflake_dag.py took 0.258 seconds
[2026-05-27T20:29:49.458+0000] {processor.py:161} INFO - Started process (PID=2369) to work on /opt/airflow/dags/minio_to_snowflake_dag.py
[2026-05-27T20:29:49.459+0000] {processor.py:830} INFO - Processing file /opt/airflow/dags/minio_to_snowflake_dag.py for tasks to queue
[2026-05-27T20:29:49.461+0000] {logging_mixin.py:188} INFO - [2026-05-27T20:29:49.460+0000] {dagbag.py:545} INFO - Filling up the DagBag from /opt/airflow/dags/minio_to_snowflake_dag.py
[2026-05-27T20:29:49.692+0000] {processor.py:840} INFO - DAG(s) 'minio_to_snowflake_banking' retrieved from /opt/airflow/dags/minio_to_snowflake_dag.py
[2026-05-27T20:29:49.700+0000] {logging_mixin.py:188} INFO - [2026-05-27T20:29:49.700+0000] {dag.py:3089} INFO - Sync 1 DAGs
[2026-05-27T20:29:49.706+0000] {logging_mixin.py:188} INFO - [2026-05-27T20:29:49.706+0000] {dag.py:3947} INFO - Setting next_dagrun for minio_to_snowflake_banking to 2026-05-27 19:30:00+00:00, run_after=2026-05-27 20:00:00+00:00
[2026-05-27T20:29:49.711+0000] {processor.py:183} INFO - Processing /opt/airflow/dags/minio_to_snowflake_dag.py took 0.258 seconds
[2026-05-27T20:30:19.912+0000] {processor.py:161} INFO - Started process (PID=2373) to work on /opt/airflow/dags/minio_to_snowflake_dag.py
[2026-05-27T20:30:19.914+0000] {processor.py:830} INFO - Processing file /opt/airflow/dags/minio_to_snowflake_dag.py for tasks to queue
[2026-05-27T20:30:19.916+0000] {logging_mixin.py:188} INFO - [2026-05-27T20:30:19.915+0000] {dagbag.py:545} INFO - Filling up the DagBag from /opt/airflow/dags/minio_to_snowflake_dag.py
[2026-05-27T20:30:20.150+0000] {processor.py:840} INFO - DAG(s) 'minio_to_snowflake_banking' retrieved from /opt/airflow/dags/minio_to_snowflake_dag.py
[2026-05-27T20:30:20.158+0000] {logging_mixin.py:188} INFO - [2026-05-27T20:30:20.158+0000] {dag.py:3089} INFO - Sync 1 DAGs
[2026-05-27T20:30:20.164+0000] {logging_mixin.py:188} INFO - [2026-05-27T20:30:20.164+0000] {dag.py:3947} INFO - Setting next_dagrun for minio_to_snowflake_banking to 2026-05-27 20:00:00+00:00, run_after=2026-05-27 20:30:00+00:00
[2026-05-27T20:30:20.171+0000] {processor.py:183} INFO - Processing /opt/airflow/dags/minio_to_snowflake_dag.py took 0.262 seconds
[2026-05-27T20:30:50.429+0000] {processor.py:161} INFO - Started process (PID=2377) to work on /opt/airflow/dags/minio_to_snowflake_dag.py
[2026-05-27T20:30:50.431+0000] {processor.py:830} INFO - Processing file /opt/airflow/dags/minio_to_snowflake_dag.py for tasks to queue
[2026-05-27T20:30:50.433+0000] {logging_mixin.py:188} INFO - [2026-05-27T20:30:50.432+0000] {dagbag.py:545} INFO - Filling up the DagBag from /opt/airflow/dags/minio_to_snowflake_dag.py
[2026-05-27T20:30:50.661+0000] {processor.py:840} INFO - DAG(s) 'minio_to_snowflake_banking' retrieved from /opt/airflow/dags/minio_to_snowflake_dag.py
[2026-05-27T20:30:50.669+0000] {logging_mixin.py:188} INFO - [2026-05-27T20:30:50.669+0000] {dag.py:3089} INFO - Sync 1 DAGs
[2026-05-27T20:30:50.675+0000] {logging_mixin.py:188} INFO - [2026-05-27T20:30:50.675+0000] {dag.py:3947} INFO - Setting next_dagrun for minio_to_snowflake_banking to 2026-05-27 20:00:00+00:00, run_after=2026-05-27 20:30:00+00:00
[2026-05-27T20:30:50.681+0000] {processor.py:183} INFO - Processing /opt/airflow/dags/minio_to_snowflake_dag.py took 0.256 seconds
[2026-05-27T20:31:20.853+0000] {processor.py:161} INFO - Started process (PID=2381) to work on /opt/airflow/dags/minio_to_snowflake_dag.py
[2026-05-27T20:31:20.855+0000] {processor.py:830} INFO - Processing file /opt/airflow/dags/minio_to_snowflake_dag.py for tasks to queue
[2026-05-27T20:31:20.855+0000] {logging_mixin.py:188} INFO - [2026-05-27T20:31:20.855+0000] {dagbag.py:545} INFO - Filling up the DagBag from /opt/airflow/dags/minio_to_snowflake_dag.py
[2026-05-27T20:31:21.084+0000] {processor.py:840} INFO - DAG(s) 'minio_to_snowflake_banking' retrieved from /opt/airflow/dags/minio_to_snowflake_dag.py
[2026-05-27T20:31:21.093+0000] {logging_mixin.py:188} INFO - [2026-05-27T20:31:21.093+0000] {dag.py:3089} INFO - Sync 1 DAGs
[2026-05-27T20:31:21.099+0000] {logging_mixin.py:188} INFO - [2026-05-27T20:31:21.099+0000] {dag.py:3947} INFO - Setting next_dagrun for minio_to_snowflake_banking to 2026-05-27 20:00:00+00:00, run_after=2026-05-27 20:30:00+00:00
[2026-05-27T20:31:21.105+0000] {processor.py:183} INFO - Processing /opt/airflow/dags/minio_to_snowflake_dag.py took 0.254 seconds
[2026-05-27T20:31:51.332+0000] {processor.py:161} INFO - Started process (PID=2385) to work on /opt/airflow/dags/minio_to_snowflake_dag.py
[2026-05-27T20:31:51.333+0000] {processor.py:830} INFO - Processing file /opt/airflow/dags/minio_to_snowflake_dag.py for tasks to queue
[2026-05-27T20:31:51.335+0000] {logging_mixin.py:188} INFO - [2026-05-27T20:31:51.335+0000] {dagbag.py:545} INFO - Filling up the DagBag from /opt/airflow/dags/minio_to_snowflake_dag.py
[2026-05-27T20:31:51.564+0000] {processor.py:840} INFO - DAG(s) 'minio_to_snowflake_banking' retrieved from /opt/airflow/dags/minio_to_snowflake_dag.py
[2026-05-27T20:31:51.573+0000] {logging_mixin.py:188} INFO - [2026-05-27T20:31:51.572+0000] {dag.py:3089} INFO - Sync 1 DAGs
[2026-05-27T20:31:51.578+0000] {logging_mixin.py:188} INFO - [2026-05-27T20:31:51.578+0000] {dag.py:3947} INFO - Setting next_dagrun for minio_to_snowflake_banking to 2026-05-27 20:00:00+00:00, run_after=2026-05-27 20:30:00+00:00
[2026-05-27T20:31:51.583+0000] {processor.py:183} INFO - Processing /opt/airflow/dags/minio_to_snowflake_dag.py took 0.257 seconds
[2026-05-27T20:32:21.811+0000] {processor.py:161} INFO - Started process (PID=2389) to work on /opt/airflow/dags/minio_to_snowflake_dag.py
[2026-05-27T20:32:21.814+0000] {processor.py:830} INFO - Processing file /opt/airflow/dags/minio_to_snowflake_dag.py for tasks to queue
[2026-05-27T20:32:21.815+0000] {logging_mixin.py:188} INFO - [2026-05-27T20:32:21.815+0000] {dagbag.py:545} INFO - Filling up the DagBag from /opt/airflow/dags/minio_to_snowflake_dag.py
[2026-05-27T20:32:22.045+0000] {processor.py:840} INFO - DAG(s) 'minio_to_snowflake_banking' retrieved from /opt/airflow/dags/minio_to_snowflake_dag.py
[2026-05-27T20:32:22.053+0000] {logging_mixin.py:188} INFO - [2026-05-27T20:32:22.053+0000] {dag.py:3089} INFO - Sync 1 DAGs
[2026-05-27T20:32:22.059+0000] {logging_mixin.py:188} INFO - [2026-05-27T20:32:22.059+0000] {dag.py:3947} INFO - Setting next_dagrun for minio_to_snowflake_banking to 2026-05-27 20:00:00+00:00, run_after=2026-05-27 20:30:00+00:00
[2026-05-27T20:32:22.065+0000] {processor.py:183} INFO - Processing /opt/airflow/dags/minio_to_snowflake_dag.py took 0.258 seconds
[2026-05-27T20:32:52.283+0000] {processor.py:161} INFO - Started process (PID=2393) to work on /opt/airflow/dags/minio_to_snowflake_dag.py
[2026-05-27T20:32:52.284+0000] {processor.py:830} INFO - Processing file /opt/airflow/dags/minio_to_snowflake_dag.py for tasks to queue
[2026-05-27T20:32:52.285+0000] {logging_mixin.py:188} INFO - [2026-05-27T20:32:52.285+0000] {dagbag.py:545} INFO - Filling up the DagBag from /opt/airflow/dags/minio_to_snowflake_dag.py
[2026-05-27T20:32:52.513+0000] {processor.py:840} INFO - DAG(s) 'minio_to_snowflake_banking' retrieved from /opt/airflow/dags/minio_to_snowflake_dag.py
[2026-05-27T20:32:52.521+0000] {logging_mixin.py:188} INFO - [2026-05-27T20:32:52.521+0000] {dag.py:3089} INFO - Sync 1 DAGs
[2026-05-27T20:32:52.527+0000] {logging_mixin.py:188} INFO - [2026-05-27T20:32:52.527+0000] {dag.py:3947} INFO - Setting next_dagrun for minio_to_snowflake_banking to 2026-05-27 20:00:00+00:00, run_after=2026-05-27 20:30:00+00:00
[2026-05-27T20:32:52.532+0000] {processor.py:183} INFO - Processing /opt/airflow/dags/minio_to_snowflake_dag.py took 0.251 seconds
[2026-05-27T20:33:22.722+0000] {processor.py:161} INFO - Started process (PID=2397) to work on /opt/airflow/dags/minio_to_snowflake_dag.py
[2026-05-27T20:33:22.723+0000] {processor.py:830} INFO - Processing file /opt/airflow/dags/minio_to_snowflake_dag.py for tasks to queue
[2026-05-27T20:33:22.724+0000] {logging_mixin.py:188} INFO - [2026-05-27T20:33:22.724+0000] {dagbag.py:545} INFO - Filling up the DagBag from /opt/airflow/dags/minio_to_snowflake_dag.py
[2026-05-27T20:33:22.953+0000] {processor.py:840} INFO - DAG(s) 'minio_to_snowflake_banking' retrieved from /opt/airflow/dags/minio_to_snowflake_dag.py
[2026-05-27T20:33:22.962+0000] {logging_mixin.py:188} INFO - [2026-05-27T20:33:22.961+0000] {dag.py:3089} INFO - Sync 1 DAGs
[2026-05-27T20:33:22.969+0000] {logging_mixin.py:188} INFO - [2026-05-27T20:33:22.969+0000] {dag.py:3947} INFO - Setting next_dagrun for minio_to_snowflake_banking to 2026-05-27 20:00:00+00:00, run_after=2026-05-27 20:30:00+00:00
[2026-05-27T20:33:22.975+0000] {processor.py:183} INFO - Processing /opt/airflow/dags/minio_to_snowflake_dag.py took 0.257 seconds
[2026-05-27T20:33:53.197+0000] {processor.py:161} INFO - Started process (PID=2401) to work on /opt/airflow/dags/minio_to_snowflake_dag.py
[2026-05-27T20:33:53.199+0000] {processor.py:830} INFO - Processing file /opt/airflow/dags/minio_to_snowflake_dag.py for tasks to queue
[2026-05-27T20:33:53.201+0000] {logging_mixin.py:188} INFO - [2026-05-27T20:33:53.200+0000] {dagbag.py:545} INFO - Filling up the DagBag from /opt/airflow/dags/minio_to_snowflake_dag.py
[2026-05-27T20:33:53.427+0000] {processor.py:840} INFO - DAG(s) 'minio_to_snowflake_banking' retrieved from /opt/airflow/dags/minio_to_snowflake_dag.py
[2026-05-27T20:33:53.435+0000] {logging_mixin.py:188} INFO - [2026-05-27T20:33:53.435+0000] {dag.py:3089} INFO - Sync 1 DAGs
[2026-05-27T20:33:53.441+0000] {logging_mixin.py:188} INFO - [2026-05-27T20:33:53.441+0000] {dag.py:3947} INFO - Setting next_dagrun for minio_to_snowflake_banking to 2026-05-27 20:00:00+00:00, run_after=2026-05-27 20:30:00+00:00
[2026-05-27T20:33:53.446+0000] {processor.py:183} INFO - Processing /opt/airflow/dags/minio_to_snowflake_dag.py took 0.254 seconds
[2026-05-27T20:34:23.641+0000] {processor.py:161} INFO - Started process (PID=2405) to work on /opt/airflow/dags/minio_to_snowflake_dag.py
[2026-05-27T20:34:23.643+0000] {processor.py:830} INFO - Processing file /opt/airflow/dags/minio_to_snowflake_dag.py for tasks to queue
[2026-05-27T20:34:23.644+0000] {logging_mixin.py:188} INFO - [2026-05-27T20:34:23.644+0000] {dagbag.py:545} INFO - Filling up the DagBag from /opt/airflow/dags/minio_to_snowflake_dag.py
[2026-05-27T20:34:23.884+0000] {processor.py:840} INFO - DAG(s) 'minio_to_snowflake_banking' retrieved from /opt/airflow/dags/minio_to_snowflake_dag.py
[2026-05-27T20:34:23.892+0000] {logging_mixin.py:188} INFO - [2026-05-27T20:34:23.892+0000] {dag.py:3089} INFO - Sync 1 DAGs
[2026-05-27T20:34:23.898+0000] {logging_mixin.py:188} INFO - [2026-05-27T20:34:23.898+0000] {dag.py:3947} INFO - Setting next_dagrun for minio_to_snowflake_banking to 2026-05-27 20:00:00+00:00, run_after=2026-05-27 20:30:00+00:00
[2026-05-27T20:34:23.902+0000] {processor.py:183} INFO - Processing /opt/airflow/dags/minio_to_snowflake_dag.py took 0.266 seconds
[2026-05-27T20:34:54.099+0000] {processor.py:161} INFO - Started process (PID=2409) to work on /opt/airflow/dags/minio_to_snowflake_dag.py
[2026-05-27T20:34:54.101+0000] {processor.py:830} INFO - Processing file /opt/airflow/dags/minio_to_snowflake_dag.py for tasks to queue
[2026-05-27T20:34:54.103+0000] {logging_mixin.py:188} INFO - [2026-05-27T20:34:54.102+0000] {dagbag.py:545} INFO - Filling up the DagBag from /opt/airflow/dags/minio_to_snowflake_dag.py
[2026-05-27T20:34:54.367+0000] {processor.py:840} INFO - DAG(s) 'minio_to_snowflake_banking' retrieved from /opt/airflow/dags/minio_to_snowflake_dag.py
[2026-05-27T20:34:54.376+0000] {logging_mixin.py:188} INFO - [2026-05-27T20:34:54.376+0000] {dag.py:3089} INFO - Sync 1 DAGs
[2026-05-27T20:34:54.384+0000] {logging_mixin.py:188} INFO - [2026-05-27T20:34:54.384+0000] {dag.py:3947} INFO - Setting next_dagrun for minio_to_snowflake_banking to 2026-05-27 20:00:00+00:00, run_after=2026-05-27 20:30:00+00:00
[2026-05-27T20:34:54.391+0000] {processor.py:183} INFO - Processing /opt/airflow/dags/minio_to_snowflake_dag.py took 0.297 seconds
[2026-05-27T20:35:24.607+0000] {processor.py:161} INFO - Started process (PID=2413) to work on /opt/airflow/dags/minio_to_snowflake_dag.py
[2026-05-27T20:35:24.609+0000] {processor.py:830} INFO - Processing file /opt/airflow/dags/minio_to_snowflake_dag.py for tasks to queue
[2026-05-27T20:35:24.611+0000] {logging_mixin.py:188} INFO - [2026-05-27T20:35:24.611+0000] {dagbag.py:545} INFO - Filling up the DagBag from /opt/airflow/dags/minio_to_snowflake_dag.py
[2026-05-27T20:35:24.854+0000] {processor.py:840} INFO - DAG(s) 'minio_to_snowflake_banking' retrieved from /opt/airflow/dags/minio_to_snowflake_dag.py
[2026-05-27T20:35:24.863+0000] {logging_mixin.py:188} INFO - [2026-05-27T20:35:24.862+0000] {dag.py:3089} INFO - Sync 1 DAGs
[2026-05-27T20:35:24.870+0000] {logging_mixin.py:188} INFO - [2026-05-27T20:35:24.870+0000] {dag.py:3947} INFO - Setting next_dagrun for minio_to_snowflake_banking to 2026-05-27 20:00:00+00:00, run_after=2026-05-27 20:30:00+00:00
[2026-05-27T20:35:24.876+0000] {processor.py:183} INFO - Processing /opt/airflow/dags/minio_to_snowflake_dag.py took 0.274 seconds
[2026-05-27T20:35:55.071+0000] {processor.py:161} INFO - Started process (PID=2417) to work on /opt/airflow/dags/minio_to_snowflake_dag.py
[2026-05-27T20:35:55.073+0000] {processor.py:830} INFO - Processing file /opt/airflow/dags/minio_to_snowflake_dag.py for tasks to queue
[2026-05-27T20:35:55.075+0000] {logging_mixin.py:188} INFO - [2026-05-27T20:35:55.075+0000] {dagbag.py:545} INFO - Filling up the DagBag from /opt/airflow/dags/minio_to_snowflake_dag.py
[2026-05-27T20:35:55.308+0000] {processor.py:840} INFO - DAG(s) 'minio_to_snowflake_banking' retrieved from /opt/airflow/dags/minio_to_snowflake_dag.py
[2026-05-27T20:35:55.317+0000] {logging_mixin.py:188} INFO - [2026-05-27T20:35:55.316+0000] {dag.py:3089} INFO - Sync 1 DAGs
[2026-05-27T20:35:55.323+0000] {logging_mixin.py:188} INFO - [2026-05-27T20:35:55.323+0000] {dag.py:3947} INFO - Setting next_dagrun for minio_to_snowflake_banking to 2026-05-27 20:00:00+00:00, run_after=2026-05-27 20:30:00+00:00
[2026-05-27T20:35:55.328+0000] {processor.py:183} INFO - Processing /opt/airflow/dags/minio_to_snowflake_dag.py took 0.262 seconds
[2026-05-27T20:36:25.560+0000] {processor.py:161} INFO - Started process (PID=2421) to work on /opt/airflow/dags/minio_to_snowflake_dag.py
[2026-05-27T20:36:25.562+0000] {processor.py:830} INFO - Processing file /opt/airflow/dags/minio_to_snowflake_dag.py for tasks to queue
[2026-05-27T20:36:25.563+0000] {logging_mixin.py:188} INFO - [2026-05-27T20:36:25.563+0000] {dagbag.py:545} INFO - Filling up the DagBag from /opt/airflow/dags/minio_to_snowflake_dag.py
[2026-05-27T20:36:25.795+0000] {processor.py:840} INFO - DAG(s) 'minio_to_snowflake_banking' retrieved from /opt/airflow/dags/minio_to_snowflake_dag.py
[2026-05-27T20:36:25.802+0000] {logging_mixin.py:188} INFO - [2026-05-27T20:36:25.802+0000] {dag.py:3089} INFO - Sync 1 DAGs
[2026-05-27T20:36:25.808+0000] {logging_mixin.py:188} INFO - [2026-05-27T20:36:25.808+0000] {dag.py:3947} INFO - Setting next_dagrun for minio_to_snowflake_banking to 2026-05-27 20:00:00+00:00, run_after=2026-05-27 20:30:00+00:00
[2026-05-27T20:36:25.813+0000] {processor.py:183} INFO - Processing /opt/airflow/dags/minio_to_snowflake_dag.py took 0.257 seconds
[2026-05-27T20:36:56.023+0000] {processor.py:161} INFO - Started process (PID=2425) to work on /opt/airflow/dags/minio_to_snowflake_dag.py
[2026-05-27T20:36:56.024+0000] {processor.py:830} INFO - Processing file /opt/airflow/dags/minio_to_snowflake_dag.py for tasks to queue
[2026-05-27T20:36:56.026+0000] {logging_mixin.py:188} INFO - [2026-05-27T20:36:56.025+0000] {dagbag.py:545} INFO - Filling up the DagBag from /opt/airflow/dags/minio_to_snowflake_dag.py
[2026-05-27T20:36:56.254+0000] {processor.py:840} INFO - DAG(s) 'minio_to_snowflake_banking' retrieved from /opt/airflow/dags/minio_to_snowflake_dag.py
[2026-05-27T20:36:56.261+0000] {logging_mixin.py:188} INFO - [2026-05-27T20:36:56.261+0000] {dag.py:3089} INFO - Sync 1 DAGs
[2026-05-27T20:36:56.267+0000] {logging_mixin.py:188} INFO - [2026-05-27T20:36:56.267+0000] {dag.py:3947} INFO - Setting next_dagrun for minio_to_snowflake_banking to 2026-05-27 20:00:00+00:00, run_after=2026-05-27 20:30:00+00:00
[2026-05-27T20:36:56.273+0000] {processor.py:183} INFO - Processing /opt/airflow/dags/minio_to_snowflake_dag.py took 0.256 seconds
[2026-05-27T20:37:26.495+0000] {processor.py:161} INFO - Started process (PID=2429) to work on /opt/airflow/dags/minio_to_snowflake_dag.py
[2026-05-27T20:37:26.496+0000] {processor.py:830} INFO - Processing file /opt/airflow/dags/minio_to_snowflake_dag.py for tasks to queue
[2026-05-27T20:37:26.497+0000] {logging_mixin.py:188} INFO - [2026-05-27T20:37:26.497+0000] {dagbag.py:545} INFO - Filling up the DagBag from /opt/airflow/dags/minio_to_snowflake_dag.py
[2026-05-27T20:37:26.742+0000] {processor.py:840} INFO - DAG(s) 'minio_to_snowflake_banking' retrieved from /opt/airflow/dags/minio_to_snowflake_dag.py
[2026-05-27T20:37:26.750+0000] {logging_mixin.py:188} INFO - [2026-05-27T20:37:26.750+0000] {dag.py:3089} INFO - Sync 1 DAGs
[2026-05-27T20:37:26.757+0000] {logging_mixin.py:188} INFO - [2026-05-27T20:37:26.757+0000] {dag.py:3947} INFO - Setting next_dagrun for minio_to_snowflake_banking to 2026-05-27 20:00:00+00:00, run_after=2026-05-27 20:30:00+00:00
[2026-05-27T20:37:26.763+0000] {processor.py:183} INFO - Processing /opt/airflow/dags/minio_to_snowflake_dag.py took 0.271 seconds
[2026-05-27T20:37:56.965+0000] {processor.py:161} INFO - Started process (PID=2433) to work on /opt/airflow/dags/minio_to_snowflake_dag.py
[2026-05-27T20:37:56.967+0000] {processor.py:830} INFO - Processing file /opt/airflow/dags/minio_to_snowflake_dag.py for tasks to queue
[2026-05-27T20:37:56.969+0000] {logging_mixin.py:188} INFO - [2026-05-27T20:37:56.969+0000] {dagbag.py:545} INFO - Filling up the DagBag from /opt/airflow/dags/minio_to_snowflake_dag.py
[2026-05-27T20:37:57.229+0000] {processor.py:840} INFO - DAG(s) 'minio_to_snowflake_banking' retrieved from /opt/airflow/dags/minio_to_snowflake_dag.py
[2026-05-27T20:37:57.238+0000] {logging_mixin.py:188} INFO - [2026-05-27T20:37:57.238+0000] {dag.py:3089} INFO - Sync 1 DAGs
[2026-05-27T20:37:57.244+0000] {logging_mixin.py:188} INFO - [2026-05-27T20:37:57.244+0000] {dag.py:3947} INFO - Setting next_dagrun for minio_to_snowflake_banking to 2026-05-27 20:00:00+00:00, run_after=2026-05-27 20:30:00+00:00
[2026-05-27T20:37:57.249+0000] {processor.py:183} INFO - Processing /opt/airflow/dags/minio_to_snowflake_dag.py took 0.290 seconds
[2026-05-27T20:38:27.502+0000] {processor.py:161} INFO - Started process (PID=2437) to work on /opt/airflow/dags/minio_to_snowflake_dag.py
[2026-05-27T20:38:27.504+0000] {processor.py:830} INFO - Processing file /opt/airflow/dags/minio_to_snowflake_dag.py for tasks to queue
[2026-05-27T20:38:27.505+0000] {logging_mixin.py:188} INFO - [2026-05-27T20:38:27.505+0000] {dagbag.py:545} INFO - Filling up the DagBag from /opt/airflow/dags/minio_to_snowflake_dag.py
[2026-05-27T20:38:27.739+0000] {processor.py:840} INFO - DAG(s) 'minio_to_snowflake_banking' retrieved from /opt/airflow/dags/minio_to_snowflake_dag.py
[2026-05-27T20:38:27.748+0000] {logging_mixin.py:188} INFO - [2026-05-27T20:38:27.747+0000] {dag.py:3089} INFO - Sync 1 DAGs
[2026-05-27T20:38:27.753+0000] {logging_mixin.py:188} INFO - [2026-05-27T20:38:27.753+0000] {dag.py:3947} INFO - Setting next_dagrun for minio_to_snowflake_banking to 2026-05-27 20:00:00+00:00, run_after=2026-05-27 20:30:00+00:00
[2026-05-27T20:38:27.759+0000] {processor.py:183} INFO - Processing /opt/airflow/dags/minio_to_snowflake_dag.py took 0.263 seconds
[2026-05-27T20:38:57.968+0000] {processor.py:161} INFO - Started process (PID=2441) to work on /opt/airflow/dags/minio_to_snowflake_dag.py
[2026-05-27T20:38:57.970+0000] {processor.py:830} INFO - Processing file /opt/airflow/dags/minio_to_snowflake_dag.py for tasks to queue
[2026-05-27T20:38:57.971+0000] {logging_mixin.py:188} INFO - [2026-05-27T20:38:57.971+0000] {dagbag.py:545} INFO - Filling up the DagBag from /opt/airflow/dags/minio_to_snowflake_dag.py
[2026-05-27T20:38:58.198+0000] {processor.py:840} INFO - DAG(s) 'minio_to_snowflake_banking' retrieved from /opt/airflow/dags/minio_to_snowflake_dag.py
[2026-05-27T20:38:58.206+0000] {logging_mixin.py:188} INFO - [2026-05-27T20:38:58.206+0000] {dag.py:3089} INFO - Sync 1 DAGs
[2026-05-27T20:38:58.212+0000] {logging_mixin.py:188} INFO - [2026-05-27T20:38:58.212+0000] {dag.py:3947} INFO - Setting next_dagrun for minio_to_snowflake_banking to 2026-05-27 20:00:00+00:00, run_after=2026-05-27 20:30:00+00:00
[2026-05-27T20:38:58.217+0000] {processor.py:183} INFO - Processing /opt/airflow/dags/minio_to_snowflake_dag.py took 0.254 seconds
[2026-05-27T20:39:28.430+0000] {processor.py:161} INFO - Started process (PID=2445) to work on /opt/airflow/dags/minio_to_snowflake_dag.py
[2026-05-27T20:39:28.433+0000] {processor.py:830} INFO - Processing file /opt/airflow/dags/minio_to_snowflake_dag.py for tasks to queue
[2026-05-27T20:39:28.434+0000] {logging_mixin.py:188} INFO - [2026-05-27T20:39:28.434+0000] {dagbag.py:545} INFO - Filling up the DagBag from /opt/airflow/dags/minio_to_snowflake_dag.py
[2026-05-27T20:39:28.677+0000] {processor.py:840} INFO - DAG(s) 'minio_to_snowflake_banking' retrieved from /opt/airflow/dags/minio_to_snowflake_dag.py
[2026-05-27T20:39:28.685+0000] {logging_mixin.py:188} INFO - [2026-05-27T20:39:28.685+0000] {dag.py:3089} INFO - Sync 1 DAGs
[2026-05-27T20:39:28.693+0000] {logging_mixin.py:188} INFO - [2026-05-27T20:39:28.693+0000] {dag.py:3947} INFO - Setting next_dagrun for minio_to_snowflake_banking to 2026-05-27 20:00:00+00:00, run_after=2026-05-27 20:30:00+00:00
[2026-05-27T20:39:28.698+0000] {processor.py:183} INFO - Processing /opt/airflow/dags/minio_to_snowflake_dag.py took 0.273 seconds
[2026-05-27T20:39:58.933+0000] {processor.py:161} INFO - Started process (PID=2449) to work on /opt/airflow/dags/minio_to_snowflake_dag.py
[2026-05-27T20:39:58.934+0000] {processor.py:830} INFO - Processing file /opt/airflow/dags/minio_to_snowflake_dag.py for tasks to queue
[2026-05-27T20:39:58.936+0000] {logging_mixin.py:188} INFO - [2026-05-27T20:39:58.936+0000] {dagbag.py:545} INFO - Filling up the DagBag from /opt/airflow/dags/minio_to_snowflake_dag.py
[2026-05-27T20:39:59.187+0000] {processor.py:840} INFO - DAG(s) 'minio_to_snowflake_banking' retrieved from /opt/airflow/dags/minio_to_snowflake_dag.py
[2026-05-27T20:39:59.195+0000] {logging_mixin.py:188} INFO - [2026-05-27T20:39:59.195+0000] {dag.py:3089} INFO - Sync 1 DAGs
[2026-05-27T20:39:59.202+0000] {logging_mixin.py:188} INFO - [2026-05-27T20:39:59.202+0000] {dag.py:3947} INFO - Setting next_dagrun for minio_to_snowflake_banking to 2026-05-27 20:00:00+00:00, run_after=2026-05-27 20:30:00+00:00
[2026-05-27T20:39:59.207+0000] {processor.py:183} INFO - Processing /opt/airflow/dags/minio_to_snowflake_dag.py took 0.279 seconds
