[2026-05-28T13:31:02.364+0000] {processor.py:161} INFO - Started process (PID=31) to work on /opt/airflow/dags/minio_to_snowflake_dag.py
[2026-05-28T13:31:02.366+0000] {processor.py:830} INFO - Processing file /opt/airflow/dags/minio_to_snowflake_dag.py for tasks to queue
[2026-05-28T13:31:02.368+0000] {logging_mixin.py:188} INFO - [2026-05-28T13:31:02.368+0000] {dagbag.py:545} INFO - Filling up the DagBag from /opt/airflow/dags/minio_to_snowflake_dag.py
[2026-05-28T13:31:02.905+0000] {processor.py:840} INFO - DAG(s) 'minio_to_snowflake_banking' retrieved from /opt/airflow/dags/minio_to_snowflake_dag.py
[2026-05-28T13:31:02.923+0000] {logging_mixin.py:188} INFO - [2026-05-28T13:31:02.923+0000] {dag.py:3089} INFO - Sync 1 DAGs
[2026-05-28T13:31:02.933+0000] {logging_mixin.py:188} INFO - [2026-05-28T13:31:02.933+0000] {dag.py:3947} INFO - Setting next_dagrun for minio_to_snowflake_banking to 2026-05-28 13:00:00+00:00, run_after=2026-05-28 13:30:00+00:00
[2026-05-28T13:31:02.941+0000] {processor.py:183} INFO - Processing /opt/airflow/dags/minio_to_snowflake_dag.py took 0.580 seconds
[2026-05-28T13:31:33.085+0000] {processor.py:161} INFO - Started process (PID=35) to work on /opt/airflow/dags/minio_to_snowflake_dag.py
[2026-05-28T13:31:33.086+0000] {processor.py:830} INFO - Processing file /opt/airflow/dags/minio_to_snowflake_dag.py for tasks to queue
[2026-05-28T13:31:33.087+0000] {logging_mixin.py:188} INFO - [2026-05-28T13:31:33.087+0000] {dagbag.py:545} INFO - Filling up the DagBag from /opt/airflow/dags/minio_to_snowflake_dag.py
[2026-05-28T13:31:33.381+0000] {processor.py:840} INFO - DAG(s) 'minio_to_snowflake_banking' retrieved from /opt/airflow/dags/minio_to_snowflake_dag.py
[2026-05-28T13:31:33.387+0000] {logging_mixin.py:188} INFO - [2026-05-28T13:31:33.386+0000] {dag.py:3089} INFO - Sync 1 DAGs
[2026-05-28T13:31:33.394+0000] {logging_mixin.py:188} INFO - [2026-05-28T13:31:33.394+0000] {dag.py:3947} INFO - Setting next_dagrun for minio_to_snowflake_banking to 2026-05-28 13:00:00+00:00, run_after=2026-05-28 13:30:00+00:00
[2026-05-28T13:31:33.401+0000] {processor.py:183} INFO - Processing /opt/airflow/dags/minio_to_snowflake_dag.py took 0.318 seconds
[2026-05-28T13:32:03.538+0000] {processor.py:161} INFO - Started process (PID=39) to work on /opt/airflow/dags/minio_to_snowflake_dag.py
[2026-05-28T13:32:03.539+0000] {processor.py:830} INFO - Processing file /opt/airflow/dags/minio_to_snowflake_dag.py for tasks to queue
[2026-05-28T13:32:03.540+0000] {logging_mixin.py:188} INFO - [2026-05-28T13:32:03.540+0000] {dagbag.py:545} INFO - Filling up the DagBag from /opt/airflow/dags/minio_to_snowflake_dag.py
[2026-05-28T13:32:03.789+0000] {processor.py:840} INFO - DAG(s) 'minio_to_snowflake_banking' retrieved from /opt/airflow/dags/minio_to_snowflake_dag.py
[2026-05-28T13:32:03.796+0000] {logging_mixin.py:188} INFO - [2026-05-28T13:32:03.796+0000] {dag.py:3089} INFO - Sync 1 DAGs
[2026-05-28T13:32:03.803+0000] {logging_mixin.py:188} INFO - [2026-05-28T13:32:03.803+0000] {dag.py:3947} INFO - Setting next_dagrun for minio_to_snowflake_banking to 2026-05-28 13:00:00+00:00, run_after=2026-05-28 13:30:00+00:00
[2026-05-28T13:32:03.809+0000] {processor.py:183} INFO - Processing /opt/airflow/dags/minio_to_snowflake_dag.py took 0.273 seconds
[2026-05-28T13:32:34.034+0000] {processor.py:161} INFO - Started process (PID=43) to work on /opt/airflow/dags/minio_to_snowflake_dag.py
[2026-05-28T13:32:34.035+0000] {processor.py:830} INFO - Processing file /opt/airflow/dags/minio_to_snowflake_dag.py for tasks to queue
[2026-05-28T13:32:34.036+0000] {logging_mixin.py:188} INFO - [2026-05-28T13:32:34.036+0000] {dagbag.py:545} INFO - Filling up the DagBag from /opt/airflow/dags/minio_to_snowflake_dag.py
[2026-05-28T13:32:34.270+0000] {processor.py:840} INFO - DAG(s) 'minio_to_snowflake_banking' retrieved from /opt/airflow/dags/minio_to_snowflake_dag.py
[2026-05-28T13:32:34.307+0000] {logging_mixin.py:188} INFO - [2026-05-28T13:32:34.306+0000] {dag.py:3089} INFO - Sync 1 DAGs
[2026-05-28T13:32:34.312+0000] {logging_mixin.py:188} INFO - [2026-05-28T13:32:34.312+0000] {dag.py:3947} INFO - Setting next_dagrun for minio_to_snowflake_banking to 2026-05-28 13:00:00+00:00, run_after=2026-05-28 13:30:00+00:00
[2026-05-28T13:32:34.317+0000] {processor.py:183} INFO - Processing /opt/airflow/dags/minio_to_snowflake_dag.py took 0.288 seconds
[2026-05-28T13:33:04.533+0000] {processor.py:161} INFO - Started process (PID=47) to work on /opt/airflow/dags/minio_to_snowflake_dag.py
[2026-05-28T13:33:04.534+0000] {processor.py:830} INFO - Processing file /opt/airflow/dags/minio_to_snowflake_dag.py for tasks to queue
[2026-05-28T13:33:04.536+0000] {logging_mixin.py:188} INFO - [2026-05-28T13:33:04.536+0000] {dagbag.py:545} INFO - Filling up the DagBag from /opt/airflow/dags/minio_to_snowflake_dag.py
[2026-05-28T13:33:04.776+0000] {processor.py:840} INFO - DAG(s) 'minio_to_snowflake_banking' retrieved from /opt/airflow/dags/minio_to_snowflake_dag.py
[2026-05-28T13:33:04.784+0000] {logging_mixin.py:188} INFO - [2026-05-28T13:33:04.784+0000] {dag.py:3089} INFO - Sync 1 DAGs
[2026-05-28T13:33:04.791+0000] {logging_mixin.py:188} INFO - [2026-05-28T13:33:04.790+0000] {dag.py:3947} INFO - Setting next_dagrun for minio_to_snowflake_banking to 2026-05-28 13:00:00+00:00, run_after=2026-05-28 13:30:00+00:00
[2026-05-28T13:33:04.797+0000] {processor.py:183} INFO - Processing /opt/airflow/dags/minio_to_snowflake_dag.py took 0.269 seconds
[2026-05-28T13:33:35.006+0000] {processor.py:161} INFO - Started process (PID=51) to work on /opt/airflow/dags/minio_to_snowflake_dag.py
[2026-05-28T13:33:35.007+0000] {processor.py:830} INFO - Processing file /opt/airflow/dags/minio_to_snowflake_dag.py for tasks to queue
[2026-05-28T13:33:35.009+0000] {logging_mixin.py:188} INFO - [2026-05-28T13:33:35.008+0000] {dagbag.py:545} INFO - Filling up the DagBag from /opt/airflow/dags/minio_to_snowflake_dag.py
[2026-05-28T13:33:35.239+0000] {processor.py:840} INFO - DAG(s) 'minio_to_snowflake_banking' retrieved from /opt/airflow/dags/minio_to_snowflake_dag.py
[2026-05-28T13:33:35.247+0000] {logging_mixin.py:188} INFO - [2026-05-28T13:33:35.247+0000] {dag.py:3089} INFO - Sync 1 DAGs
[2026-05-28T13:33:35.253+0000] {logging_mixin.py:188} INFO - [2026-05-28T13:33:35.253+0000] {dag.py:3947} INFO - Setting next_dagrun for minio_to_snowflake_banking to 2026-05-28 13:00:00+00:00, run_after=2026-05-28 13:30:00+00:00
[2026-05-28T13:33:35.259+0000] {processor.py:183} INFO - Processing /opt/airflow/dags/minio_to_snowflake_dag.py took 0.258 seconds
[2026-05-28T13:34:05.480+0000] {processor.py:161} INFO - Started process (PID=55) to work on /opt/airflow/dags/minio_to_snowflake_dag.py
[2026-05-28T13:34:05.481+0000] {processor.py:830} INFO - Processing file /opt/airflow/dags/minio_to_snowflake_dag.py for tasks to queue
[2026-05-28T13:34:05.482+0000] {logging_mixin.py:188} INFO - [2026-05-28T13:34:05.482+0000] {dagbag.py:545} INFO - Filling up the DagBag from /opt/airflow/dags/minio_to_snowflake_dag.py
[2026-05-28T13:34:05.712+0000] {processor.py:840} INFO - DAG(s) 'minio_to_snowflake_banking' retrieved from /opt/airflow/dags/minio_to_snowflake_dag.py
[2026-05-28T13:34:05.720+0000] {logging_mixin.py:188} INFO - [2026-05-28T13:34:05.720+0000] {dag.py:3089} INFO - Sync 1 DAGs
[2026-05-28T13:34:05.726+0000] {logging_mixin.py:188} INFO - [2026-05-28T13:34:05.726+0000] {dag.py:3947} INFO - Setting next_dagrun for minio_to_snowflake_banking to 2026-05-28 13:00:00+00:00, run_after=2026-05-28 13:30:00+00:00
[2026-05-28T13:34:05.730+0000] {processor.py:183} INFO - Processing /opt/airflow/dags/minio_to_snowflake_dag.py took 0.255 seconds
[2026-05-28T13:34:35.947+0000] {processor.py:161} INFO - Started process (PID=59) to work on /opt/airflow/dags/minio_to_snowflake_dag.py
[2026-05-28T13:34:35.948+0000] {processor.py:830} INFO - Processing file /opt/airflow/dags/minio_to_snowflake_dag.py for tasks to queue
[2026-05-28T13:34:35.949+0000] {logging_mixin.py:188} INFO - [2026-05-28T13:34:35.949+0000] {dagbag.py:545} INFO - Filling up the DagBag from /opt/airflow/dags/minio_to_snowflake_dag.py
[2026-05-28T13:34:36.175+0000] {processor.py:840} INFO - DAG(s) 'minio_to_snowflake_banking' retrieved from /opt/airflow/dags/minio_to_snowflake_dag.py
[2026-05-28T13:34:36.183+0000] {logging_mixin.py:188} INFO - [2026-05-28T13:34:36.183+0000] {dag.py:3089} INFO - Sync 1 DAGs
[2026-05-28T13:34:36.189+0000] {logging_mixin.py:188} INFO - [2026-05-28T13:34:36.189+0000] {dag.py:3947} INFO - Setting next_dagrun for minio_to_snowflake_banking to 2026-05-28 13:00:00+00:00, run_after=2026-05-28 13:30:00+00:00
[2026-05-28T13:34:36.194+0000] {processor.py:183} INFO - Processing /opt/airflow/dags/minio_to_snowflake_dag.py took 0.253 seconds
[2026-05-28T13:35:06.429+0000] {processor.py:161} INFO - Started process (PID=63) to work on /opt/airflow/dags/minio_to_snowflake_dag.py
[2026-05-28T13:35:06.430+0000] {processor.py:830} INFO - Processing file /opt/airflow/dags/minio_to_snowflake_dag.py for tasks to queue
[2026-05-28T13:35:06.432+0000] {logging_mixin.py:188} INFO - [2026-05-28T13:35:06.431+0000] {dagbag.py:545} INFO - Filling up the DagBag from /opt/airflow/dags/minio_to_snowflake_dag.py
[2026-05-28T13:35:06.667+0000] {processor.py:840} INFO - DAG(s) 'minio_to_snowflake_banking' retrieved from /opt/airflow/dags/minio_to_snowflake_dag.py
[2026-05-28T13:35:06.675+0000] {logging_mixin.py:188} INFO - [2026-05-28T13:35:06.675+0000] {dag.py:3089} INFO - Sync 1 DAGs
[2026-05-28T13:35:06.681+0000] {logging_mixin.py:188} INFO - [2026-05-28T13:35:06.681+0000] {dag.py:3947} INFO - Setting next_dagrun for minio_to_snowflake_banking to 2026-05-28 13:00:00+00:00, run_after=2026-05-28 13:30:00+00:00
[2026-05-28T13:35:06.687+0000] {processor.py:183} INFO - Processing /opt/airflow/dags/minio_to_snowflake_dag.py took 0.264 seconds
[2026-05-28T13:35:36.963+0000] {processor.py:161} INFO - Started process (PID=67) to work on /opt/airflow/dags/minio_to_snowflake_dag.py
[2026-05-28T13:35:36.964+0000] {processor.py:830} INFO - Processing file /opt/airflow/dags/minio_to_snowflake_dag.py for tasks to queue
[2026-05-28T13:35:36.966+0000] {logging_mixin.py:188} INFO - [2026-05-28T13:35:36.965+0000] {dagbag.py:545} INFO - Filling up the DagBag from /opt/airflow/dags/minio_to_snowflake_dag.py
[2026-05-28T13:35:37.210+0000] {processor.py:840} INFO - DAG(s) 'minio_to_snowflake_banking' retrieved from /opt/airflow/dags/minio_to_snowflake_dag.py
[2026-05-28T13:35:37.218+0000] {logging_mixin.py:188} INFO - [2026-05-28T13:35:37.218+0000] {dag.py:3089} INFO - Sync 1 DAGs
[2026-05-28T13:35:37.225+0000] {logging_mixin.py:188} INFO - [2026-05-28T13:35:37.224+0000] {dag.py:3947} INFO - Setting next_dagrun for minio_to_snowflake_banking to 2026-05-28 13:00:00+00:00, run_after=2026-05-28 13:30:00+00:00
[2026-05-28T13:35:37.230+0000] {processor.py:183} INFO - Processing /opt/airflow/dags/minio_to_snowflake_dag.py took 0.271 seconds
[2026-05-28T13:36:07.418+0000] {processor.py:161} INFO - Started process (PID=71) to work on /opt/airflow/dags/minio_to_snowflake_dag.py
[2026-05-28T13:36:07.419+0000] {processor.py:830} INFO - Processing file /opt/airflow/dags/minio_to_snowflake_dag.py for tasks to queue
[2026-05-28T13:36:07.420+0000] {logging_mixin.py:188} INFO - [2026-05-28T13:36:07.419+0000] {dagbag.py:545} INFO - Filling up the DagBag from /opt/airflow/dags/minio_to_snowflake_dag.py
[2026-05-28T13:36:07.642+0000] {processor.py:840} INFO - DAG(s) 'minio_to_snowflake_banking' retrieved from /opt/airflow/dags/minio_to_snowflake_dag.py
[2026-05-28T13:36:07.650+0000] {logging_mixin.py:188} INFO - [2026-05-28T13:36:07.649+0000] {dag.py:3089} INFO - Sync 1 DAGs
[2026-05-28T13:36:07.656+0000] {logging_mixin.py:188} INFO - [2026-05-28T13:36:07.656+0000] {dag.py:3947} INFO - Setting next_dagrun for minio_to_snowflake_banking to 2026-05-28 13:00:00+00:00, run_after=2026-05-28 13:30:00+00:00
[2026-05-28T13:36:07.661+0000] {processor.py:183} INFO - Processing /opt/airflow/dags/minio_to_snowflake_dag.py took 0.247 seconds
[2026-05-28T13:36:37.837+0000] {processor.py:161} INFO - Started process (PID=75) to work on /opt/airflow/dags/minio_to_snowflake_dag.py
[2026-05-28T13:36:37.838+0000] {processor.py:830} INFO - Processing file /opt/airflow/dags/minio_to_snowflake_dag.py for tasks to queue
[2026-05-28T13:36:37.839+0000] {logging_mixin.py:188} INFO - [2026-05-28T13:36:37.839+0000] {dagbag.py:545} INFO - Filling up the DagBag from /opt/airflow/dags/minio_to_snowflake_dag.py
[2026-05-28T13:36:38.070+0000] {processor.py:840} INFO - DAG(s) 'minio_to_snowflake_banking' retrieved from /opt/airflow/dags/minio_to_snowflake_dag.py
[2026-05-28T13:36:38.078+0000] {logging_mixin.py:188} INFO - [2026-05-28T13:36:38.077+0000] {dag.py:3089} INFO - Sync 1 DAGs
[2026-05-28T13:36:38.083+0000] {logging_mixin.py:188} INFO - [2026-05-28T13:36:38.083+0000] {dag.py:3947} INFO - Setting next_dagrun for minio_to_snowflake_banking to 2026-05-28 13:00:00+00:00, run_after=2026-05-28 13:30:00+00:00
[2026-05-28T13:36:38.088+0000] {processor.py:183} INFO - Processing /opt/airflow/dags/minio_to_snowflake_dag.py took 0.257 seconds
[2026-05-28T13:37:08.308+0000] {processor.py:161} INFO - Started process (PID=79) to work on /opt/airflow/dags/minio_to_snowflake_dag.py
[2026-05-28T13:37:08.309+0000] {processor.py:830} INFO - Processing file /opt/airflow/dags/minio_to_snowflake_dag.py for tasks to queue
[2026-05-28T13:37:08.311+0000] {logging_mixin.py:188} INFO - [2026-05-28T13:37:08.310+0000] {dagbag.py:545} INFO - Filling up the DagBag from /opt/airflow/dags/minio_to_snowflake_dag.py
[2026-05-28T13:37:08.567+0000] {processor.py:840} INFO - DAG(s) 'minio_to_snowflake_banking' retrieved from /opt/airflow/dags/minio_to_snowflake_dag.py
[2026-05-28T13:37:08.577+0000] {logging_mixin.py:188} INFO - [2026-05-28T13:37:08.577+0000] {dag.py:3089} INFO - Sync 1 DAGs
[2026-05-28T13:37:08.586+0000] {logging_mixin.py:188} INFO - [2026-05-28T13:37:08.586+0000] {dag.py:3947} INFO - Setting next_dagrun for minio_to_snowflake_banking to 2026-05-28 13:00:00+00:00, run_after=2026-05-28 13:30:00+00:00
[2026-05-28T13:37:08.591+0000] {processor.py:183} INFO - Processing /opt/airflow/dags/minio_to_snowflake_dag.py took 0.288 seconds
[2026-05-28T13:37:38.799+0000] {processor.py:161} INFO - Started process (PID=83) to work on /opt/airflow/dags/minio_to_snowflake_dag.py
[2026-05-28T13:37:38.800+0000] {processor.py:830} INFO - Processing file /opt/airflow/dags/minio_to_snowflake_dag.py for tasks to queue
[2026-05-28T13:37:38.801+0000] {logging_mixin.py:188} INFO - [2026-05-28T13:37:38.801+0000] {dagbag.py:545} INFO - Filling up the DagBag from /opt/airflow/dags/minio_to_snowflake_dag.py
[2026-05-28T13:37:39.028+0000] {processor.py:840} INFO - DAG(s) 'minio_to_snowflake_banking' retrieved from /opt/airflow/dags/minio_to_snowflake_dag.py
[2026-05-28T13:37:39.036+0000] {logging_mixin.py:188} INFO - [2026-05-28T13:37:39.036+0000] {dag.py:3089} INFO - Sync 1 DAGs
[2026-05-28T13:37:39.042+0000] {logging_mixin.py:188} INFO - [2026-05-28T13:37:39.042+0000] {dag.py:3947} INFO - Setting next_dagrun for minio_to_snowflake_banking to 2026-05-28 13:00:00+00:00, run_after=2026-05-28 13:30:00+00:00
[2026-05-28T13:37:39.047+0000] {processor.py:183} INFO - Processing /opt/airflow/dags/minio_to_snowflake_dag.py took 0.253 seconds
[2026-05-28T13:38:09.228+0000] {processor.py:161} INFO - Started process (PID=87) to work on /opt/airflow/dags/minio_to_snowflake_dag.py
[2026-05-28T13:38:09.229+0000] {processor.py:830} INFO - Processing file /opt/airflow/dags/minio_to_snowflake_dag.py for tasks to queue
[2026-05-28T13:38:09.230+0000] {logging_mixin.py:188} INFO - [2026-05-28T13:38:09.230+0000] {dagbag.py:545} INFO - Filling up the DagBag from /opt/airflow/dags/minio_to_snowflake_dag.py
[2026-05-28T13:38:09.454+0000] {processor.py:840} INFO - DAG(s) 'minio_to_snowflake_banking' retrieved from /opt/airflow/dags/minio_to_snowflake_dag.py
[2026-05-28T13:38:09.462+0000] {logging_mixin.py:188} INFO - [2026-05-28T13:38:09.462+0000] {dag.py:3089} INFO - Sync 1 DAGs
[2026-05-28T13:38:09.468+0000] {logging_mixin.py:188} INFO - [2026-05-28T13:38:09.468+0000] {dag.py:3947} INFO - Setting next_dagrun for minio_to_snowflake_banking to 2026-05-28 13:00:00+00:00, run_after=2026-05-28 13:30:00+00:00
[2026-05-28T13:38:09.473+0000] {processor.py:183} INFO - Processing /opt/airflow/dags/minio_to_snowflake_dag.py took 0.251 seconds
[2026-05-28T13:38:39.681+0000] {processor.py:161} INFO - Started process (PID=91) to work on /opt/airflow/dags/minio_to_snowflake_dag.py
[2026-05-28T13:38:39.682+0000] {processor.py:830} INFO - Processing file /opt/airflow/dags/minio_to_snowflake_dag.py for tasks to queue
[2026-05-28T13:38:39.683+0000] {logging_mixin.py:188} INFO - [2026-05-28T13:38:39.683+0000] {dagbag.py:545} INFO - Filling up the DagBag from /opt/airflow/dags/minio_to_snowflake_dag.py
[2026-05-28T13:38:39.911+0000] {processor.py:840} INFO - DAG(s) 'minio_to_snowflake_banking' retrieved from /opt/airflow/dags/minio_to_snowflake_dag.py
[2026-05-28T13:38:39.919+0000] {logging_mixin.py:188} INFO - [2026-05-28T13:38:39.919+0000] {dag.py:3089} INFO - Sync 1 DAGs
[2026-05-28T13:38:39.925+0000] {logging_mixin.py:188} INFO - [2026-05-28T13:38:39.925+0000] {dag.py:3947} INFO - Setting next_dagrun for minio_to_snowflake_banking to 2026-05-28 13:00:00+00:00, run_after=2026-05-28 13:30:00+00:00
[2026-05-28T13:38:39.930+0000] {processor.py:183} INFO - Processing /opt/airflow/dags/minio_to_snowflake_dag.py took 0.253 seconds
[2026-05-28T13:39:10.150+0000] {processor.py:161} INFO - Started process (PID=95) to work on /opt/airflow/dags/minio_to_snowflake_dag.py
[2026-05-28T13:39:10.151+0000] {processor.py:830} INFO - Processing file /opt/airflow/dags/minio_to_snowflake_dag.py for tasks to queue
[2026-05-28T13:39:10.153+0000] {logging_mixin.py:188} INFO - [2026-05-28T13:39:10.152+0000] {dagbag.py:545} INFO - Filling up the DagBag from /opt/airflow/dags/minio_to_snowflake_dag.py
[2026-05-28T13:39:10.381+0000] {processor.py:840} INFO - DAG(s) 'minio_to_snowflake_banking' retrieved from /opt/airflow/dags/minio_to_snowflake_dag.py
[2026-05-28T13:39:10.389+0000] {logging_mixin.py:188} INFO - [2026-05-28T13:39:10.389+0000] {dag.py:3089} INFO - Sync 1 DAGs
[2026-05-28T13:39:10.395+0000] {logging_mixin.py:188} INFO - [2026-05-28T13:39:10.395+0000] {dag.py:3947} INFO - Setting next_dagrun for minio_to_snowflake_banking to 2026-05-28 13:00:00+00:00, run_after=2026-05-28 13:30:00+00:00
[2026-05-28T13:39:10.400+0000] {processor.py:183} INFO - Processing /opt/airflow/dags/minio_to_snowflake_dag.py took 0.254 seconds
[2026-05-28T13:39:40.603+0000] {processor.py:161} INFO - Started process (PID=99) to work on /opt/airflow/dags/minio_to_snowflake_dag.py
[2026-05-28T13:39:40.604+0000] {processor.py:830} INFO - Processing file /opt/airflow/dags/minio_to_snowflake_dag.py for tasks to queue
[2026-05-28T13:39:40.605+0000] {logging_mixin.py:188} INFO - [2026-05-28T13:39:40.604+0000] {dagbag.py:545} INFO - Filling up the DagBag from /opt/airflow/dags/minio_to_snowflake_dag.py
[2026-05-28T13:39:40.840+0000] {processor.py:840} INFO - DAG(s) 'minio_to_snowflake_banking' retrieved from /opt/airflow/dags/minio_to_snowflake_dag.py
[2026-05-28T13:39:40.847+0000] {logging_mixin.py:188} INFO - [2026-05-28T13:39:40.847+0000] {dag.py:3089} INFO - Sync 1 DAGs
[2026-05-28T13:39:40.853+0000] {logging_mixin.py:188} INFO - [2026-05-28T13:39:40.853+0000] {dag.py:3947} INFO - Setting next_dagrun for minio_to_snowflake_banking to 2026-05-28 13:00:00+00:00, run_after=2026-05-28 13:30:00+00:00
[2026-05-28T13:39:40.858+0000] {processor.py:183} INFO - Processing /opt/airflow/dags/minio_to_snowflake_dag.py took 0.258 seconds
[2026-05-28T13:40:11.021+0000] {processor.py:161} INFO - Started process (PID=103) to work on /opt/airflow/dags/minio_to_snowflake_dag.py
[2026-05-28T13:40:11.022+0000] {processor.py:830} INFO - Processing file /opt/airflow/dags/minio_to_snowflake_dag.py for tasks to queue
[2026-05-28T13:40:11.023+0000] {logging_mixin.py:188} INFO - [2026-05-28T13:40:11.023+0000] {dagbag.py:545} INFO - Filling up the DagBag from /opt/airflow/dags/minio_to_snowflake_dag.py
[2026-05-28T13:40:11.250+0000] {processor.py:840} INFO - DAG(s) 'minio_to_snowflake_banking' retrieved from /opt/airflow/dags/minio_to_snowflake_dag.py
[2026-05-28T13:40:11.258+0000] {logging_mixin.py:188} INFO - [2026-05-28T13:40:11.258+0000] {dag.py:3089} INFO - Sync 1 DAGs
[2026-05-28T13:40:11.264+0000] {logging_mixin.py:188} INFO - [2026-05-28T13:40:11.264+0000] {dag.py:3947} INFO - Setting next_dagrun for minio_to_snowflake_banking to 2026-05-28 13:00:00+00:00, run_after=2026-05-28 13:30:00+00:00
[2026-05-28T13:40:11.270+0000] {processor.py:183} INFO - Processing /opt/airflow/dags/minio_to_snowflake_dag.py took 0.252 seconds
[2026-05-28T13:40:41.487+0000] {processor.py:161} INFO - Started process (PID=107) to work on /opt/airflow/dags/minio_to_snowflake_dag.py
[2026-05-28T13:40:41.488+0000] {processor.py:830} INFO - Processing file /opt/airflow/dags/minio_to_snowflake_dag.py for tasks to queue
[2026-05-28T13:40:41.490+0000] {logging_mixin.py:188} INFO - [2026-05-28T13:40:41.489+0000] {dagbag.py:545} INFO - Filling up the DagBag from /opt/airflow/dags/minio_to_snowflake_dag.py
[2026-05-28T13:40:41.715+0000] {processor.py:840} INFO - DAG(s) 'minio_to_snowflake_banking' retrieved from /opt/airflow/dags/minio_to_snowflake_dag.py
[2026-05-28T13:40:41.724+0000] {logging_mixin.py:188} INFO - [2026-05-28T13:40:41.724+0000] {dag.py:3089} INFO - Sync 1 DAGs
[2026-05-28T13:40:41.730+0000] {logging_mixin.py:188} INFO - [2026-05-28T13:40:41.729+0000] {dag.py:3947} INFO - Setting next_dagrun for minio_to_snowflake_banking to 2026-05-28 13:00:00+00:00, run_after=2026-05-28 13:30:00+00:00
[2026-05-28T13:40:41.735+0000] {processor.py:183} INFO - Processing /opt/airflow/dags/minio_to_snowflake_dag.py took 0.252 seconds
[2026-05-28T13:41:11.954+0000] {processor.py:161} INFO - Started process (PID=111) to work on /opt/airflow/dags/minio_to_snowflake_dag.py
[2026-05-28T13:41:11.955+0000] {processor.py:830} INFO - Processing file /opt/airflow/dags/minio_to_snowflake_dag.py for tasks to queue
[2026-05-28T13:41:11.956+0000] {logging_mixin.py:188} INFO - [2026-05-28T13:41:11.956+0000] {dagbag.py:545} INFO - Filling up the DagBag from /opt/airflow/dags/minio_to_snowflake_dag.py
[2026-05-28T13:41:12.186+0000] {processor.py:840} INFO - DAG(s) 'minio_to_snowflake_banking' retrieved from /opt/airflow/dags/minio_to_snowflake_dag.py
[2026-05-28T13:41:12.194+0000] {logging_mixin.py:188} INFO - [2026-05-28T13:41:12.194+0000] {dag.py:3089} INFO - Sync 1 DAGs
[2026-05-28T13:41:12.200+0000] {logging_mixin.py:188} INFO - [2026-05-28T13:41:12.200+0000] {dag.py:3947} INFO - Setting next_dagrun for minio_to_snowflake_banking to 2026-05-28 13:00:00+00:00, run_after=2026-05-28 13:30:00+00:00
[2026-05-28T13:41:12.206+0000] {processor.py:183} INFO - Processing /opt/airflow/dags/minio_to_snowflake_dag.py took 0.256 seconds
[2026-05-28T13:41:42.436+0000] {processor.py:161} INFO - Started process (PID=115) to work on /opt/airflow/dags/minio_to_snowflake_dag.py
[2026-05-28T13:41:42.437+0000] {processor.py:830} INFO - Processing file /opt/airflow/dags/minio_to_snowflake_dag.py for tasks to queue
[2026-05-28T13:41:42.439+0000] {logging_mixin.py:188} INFO - [2026-05-28T13:41:42.438+0000] {dagbag.py:545} INFO - Filling up the DagBag from /opt/airflow/dags/minio_to_snowflake_dag.py
[2026-05-28T13:41:42.663+0000] {processor.py:840} INFO - DAG(s) 'minio_to_snowflake_banking' retrieved from /opt/airflow/dags/minio_to_snowflake_dag.py
[2026-05-28T13:41:42.671+0000] {logging_mixin.py:188} INFO - [2026-05-28T13:41:42.671+0000] {dag.py:3089} INFO - Sync 1 DAGs
[2026-05-28T13:41:42.677+0000] {logging_mixin.py:188} INFO - [2026-05-28T13:41:42.677+0000] {dag.py:3947} INFO - Setting next_dagrun for minio_to_snowflake_banking to 2026-05-28 13:00:00+00:00, run_after=2026-05-28 13:30:00+00:00
[2026-05-28T13:41:42.683+0000] {processor.py:183} INFO - Processing /opt/airflow/dags/minio_to_snowflake_dag.py took 0.252 seconds
[2026-05-28T13:42:12.871+0000] {processor.py:161} INFO - Started process (PID=119) to work on /opt/airflow/dags/minio_to_snowflake_dag.py
[2026-05-28T13:42:12.872+0000] {processor.py:830} INFO - Processing file /opt/airflow/dags/minio_to_snowflake_dag.py for tasks to queue
[2026-05-28T13:42:12.874+0000] {logging_mixin.py:188} INFO - [2026-05-28T13:42:12.874+0000] {dagbag.py:545} INFO - Filling up the DagBag from /opt/airflow/dags/minio_to_snowflake_dag.py
[2026-05-28T13:42:13.121+0000] {processor.py:840} INFO - DAG(s) 'minio_to_snowflake_banking' retrieved from /opt/airflow/dags/minio_to_snowflake_dag.py
[2026-05-28T13:42:13.131+0000] {logging_mixin.py:188} INFO - [2026-05-28T13:42:13.131+0000] {dag.py:3089} INFO - Sync 1 DAGs
[2026-05-28T13:42:13.139+0000] {logging_mixin.py:188} INFO - [2026-05-28T13:42:13.139+0000] {dag.py:3947} INFO - Setting next_dagrun for minio_to_snowflake_banking to 2026-05-28 13:00:00+00:00, run_after=2026-05-28 13:30:00+00:00
[2026-05-28T13:42:13.144+0000] {processor.py:183} INFO - Processing /opt/airflow/dags/minio_to_snowflake_dag.py took 0.278 seconds
[2026-05-28T13:42:43.363+0000] {processor.py:161} INFO - Started process (PID=123) to work on /opt/airflow/dags/minio_to_snowflake_dag.py
[2026-05-28T13:42:43.365+0000] {processor.py:830} INFO - Processing file /opt/airflow/dags/minio_to_snowflake_dag.py for tasks to queue
[2026-05-28T13:42:43.366+0000] {logging_mixin.py:188} INFO - [2026-05-28T13:42:43.366+0000] {dagbag.py:545} INFO - Filling up the DagBag from /opt/airflow/dags/minio_to_snowflake_dag.py
[2026-05-28T13:42:43.600+0000] {processor.py:840} INFO - DAG(s) 'minio_to_snowflake_banking' retrieved from /opt/airflow/dags/minio_to_snowflake_dag.py
[2026-05-28T13:42:43.608+0000] {logging_mixin.py:188} INFO - [2026-05-28T13:42:43.608+0000] {dag.py:3089} INFO - Sync 1 DAGs
[2026-05-28T13:42:43.614+0000] {logging_mixin.py:188} INFO - [2026-05-28T13:42:43.614+0000] {dag.py:3947} INFO - Setting next_dagrun for minio_to_snowflake_banking to 2026-05-28 13:00:00+00:00, run_after=2026-05-28 13:30:00+00:00
[2026-05-28T13:42:43.619+0000] {processor.py:183} INFO - Processing /opt/airflow/dags/minio_to_snowflake_dag.py took 0.261 seconds
[2026-05-28T13:43:13.808+0000] {processor.py:161} INFO - Started process (PID=127) to work on /opt/airflow/dags/minio_to_snowflake_dag.py
[2026-05-28T13:43:13.808+0000] {processor.py:830} INFO - Processing file /opt/airflow/dags/minio_to_snowflake_dag.py for tasks to queue
[2026-05-28T13:43:13.810+0000] {logging_mixin.py:188} INFO - [2026-05-28T13:43:13.810+0000] {dagbag.py:545} INFO - Filling up the DagBag from /opt/airflow/dags/minio_to_snowflake_dag.py
[2026-05-28T13:43:14.038+0000] {processor.py:840} INFO - DAG(s) 'minio_to_snowflake_banking' retrieved from /opt/airflow/dags/minio_to_snowflake_dag.py
[2026-05-28T13:43:14.046+0000] {logging_mixin.py:188} INFO - [2026-05-28T13:43:14.046+0000] {dag.py:3089} INFO - Sync 1 DAGs
[2026-05-28T13:43:14.052+0000] {logging_mixin.py:188} INFO - [2026-05-28T13:43:14.052+0000] {dag.py:3947} INFO - Setting next_dagrun for minio_to_snowflake_banking to 2026-05-28 13:00:00+00:00, run_after=2026-05-28 13:30:00+00:00
[2026-05-28T13:43:14.057+0000] {processor.py:183} INFO - Processing /opt/airflow/dags/minio_to_snowflake_dag.py took 0.254 seconds
[2026-05-28T13:43:44.274+0000] {processor.py:161} INFO - Started process (PID=131) to work on /opt/airflow/dags/minio_to_snowflake_dag.py
[2026-05-28T13:43:44.275+0000] {processor.py:830} INFO - Processing file /opt/airflow/dags/minio_to_snowflake_dag.py for tasks to queue
[2026-05-28T13:43:44.277+0000] {logging_mixin.py:188} INFO - [2026-05-28T13:43:44.276+0000] {dagbag.py:545} INFO - Filling up the DagBag from /opt/airflow/dags/minio_to_snowflake_dag.py
[2026-05-28T13:43:44.508+0000] {processor.py:840} INFO - DAG(s) 'minio_to_snowflake_banking' retrieved from /opt/airflow/dags/minio_to_snowflake_dag.py
[2026-05-28T13:43:44.515+0000] {logging_mixin.py:188} INFO - [2026-05-28T13:43:44.515+0000] {dag.py:3089} INFO - Sync 1 DAGs
[2026-05-28T13:43:44.521+0000] {logging_mixin.py:188} INFO - [2026-05-28T13:43:44.521+0000] {dag.py:3947} INFO - Setting next_dagrun for minio_to_snowflake_banking to 2026-05-28 13:00:00+00:00, run_after=2026-05-28 13:30:00+00:00
[2026-05-28T13:43:44.526+0000] {processor.py:183} INFO - Processing /opt/airflow/dags/minio_to_snowflake_dag.py took 0.257 seconds
[2026-05-28T13:44:14.678+0000] {processor.py:161} INFO - Started process (PID=135) to work on /opt/airflow/dags/minio_to_snowflake_dag.py
[2026-05-28T13:44:14.678+0000] {processor.py:830} INFO - Processing file /opt/airflow/dags/minio_to_snowflake_dag.py for tasks to queue
[2026-05-28T13:44:14.679+0000] {logging_mixin.py:188} INFO - [2026-05-28T13:44:14.679+0000] {dagbag.py:545} INFO - Filling up the DagBag from /opt/airflow/dags/minio_to_snowflake_dag.py
[2026-05-28T13:44:14.920+0000] {processor.py:840} INFO - DAG(s) 'minio_to_snowflake_banking' retrieved from /opt/airflow/dags/minio_to_snowflake_dag.py
[2026-05-28T13:44:14.929+0000] {logging_mixin.py:188} INFO - [2026-05-28T13:44:14.929+0000] {dag.py:3089} INFO - Sync 1 DAGs
[2026-05-28T13:44:14.936+0000] {logging_mixin.py:188} INFO - [2026-05-28T13:44:14.936+0000] {dag.py:3947} INFO - Setting next_dagrun for minio_to_snowflake_banking to 2026-05-28 13:00:00+00:00, run_after=2026-05-28 13:30:00+00:00
[2026-05-28T13:44:14.942+0000] {processor.py:183} INFO - Processing /opt/airflow/dags/minio_to_snowflake_dag.py took 0.267 seconds
[2026-05-28T13:44:45.099+0000] {processor.py:161} INFO - Started process (PID=139) to work on /opt/airflow/dags/minio_to_snowflake_dag.py
[2026-05-28T13:44:45.100+0000] {processor.py:830} INFO - Processing file /opt/airflow/dags/minio_to_snowflake_dag.py for tasks to queue
[2026-05-28T13:44:45.101+0000] {logging_mixin.py:188} INFO - [2026-05-28T13:44:45.101+0000] {dagbag.py:545} INFO - Filling up the DagBag from /opt/airflow/dags/minio_to_snowflake_dag.py
[2026-05-28T13:44:45.337+0000] {processor.py:840} INFO - DAG(s) 'minio_to_snowflake_banking' retrieved from /opt/airflow/dags/minio_to_snowflake_dag.py
[2026-05-28T13:44:45.346+0000] {logging_mixin.py:188} INFO - [2026-05-28T13:44:45.346+0000] {dag.py:3089} INFO - Sync 1 DAGs
[2026-05-28T13:44:45.353+0000] {logging_mixin.py:188} INFO - [2026-05-28T13:44:45.353+0000] {dag.py:3947} INFO - Setting next_dagrun for minio_to_snowflake_banking to 2026-05-28 13:00:00+00:00, run_after=2026-05-28 13:30:00+00:00
[2026-05-28T13:44:45.358+0000] {processor.py:183} INFO - Processing /opt/airflow/dags/minio_to_snowflake_dag.py took 0.262 seconds
[2026-05-28T13:45:15.520+0000] {processor.py:161} INFO - Started process (PID=143) to work on /opt/airflow/dags/minio_to_snowflake_dag.py
[2026-05-28T13:45:15.521+0000] {processor.py:830} INFO - Processing file /opt/airflow/dags/minio_to_snowflake_dag.py for tasks to queue
[2026-05-28T13:45:15.522+0000] {logging_mixin.py:188} INFO - [2026-05-28T13:45:15.521+0000] {dagbag.py:545} INFO - Filling up the DagBag from /opt/airflow/dags/minio_to_snowflake_dag.py
[2026-05-28T13:45:15.755+0000] {processor.py:840} INFO - DAG(s) 'minio_to_snowflake_banking' retrieved from /opt/airflow/dags/minio_to_snowflake_dag.py
[2026-05-28T13:45:15.764+0000] {logging_mixin.py:188} INFO - [2026-05-28T13:45:15.764+0000] {dag.py:3089} INFO - Sync 1 DAGs
[2026-05-28T13:45:15.771+0000] {logging_mixin.py:188} INFO - [2026-05-28T13:45:15.771+0000] {dag.py:3947} INFO - Setting next_dagrun for minio_to_snowflake_banking to 2026-05-28 13:00:00+00:00, run_after=2026-05-28 13:30:00+00:00
[2026-05-28T13:45:15.776+0000] {processor.py:183} INFO - Processing /opt/airflow/dags/minio_to_snowflake_dag.py took 0.259 seconds
[2026-05-28T13:45:45.959+0000] {processor.py:161} INFO - Started process (PID=147) to work on /opt/airflow/dags/minio_to_snowflake_dag.py
[2026-05-28T13:45:45.960+0000] {processor.py:830} INFO - Processing file /opt/airflow/dags/minio_to_snowflake_dag.py for tasks to queue
[2026-05-28T13:45:45.961+0000] {logging_mixin.py:188} INFO - [2026-05-28T13:45:45.961+0000] {dagbag.py:545} INFO - Filling up the DagBag from /opt/airflow/dags/minio_to_snowflake_dag.py
[2026-05-28T13:45:46.194+0000] {processor.py:840} INFO - DAG(s) 'minio_to_snowflake_banking' retrieved from /opt/airflow/dags/minio_to_snowflake_dag.py
[2026-05-28T13:45:46.201+0000] {logging_mixin.py:188} INFO - [2026-05-28T13:45:46.201+0000] {dag.py:3089} INFO - Sync 1 DAGs
[2026-05-28T13:45:46.207+0000] {logging_mixin.py:188} INFO - [2026-05-28T13:45:46.207+0000] {dag.py:3947} INFO - Setting next_dagrun for minio_to_snowflake_banking to 2026-05-28 13:00:00+00:00, run_after=2026-05-28 13:30:00+00:00
[2026-05-28T13:45:46.212+0000] {processor.py:183} INFO - Processing /opt/airflow/dags/minio_to_snowflake_dag.py took 0.255 seconds
[2026-05-28T13:46:16.392+0000] {processor.py:161} INFO - Started process (PID=151) to work on /opt/airflow/dags/minio_to_snowflake_dag.py
[2026-05-28T13:46:16.393+0000] {processor.py:830} INFO - Processing file /opt/airflow/dags/minio_to_snowflake_dag.py for tasks to queue
[2026-05-28T13:46:16.394+0000] {logging_mixin.py:188} INFO - [2026-05-28T13:46:16.394+0000] {dagbag.py:545} INFO - Filling up the DagBag from /opt/airflow/dags/minio_to_snowflake_dag.py
[2026-05-28T13:46:16.627+0000] {processor.py:840} INFO - DAG(s) 'minio_to_snowflake_banking' retrieved from /opt/airflow/dags/minio_to_snowflake_dag.py
[2026-05-28T13:46:16.635+0000] {logging_mixin.py:188} INFO - [2026-05-28T13:46:16.635+0000] {dag.py:3089} INFO - Sync 1 DAGs
[2026-05-28T13:46:16.641+0000] {logging_mixin.py:188} INFO - [2026-05-28T13:46:16.641+0000] {dag.py:3947} INFO - Setting next_dagrun for minio_to_snowflake_banking to 2026-05-28 13:00:00+00:00, run_after=2026-05-28 13:30:00+00:00
[2026-05-28T13:46:16.646+0000] {processor.py:183} INFO - Processing /opt/airflow/dags/minio_to_snowflake_dag.py took 0.259 seconds
[2026-05-28T13:46:46.855+0000] {processor.py:161} INFO - Started process (PID=155) to work on /opt/airflow/dags/minio_to_snowflake_dag.py
[2026-05-28T13:46:46.856+0000] {processor.py:830} INFO - Processing file /opt/airflow/dags/minio_to_snowflake_dag.py for tasks to queue
[2026-05-28T13:46:46.857+0000] {logging_mixin.py:188} INFO - [2026-05-28T13:46:46.857+0000] {dagbag.py:545} INFO - Filling up the DagBag from /opt/airflow/dags/minio_to_snowflake_dag.py
[2026-05-28T13:46:47.092+0000] {processor.py:840} INFO - DAG(s) 'minio_to_snowflake_banking' retrieved from /opt/airflow/dags/minio_to_snowflake_dag.py
[2026-05-28T13:46:47.101+0000] {logging_mixin.py:188} INFO - [2026-05-28T13:46:47.100+0000] {dag.py:3089} INFO - Sync 1 DAGs
[2026-05-28T13:46:47.108+0000] {logging_mixin.py:188} INFO - [2026-05-28T13:46:47.108+0000] {dag.py:3947} INFO - Setting next_dagrun for minio_to_snowflake_banking to 2026-05-28 13:00:00+00:00, run_after=2026-05-28 13:30:00+00:00
[2026-05-28T13:46:47.115+0000] {processor.py:183} INFO - Processing /opt/airflow/dags/minio_to_snowflake_dag.py took 0.264 seconds
[2026-05-28T13:47:17.306+0000] {processor.py:161} INFO - Started process (PID=159) to work on /opt/airflow/dags/minio_to_snowflake_dag.py
[2026-05-28T13:47:17.307+0000] {processor.py:830} INFO - Processing file /opt/airflow/dags/minio_to_snowflake_dag.py for tasks to queue
[2026-05-28T13:47:17.308+0000] {logging_mixin.py:188} INFO - [2026-05-28T13:47:17.307+0000] {dagbag.py:545} INFO - Filling up the DagBag from /opt/airflow/dags/minio_to_snowflake_dag.py
[2026-05-28T13:47:17.556+0000] {processor.py:840} INFO - DAG(s) 'minio_to_snowflake_banking' retrieved from /opt/airflow/dags/minio_to_snowflake_dag.py
[2026-05-28T13:47:17.566+0000] {logging_mixin.py:188} INFO - [2026-05-28T13:47:17.565+0000] {dag.py:3089} INFO - Sync 1 DAGs
[2026-05-28T13:47:17.572+0000] {logging_mixin.py:188} INFO - [2026-05-28T13:47:17.572+0000] {dag.py:3947} INFO - Setting next_dagrun for minio_to_snowflake_banking to 2026-05-28 13:00:00+00:00, run_after=2026-05-28 13:30:00+00:00
[2026-05-28T13:47:17.577+0000] {processor.py:183} INFO - Processing /opt/airflow/dags/minio_to_snowflake_dag.py took 0.273 seconds
[2026-05-28T13:47:47.773+0000] {processor.py:161} INFO - Started process (PID=163) to work on /opt/airflow/dags/minio_to_snowflake_dag.py
[2026-05-28T13:47:47.774+0000] {processor.py:830} INFO - Processing file /opt/airflow/dags/minio_to_snowflake_dag.py for tasks to queue
[2026-05-28T13:47:47.775+0000] {logging_mixin.py:188} INFO - [2026-05-28T13:47:47.775+0000] {dagbag.py:545} INFO - Filling up the DagBag from /opt/airflow/dags/minio_to_snowflake_dag.py
[2026-05-28T13:47:48.001+0000] {processor.py:840} INFO - DAG(s) 'minio_to_snowflake_banking' retrieved from /opt/airflow/dags/minio_to_snowflake_dag.py
[2026-05-28T13:47:48.010+0000] {logging_mixin.py:188} INFO - [2026-05-28T13:47:48.009+0000] {dag.py:3089} INFO - Sync 1 DAGs
[2026-05-28T13:47:48.016+0000] {logging_mixin.py:188} INFO - [2026-05-28T13:47:48.016+0000] {dag.py:3947} INFO - Setting next_dagrun for minio_to_snowflake_banking to 2026-05-28 13:00:00+00:00, run_after=2026-05-28 13:30:00+00:00
[2026-05-28T13:47:48.021+0000] {processor.py:183} INFO - Processing /opt/airflow/dags/minio_to_snowflake_dag.py took 0.253 seconds
[2026-05-28T13:48:18.228+0000] {processor.py:161} INFO - Started process (PID=260) to work on /opt/airflow/dags/minio_to_snowflake_dag.py
[2026-05-28T13:48:18.229+0000] {processor.py:830} INFO - Processing file /opt/airflow/dags/minio_to_snowflake_dag.py for tasks to queue
[2026-05-28T13:48:18.229+0000] {logging_mixin.py:188} INFO - [2026-05-28T13:48:18.229+0000] {dagbag.py:545} INFO - Filling up the DagBag from /opt/airflow/dags/minio_to_snowflake_dag.py
[2026-05-28T13:48:18.496+0000] {processor.py:840} INFO - DAG(s) 'minio_to_snowflake_banking' retrieved from /opt/airflow/dags/minio_to_snowflake_dag.py
[2026-05-28T13:48:18.505+0000] {logging_mixin.py:188} INFO - [2026-05-28T13:48:18.505+0000] {dag.py:3089} INFO - Sync 1 DAGs
[2026-05-28T13:48:18.513+0000] {logging_mixin.py:188} INFO - [2026-05-28T13:48:18.513+0000] {dag.py:3947} INFO - Setting next_dagrun for minio_to_snowflake_banking to 2026-05-28 13:30:00+00:00, run_after=2026-05-28 14:00:00+00:00
[2026-05-28T13:48:18.523+0000] {processor.py:183} INFO - Processing /opt/airflow/dags/minio_to_snowflake_dag.py took 0.297 seconds
[2026-05-28T13:48:48.735+0000] {processor.py:161} INFO - Started process (PID=294) to work on /opt/airflow/dags/minio_to_snowflake_dag.py
[2026-05-28T13:48:48.735+0000] {processor.py:830} INFO - Processing file /opt/airflow/dags/minio_to_snowflake_dag.py for tasks to queue
[2026-05-28T13:48:48.736+0000] {logging_mixin.py:188} INFO - [2026-05-28T13:48:48.736+0000] {dagbag.py:545} INFO - Filling up the DagBag from /opt/airflow/dags/minio_to_snowflake_dag.py
[2026-05-28T13:48:48.979+0000] {processor.py:840} INFO - DAG(s) 'minio_to_snowflake_banking' retrieved from /opt/airflow/dags/minio_to_snowflake_dag.py
[2026-05-28T13:48:48.987+0000] {logging_mixin.py:188} INFO - [2026-05-28T13:48:48.987+0000] {dag.py:3089} INFO - Sync 1 DAGs
[2026-05-28T13:48:48.993+0000] {logging_mixin.py:188} INFO - [2026-05-28T13:48:48.993+0000] {dag.py:3947} INFO - Setting next_dagrun for minio_to_snowflake_banking to 2026-05-28 13:30:00+00:00, run_after=2026-05-28 14:00:00+00:00
[2026-05-28T13:48:48.998+0000] {processor.py:183} INFO - Processing /opt/airflow/dags/minio_to_snowflake_dag.py took 0.267 seconds
[2026-05-28T13:49:19.201+0000] {processor.py:161} INFO - Started process (PID=298) to work on /opt/airflow/dags/minio_to_snowflake_dag.py
[2026-05-28T13:49:19.202+0000] {processor.py:830} INFO - Processing file /opt/airflow/dags/minio_to_snowflake_dag.py for tasks to queue
[2026-05-28T13:49:19.204+0000] {logging_mixin.py:188} INFO - [2026-05-28T13:49:19.203+0000] {dagbag.py:545} INFO - Filling up the DagBag from /opt/airflow/dags/minio_to_snowflake_dag.py
[2026-05-28T13:49:19.460+0000] {processor.py:840} INFO - DAG(s) 'minio_to_snowflake_banking' retrieved from /opt/airflow/dags/minio_to_snowflake_dag.py
[2026-05-28T13:49:19.469+0000] {logging_mixin.py:188} INFO - [2026-05-28T13:49:19.468+0000] {dag.py:3089} INFO - Sync 1 DAGs
[2026-05-28T13:49:19.476+0000] {logging_mixin.py:188} INFO - [2026-05-28T13:49:19.476+0000] {dag.py:3947} INFO - Setting next_dagrun for minio_to_snowflake_banking to 2026-05-28 13:30:00+00:00, run_after=2026-05-28 14:00:00+00:00
[2026-05-28T13:49:19.480+0000] {processor.py:183} INFO - Processing /opt/airflow/dags/minio_to_snowflake_dag.py took 0.285 seconds
[2026-05-28T13:49:49.715+0000] {processor.py:161} INFO - Started process (PID=302) to work on /opt/airflow/dags/minio_to_snowflake_dag.py
[2026-05-28T13:49:49.716+0000] {processor.py:830} INFO - Processing file /opt/airflow/dags/minio_to_snowflake_dag.py for tasks to queue
[2026-05-28T13:49:49.718+0000] {logging_mixin.py:188} INFO - [2026-05-28T13:49:49.718+0000] {dagbag.py:545} INFO - Filling up the DagBag from /opt/airflow/dags/minio_to_snowflake_dag.py
[2026-05-28T13:49:49.945+0000] {processor.py:840} INFO - DAG(s) 'minio_to_snowflake_banking' retrieved from /opt/airflow/dags/minio_to_snowflake_dag.py
[2026-05-28T13:49:49.953+0000] {logging_mixin.py:188} INFO - [2026-05-28T13:49:49.953+0000] {dag.py:3089} INFO - Sync 1 DAGs
[2026-05-28T13:49:49.959+0000] {logging_mixin.py:188} INFO - [2026-05-28T13:49:49.959+0000] {dag.py:3947} INFO - Setting next_dagrun for minio_to_snowflake_banking to 2026-05-28 13:30:00+00:00, run_after=2026-05-28 14:00:00+00:00
[2026-05-28T13:49:49.965+0000] {processor.py:183} INFO - Processing /opt/airflow/dags/minio_to_snowflake_dag.py took 0.255 seconds
[2026-05-28T13:50:20.159+0000] {processor.py:161} INFO - Started process (PID=306) to work on /opt/airflow/dags/minio_to_snowflake_dag.py
[2026-05-28T13:50:20.160+0000] {processor.py:830} INFO - Processing file /opt/airflow/dags/minio_to_snowflake_dag.py for tasks to queue
[2026-05-28T13:50:20.161+0000] {logging_mixin.py:188} INFO - [2026-05-28T13:50:20.161+0000] {dagbag.py:545} INFO - Filling up the DagBag from /opt/airflow/dags/minio_to_snowflake_dag.py
[2026-05-28T13:50:20.392+0000] {processor.py:840} INFO - DAG(s) 'minio_to_snowflake_banking' retrieved from /opt/airflow/dags/minio_to_snowflake_dag.py
[2026-05-28T13:50:20.400+0000] {logging_mixin.py:188} INFO - [2026-05-28T13:50:20.400+0000] {dag.py:3089} INFO - Sync 1 DAGs
[2026-05-28T13:50:20.406+0000] {logging_mixin.py:188} INFO - [2026-05-28T13:50:20.406+0000] {dag.py:3947} INFO - Setting next_dagrun for minio_to_snowflake_banking to 2026-05-28 13:30:00+00:00, run_after=2026-05-28 14:00:00+00:00
[2026-05-28T13:50:20.410+0000] {processor.py:183} INFO - Processing /opt/airflow/dags/minio_to_snowflake_dag.py took 0.257 seconds
[2026-05-28T13:50:50.614+0000] {processor.py:161} INFO - Started process (PID=310) to work on /opt/airflow/dags/minio_to_snowflake_dag.py
[2026-05-28T13:50:50.615+0000] {processor.py:830} INFO - Processing file /opt/airflow/dags/minio_to_snowflake_dag.py for tasks to queue
[2026-05-28T13:50:50.617+0000] {logging_mixin.py:188} INFO - [2026-05-28T13:50:50.617+0000] {dagbag.py:545} INFO - Filling up the DagBag from /opt/airflow/dags/minio_to_snowflake_dag.py
[2026-05-28T13:50:50.872+0000] {processor.py:840} INFO - DAG(s) 'minio_to_snowflake_banking' retrieved from /opt/airflow/dags/minio_to_snowflake_dag.py
[2026-05-28T13:50:50.880+0000] {logging_mixin.py:188} INFO - [2026-05-28T13:50:50.880+0000] {dag.py:3089} INFO - Sync 1 DAGs
[2026-05-28T13:50:50.888+0000] {logging_mixin.py:188} INFO - [2026-05-28T13:50:50.888+0000] {dag.py:3947} INFO - Setting next_dagrun for minio_to_snowflake_banking to 2026-05-28 13:30:00+00:00, run_after=2026-05-28 14:00:00+00:00
[2026-05-28T13:50:50.893+0000] {processor.py:183} INFO - Processing /opt/airflow/dags/minio_to_snowflake_dag.py took 0.286 seconds
[2026-05-28T13:51:21.082+0000] {processor.py:161} INFO - Started process (PID=314) to work on /opt/airflow/dags/minio_to_snowflake_dag.py
[2026-05-28T13:51:21.083+0000] {processor.py:830} INFO - Processing file /opt/airflow/dags/minio_to_snowflake_dag.py for tasks to queue
[2026-05-28T13:51:21.084+0000] {logging_mixin.py:188} INFO - [2026-05-28T13:51:21.084+0000] {dagbag.py:545} INFO - Filling up the DagBag from /opt/airflow/dags/minio_to_snowflake_dag.py
[2026-05-28T13:51:21.311+0000] {processor.py:840} INFO - DAG(s) 'minio_to_snowflake_banking' retrieved from /opt/airflow/dags/minio_to_snowflake_dag.py
[2026-05-28T13:51:21.318+0000] {logging_mixin.py:188} INFO - [2026-05-28T13:51:21.318+0000] {dag.py:3089} INFO - Sync 1 DAGs
[2026-05-28T13:51:21.324+0000] {logging_mixin.py:188} INFO - [2026-05-28T13:51:21.324+0000] {dag.py:3947} INFO - Setting next_dagrun for minio_to_snowflake_banking to 2026-05-28 13:30:00+00:00, run_after=2026-05-28 14:00:00+00:00
[2026-05-28T13:51:21.330+0000] {processor.py:183} INFO - Processing /opt/airflow/dags/minio_to_snowflake_dag.py took 0.253 seconds
[2026-05-28T13:51:51.562+0000] {processor.py:161} INFO - Started process (PID=318) to work on /opt/airflow/dags/minio_to_snowflake_dag.py
[2026-05-28T13:51:51.563+0000] {processor.py:830} INFO - Processing file /opt/airflow/dags/minio_to_snowflake_dag.py for tasks to queue
[2026-05-28T13:51:51.564+0000] {logging_mixin.py:188} INFO - [2026-05-28T13:51:51.564+0000] {dagbag.py:545} INFO - Filling up the DagBag from /opt/airflow/dags/minio_to_snowflake_dag.py
[2026-05-28T13:51:51.796+0000] {processor.py:840} INFO - DAG(s) 'minio_to_snowflake_banking' retrieved from /opt/airflow/dags/minio_to_snowflake_dag.py
[2026-05-28T13:51:51.804+0000] {logging_mixin.py:188} INFO - [2026-05-28T13:51:51.804+0000] {dag.py:3089} INFO - Sync 1 DAGs
[2026-05-28T13:51:51.810+0000] {logging_mixin.py:188} INFO - [2026-05-28T13:51:51.810+0000] {dag.py:3947} INFO - Setting next_dagrun for minio_to_snowflake_banking to 2026-05-28 13:30:00+00:00, run_after=2026-05-28 14:00:00+00:00
[2026-05-28T13:51:51.815+0000] {processor.py:183} INFO - Processing /opt/airflow/dags/minio_to_snowflake_dag.py took 0.259 seconds
[2026-05-28T13:52:21.999+0000] {processor.py:161} INFO - Started process (PID=322) to work on /opt/airflow/dags/minio_to_snowflake_dag.py
[2026-05-28T13:52:21.999+0000] {processor.py:830} INFO - Processing file /opt/airflow/dags/minio_to_snowflake_dag.py for tasks to queue
[2026-05-28T13:52:22.001+0000] {logging_mixin.py:188} INFO - [2026-05-28T13:52:22.001+0000] {dagbag.py:545} INFO - Filling up the DagBag from /opt/airflow/dags/minio_to_snowflake_dag.py
[2026-05-28T13:52:22.229+0000] {processor.py:840} INFO - DAG(s) 'minio_to_snowflake_banking' retrieved from /opt/airflow/dags/minio_to_snowflake_dag.py
[2026-05-28T13:52:22.237+0000] {logging_mixin.py:188} INFO - [2026-05-28T13:52:22.236+0000] {dag.py:3089} INFO - Sync 1 DAGs
[2026-05-28T13:52:22.243+0000] {logging_mixin.py:188} INFO - [2026-05-28T13:52:22.242+0000] {dag.py:3947} INFO - Setting next_dagrun for minio_to_snowflake_banking to 2026-05-28 13:30:00+00:00, run_after=2026-05-28 14:00:00+00:00
[2026-05-28T13:52:22.248+0000] {processor.py:183} INFO - Processing /opt/airflow/dags/minio_to_snowflake_dag.py took 0.254 seconds
[2026-05-28T13:52:52.458+0000] {processor.py:161} INFO - Started process (PID=326) to work on /opt/airflow/dags/minio_to_snowflake_dag.py
[2026-05-28T13:52:52.458+0000] {processor.py:830} INFO - Processing file /opt/airflow/dags/minio_to_snowflake_dag.py for tasks to queue
[2026-05-28T13:52:52.459+0000] {logging_mixin.py:188} INFO - [2026-05-28T13:52:52.459+0000] {dagbag.py:545} INFO - Filling up the DagBag from /opt/airflow/dags/minio_to_snowflake_dag.py
[2026-05-28T13:52:52.680+0000] {processor.py:840} INFO - DAG(s) 'minio_to_snowflake_banking' retrieved from /opt/airflow/dags/minio_to_snowflake_dag.py
[2026-05-28T13:52:52.690+0000] {logging_mixin.py:188} INFO - [2026-05-28T13:52:52.690+0000] {dag.py:3089} INFO - Sync 1 DAGs
[2026-05-28T13:52:52.695+0000] {logging_mixin.py:188} INFO - [2026-05-28T13:52:52.695+0000] {dag.py:3947} INFO - Setting next_dagrun for minio_to_snowflake_banking to 2026-05-28 13:30:00+00:00, run_after=2026-05-28 14:00:00+00:00
[2026-05-28T13:52:52.701+0000] {processor.py:183} INFO - Processing /opt/airflow/dags/minio_to_snowflake_dag.py took 0.247 seconds
[2026-05-28T13:53:22.909+0000] {processor.py:161} INFO - Started process (PID=330) to work on /opt/airflow/dags/minio_to_snowflake_dag.py
[2026-05-28T13:53:22.910+0000] {processor.py:830} INFO - Processing file /opt/airflow/dags/minio_to_snowflake_dag.py for tasks to queue
[2026-05-28T13:53:22.911+0000] {logging_mixin.py:188} INFO - [2026-05-28T13:53:22.911+0000] {dagbag.py:545} INFO - Filling up the DagBag from /opt/airflow/dags/minio_to_snowflake_dag.py
[2026-05-28T13:53:23.140+0000] {processor.py:840} INFO - DAG(s) 'minio_to_snowflake_banking' retrieved from /opt/airflow/dags/minio_to_snowflake_dag.py
[2026-05-28T13:53:23.148+0000] {logging_mixin.py:188} INFO - [2026-05-28T13:53:23.148+0000] {dag.py:3089} INFO - Sync 1 DAGs
[2026-05-28T13:53:23.154+0000] {logging_mixin.py:188} INFO - [2026-05-28T13:53:23.154+0000] {dag.py:3947} INFO - Setting next_dagrun for minio_to_snowflake_banking to 2026-05-28 13:30:00+00:00, run_after=2026-05-28 14:00:00+00:00
[2026-05-28T13:53:23.159+0000] {processor.py:183} INFO - Processing /opt/airflow/dags/minio_to_snowflake_dag.py took 0.256 seconds
[2026-05-28T13:53:53.373+0000] {processor.py:161} INFO - Started process (PID=334) to work on /opt/airflow/dags/minio_to_snowflake_dag.py
[2026-05-28T13:53:53.374+0000] {processor.py:830} INFO - Processing file /opt/airflow/dags/minio_to_snowflake_dag.py for tasks to queue
[2026-05-28T13:53:53.376+0000] {logging_mixin.py:188} INFO - [2026-05-28T13:53:53.376+0000] {dagbag.py:545} INFO - Filling up the DagBag from /opt/airflow/dags/minio_to_snowflake_dag.py
[2026-05-28T13:53:53.602+0000] {processor.py:840} INFO - DAG(s) 'minio_to_snowflake_banking' retrieved from /opt/airflow/dags/minio_to_snowflake_dag.py
[2026-05-28T13:53:53.611+0000] {logging_mixin.py:188} INFO - [2026-05-28T13:53:53.611+0000] {dag.py:3089} INFO - Sync 1 DAGs
[2026-05-28T13:53:53.617+0000] {logging_mixin.py:188} INFO - [2026-05-28T13:53:53.617+0000] {dag.py:3947} INFO - Setting next_dagrun for minio_to_snowflake_banking to 2026-05-28 13:30:00+00:00, run_after=2026-05-28 14:00:00+00:00
[2026-05-28T13:53:53.622+0000] {processor.py:183} INFO - Processing /opt/airflow/dags/minio_to_snowflake_dag.py took 0.255 seconds
[2026-05-28T13:54:23.840+0000] {processor.py:161} INFO - Started process (PID=338) to work on /opt/airflow/dags/minio_to_snowflake_dag.py
[2026-05-28T13:54:23.841+0000] {processor.py:830} INFO - Processing file /opt/airflow/dags/minio_to_snowflake_dag.py for tasks to queue
[2026-05-28T13:54:23.843+0000] {logging_mixin.py:188} INFO - [2026-05-28T13:54:23.842+0000] {dagbag.py:545} INFO - Filling up the DagBag from /opt/airflow/dags/minio_to_snowflake_dag.py
[2026-05-28T13:54:24.069+0000] {processor.py:840} INFO - DAG(s) 'minio_to_snowflake_banking' retrieved from /opt/airflow/dags/minio_to_snowflake_dag.py
[2026-05-28T13:54:24.077+0000] {logging_mixin.py:188} INFO - [2026-05-28T13:54:24.077+0000] {dag.py:3089} INFO - Sync 1 DAGs
[2026-05-28T13:54:24.083+0000] {logging_mixin.py:188} INFO - [2026-05-28T13:54:24.083+0000] {dag.py:3947} INFO - Setting next_dagrun for minio_to_snowflake_banking to 2026-05-28 13:30:00+00:00, run_after=2026-05-28 14:00:00+00:00
[2026-05-28T13:54:24.088+0000] {processor.py:183} INFO - Processing /opt/airflow/dags/minio_to_snowflake_dag.py took 0.253 seconds
[2026-05-28T13:54:54.299+0000] {processor.py:161} INFO - Started process (PID=342) to work on /opt/airflow/dags/minio_to_snowflake_dag.py
[2026-05-28T13:54:54.300+0000] {processor.py:830} INFO - Processing file /opt/airflow/dags/minio_to_snowflake_dag.py for tasks to queue
[2026-05-28T13:54:54.302+0000] {logging_mixin.py:188} INFO - [2026-05-28T13:54:54.302+0000] {dagbag.py:545} INFO - Filling up the DagBag from /opt/airflow/dags/minio_to_snowflake_dag.py
[2026-05-28T13:54:54.540+0000] {processor.py:840} INFO - DAG(s) 'minio_to_snowflake_banking' retrieved from /opt/airflow/dags/minio_to_snowflake_dag.py
[2026-05-28T13:54:54.548+0000] {logging_mixin.py:188} INFO - [2026-05-28T13:54:54.548+0000] {dag.py:3089} INFO - Sync 1 DAGs
[2026-05-28T13:54:54.554+0000] {logging_mixin.py:188} INFO - [2026-05-28T13:54:54.554+0000] {dag.py:3947} INFO - Setting next_dagrun for minio_to_snowflake_banking to 2026-05-28 13:30:00+00:00, run_after=2026-05-28 14:00:00+00:00
[2026-05-28T13:54:54.560+0000] {processor.py:183} INFO - Processing /opt/airflow/dags/minio_to_snowflake_dag.py took 0.266 seconds
[2026-05-28T13:55:24.807+0000] {processor.py:161} INFO - Started process (PID=346) to work on /opt/airflow/dags/minio_to_snowflake_dag.py
[2026-05-28T13:55:24.808+0000] {processor.py:830} INFO - Processing file /opt/airflow/dags/minio_to_snowflake_dag.py for tasks to queue
[2026-05-28T13:55:24.810+0000] {logging_mixin.py:188} INFO - [2026-05-28T13:55:24.809+0000] {dagbag.py:545} INFO - Filling up the DagBag from /opt/airflow/dags/minio_to_snowflake_dag.py
[2026-05-28T13:55:25.053+0000] {processor.py:840} INFO - DAG(s) 'minio_to_snowflake_banking' retrieved from /opt/airflow/dags/minio_to_snowflake_dag.py
[2026-05-28T13:55:25.062+0000] {logging_mixin.py:188} INFO - [2026-05-28T13:55:25.061+0000] {dag.py:3089} INFO - Sync 1 DAGs
[2026-05-28T13:55:25.069+0000] {logging_mixin.py:188} INFO - [2026-05-28T13:55:25.069+0000] {dag.py:3947} INFO - Setting next_dagrun for minio_to_snowflake_banking to 2026-05-28 13:30:00+00:00, run_after=2026-05-28 14:00:00+00:00
[2026-05-28T13:55:25.074+0000] {processor.py:183} INFO - Processing /opt/airflow/dags/minio_to_snowflake_dag.py took 0.271 seconds
[2026-05-28T13:55:55.297+0000] {processor.py:161} INFO - Started process (PID=350) to work on /opt/airflow/dags/minio_to_snowflake_dag.py
[2026-05-28T13:55:55.298+0000] {processor.py:830} INFO - Processing file /opt/airflow/dags/minio_to_snowflake_dag.py for tasks to queue
[2026-05-28T13:55:55.299+0000] {logging_mixin.py:188} INFO - [2026-05-28T13:55:55.299+0000] {dagbag.py:545} INFO - Filling up the DagBag from /opt/airflow/dags/minio_to_snowflake_dag.py
[2026-05-28T13:55:55.530+0000] {processor.py:840} INFO - DAG(s) 'minio_to_snowflake_banking' retrieved from /opt/airflow/dags/minio_to_snowflake_dag.py
[2026-05-28T13:55:55.537+0000] {logging_mixin.py:188} INFO - [2026-05-28T13:55:55.537+0000] {dag.py:3089} INFO - Sync 1 DAGs
[2026-05-28T13:55:55.543+0000] {logging_mixin.py:188} INFO - [2026-05-28T13:55:55.543+0000] {dag.py:3947} INFO - Setting next_dagrun for minio_to_snowflake_banking to 2026-05-28 13:30:00+00:00, run_after=2026-05-28 14:00:00+00:00
[2026-05-28T13:55:55.548+0000] {processor.py:183} INFO - Processing /opt/airflow/dags/minio_to_snowflake_dag.py took 0.255 seconds
[2026-05-28T13:56:25.734+0000] {processor.py:161} INFO - Started process (PID=354) to work on /opt/airflow/dags/minio_to_snowflake_dag.py
[2026-05-28T13:56:25.734+0000] {processor.py:830} INFO - Processing file /opt/airflow/dags/minio_to_snowflake_dag.py for tasks to queue
[2026-05-28T13:56:25.736+0000] {logging_mixin.py:188} INFO - [2026-05-28T13:56:25.735+0000] {dagbag.py:545} INFO - Filling up the DagBag from /opt/airflow/dags/minio_to_snowflake_dag.py
[2026-05-28T13:56:25.967+0000] {processor.py:840} INFO - DAG(s) 'minio_to_snowflake_banking' retrieved from /opt/airflow/dags/minio_to_snowflake_dag.py
[2026-05-28T13:56:25.975+0000] {logging_mixin.py:188} INFO - [2026-05-28T13:56:25.975+0000] {dag.py:3089} INFO - Sync 1 DAGs
[2026-05-28T13:56:25.981+0000] {logging_mixin.py:188} INFO - [2026-05-28T13:56:25.981+0000] {dag.py:3947} INFO - Setting next_dagrun for minio_to_snowflake_banking to 2026-05-28 13:30:00+00:00, run_after=2026-05-28 14:00:00+00:00
[2026-05-28T13:56:25.986+0000] {processor.py:183} INFO - Processing /opt/airflow/dags/minio_to_snowflake_dag.py took 0.256 seconds
[2026-05-28T13:56:56.178+0000] {processor.py:161} INFO - Started process (PID=358) to work on /opt/airflow/dags/minio_to_snowflake_dag.py
[2026-05-28T13:56:56.179+0000] {processor.py:830} INFO - Processing file /opt/airflow/dags/minio_to_snowflake_dag.py for tasks to queue
[2026-05-28T13:56:56.180+0000] {logging_mixin.py:188} INFO - [2026-05-28T13:56:56.180+0000] {dagbag.py:545} INFO - Filling up the DagBag from /opt/airflow/dags/minio_to_snowflake_dag.py
[2026-05-28T13:56:56.414+0000] {processor.py:840} INFO - DAG(s) 'minio_to_snowflake_banking' retrieved from /opt/airflow/dags/minio_to_snowflake_dag.py
[2026-05-28T13:56:56.422+0000] {logging_mixin.py:188} INFO - [2026-05-28T13:56:56.421+0000] {dag.py:3089} INFO - Sync 1 DAGs
[2026-05-28T13:56:56.428+0000] {logging_mixin.py:188} INFO - [2026-05-28T13:56:56.427+0000] {dag.py:3947} INFO - Setting next_dagrun for minio_to_snowflake_banking to 2026-05-28 13:30:00+00:00, run_after=2026-05-28 14:00:00+00:00
[2026-05-28T13:56:56.434+0000] {processor.py:183} INFO - Processing /opt/airflow/dags/minio_to_snowflake_dag.py took 0.261 seconds
[2026-05-28T13:57:26.628+0000] {processor.py:161} INFO - Started process (PID=430) to work on /opt/airflow/dags/minio_to_snowflake_dag.py
[2026-05-28T13:57:26.629+0000] {processor.py:830} INFO - Processing file /opt/airflow/dags/minio_to_snowflake_dag.py for tasks to queue
[2026-05-28T13:57:26.630+0000] {logging_mixin.py:188} INFO - [2026-05-28T13:57:26.630+0000] {dagbag.py:545} INFO - Filling up the DagBag from /opt/airflow/dags/minio_to_snowflake_dag.py
[2026-05-28T13:57:26.860+0000] {processor.py:840} INFO - DAG(s) 'minio_to_snowflake_banking' retrieved from /opt/airflow/dags/minio_to_snowflake_dag.py
[2026-05-28T13:57:26.868+0000] {logging_mixin.py:188} INFO - [2026-05-28T13:57:26.868+0000] {dag.py:3089} INFO - Sync 1 DAGs
[2026-05-28T13:57:26.874+0000] {logging_mixin.py:188} INFO - [2026-05-28T13:57:26.874+0000] {dag.py:3947} INFO - Setting next_dagrun for minio_to_snowflake_banking to 2026-05-28 13:30:00+00:00, run_after=2026-05-28 14:00:00+00:00
[2026-05-28T13:57:26.880+0000] {processor.py:183} INFO - Processing /opt/airflow/dags/minio_to_snowflake_dag.py took 0.254 seconds
[2026-05-28T13:57:57.069+0000] {processor.py:161} INFO - Started process (PID=434) to work on /opt/airflow/dags/minio_to_snowflake_dag.py
[2026-05-28T13:57:57.069+0000] {processor.py:830} INFO - Processing file /opt/airflow/dags/minio_to_snowflake_dag.py for tasks to queue
[2026-05-28T13:57:57.071+0000] {logging_mixin.py:188} INFO - [2026-05-28T13:57:57.071+0000] {dagbag.py:545} INFO - Filling up the DagBag from /opt/airflow/dags/minio_to_snowflake_dag.py
[2026-05-28T13:57:57.312+0000] {processor.py:840} INFO - DAG(s) 'minio_to_snowflake_banking' retrieved from /opt/airflow/dags/minio_to_snowflake_dag.py
[2026-05-28T13:57:57.321+0000] {logging_mixin.py:188} INFO - [2026-05-28T13:57:57.321+0000] {dag.py:3089} INFO - Sync 1 DAGs
[2026-05-28T13:57:57.329+0000] {logging_mixin.py:188} INFO - [2026-05-28T13:57:57.329+0000] {dag.py:3947} INFO - Setting next_dagrun for minio_to_snowflake_banking to 2026-05-28 13:30:00+00:00, run_after=2026-05-28 14:00:00+00:00
[2026-05-28T13:57:57.335+0000] {processor.py:183} INFO - Processing /opt/airflow/dags/minio_to_snowflake_dag.py took 0.271 seconds
[2026-05-28T13:58:27.564+0000] {processor.py:161} INFO - Started process (PID=438) to work on /opt/airflow/dags/minio_to_snowflake_dag.py
[2026-05-28T13:58:27.565+0000] {processor.py:830} INFO - Processing file /opt/airflow/dags/minio_to_snowflake_dag.py for tasks to queue
[2026-05-28T13:58:27.567+0000] {logging_mixin.py:188} INFO - [2026-05-28T13:58:27.567+0000] {dagbag.py:545} INFO - Filling up the DagBag from /opt/airflow/dags/minio_to_snowflake_dag.py
[2026-05-28T13:58:27.836+0000] {processor.py:840} INFO - DAG(s) 'minio_to_snowflake_banking' retrieved from /opt/airflow/dags/minio_to_snowflake_dag.py
[2026-05-28T13:58:27.844+0000] {logging_mixin.py:188} INFO - [2026-05-28T13:58:27.844+0000] {dag.py:3089} INFO - Sync 1 DAGs
[2026-05-28T13:58:27.852+0000] {logging_mixin.py:188} INFO - [2026-05-28T13:58:27.852+0000] {dag.py:3947} INFO - Setting next_dagrun for minio_to_snowflake_banking to 2026-05-28 13:30:00+00:00, run_after=2026-05-28 14:00:00+00:00
[2026-05-28T13:58:27.858+0000] {processor.py:183} INFO - Processing /opt/airflow/dags/minio_to_snowflake_dag.py took 0.300 seconds
[2026-05-28T13:58:58.060+0000] {processor.py:161} INFO - Started process (PID=442) to work on /opt/airflow/dags/minio_to_snowflake_dag.py
[2026-05-28T13:58:58.061+0000] {processor.py:830} INFO - Processing file /opt/airflow/dags/minio_to_snowflake_dag.py for tasks to queue
[2026-05-28T13:58:58.063+0000] {logging_mixin.py:188} INFO - [2026-05-28T13:58:58.062+0000] {dagbag.py:545} INFO - Filling up the DagBag from /opt/airflow/dags/minio_to_snowflake_dag.py
[2026-05-28T13:58:58.297+0000] {processor.py:840} INFO - DAG(s) 'minio_to_snowflake_banking' retrieved from /opt/airflow/dags/minio_to_snowflake_dag.py
[2026-05-28T13:58:58.306+0000] {logging_mixin.py:188} INFO - [2026-05-28T13:58:58.306+0000] {dag.py:3089} INFO - Sync 1 DAGs
[2026-05-28T13:58:58.312+0000] {logging_mixin.py:188} INFO - [2026-05-28T13:58:58.312+0000] {dag.py:3947} INFO - Setting next_dagrun for minio_to_snowflake_banking to 2026-05-28 13:30:00+00:00, run_after=2026-05-28 14:00:00+00:00
[2026-05-28T13:58:58.317+0000] {processor.py:183} INFO - Processing /opt/airflow/dags/minio_to_snowflake_dag.py took 0.261 seconds
[2026-05-28T13:59:28.556+0000] {processor.py:161} INFO - Started process (PID=446) to work on /opt/airflow/dags/minio_to_snowflake_dag.py
[2026-05-28T13:59:28.557+0000] {processor.py:830} INFO - Processing file /opt/airflow/dags/minio_to_snowflake_dag.py for tasks to queue
[2026-05-28T13:59:28.558+0000] {logging_mixin.py:188} INFO - [2026-05-28T13:59:28.558+0000] {dagbag.py:545} INFO - Filling up the DagBag from /opt/airflow/dags/minio_to_snowflake_dag.py
[2026-05-28T13:59:28.790+0000] {processor.py:840} INFO - DAG(s) 'minio_to_snowflake_banking' retrieved from /opt/airflow/dags/minio_to_snowflake_dag.py
[2026-05-28T13:59:28.798+0000] {logging_mixin.py:188} INFO - [2026-05-28T13:59:28.797+0000] {dag.py:3089} INFO - Sync 1 DAGs
[2026-05-28T13:59:28.804+0000] {logging_mixin.py:188} INFO - [2026-05-28T13:59:28.804+0000] {dag.py:3947} INFO - Setting next_dagrun for minio_to_snowflake_banking to 2026-05-28 13:30:00+00:00, run_after=2026-05-28 14:00:00+00:00
[2026-05-28T13:59:28.809+0000] {processor.py:183} INFO - Processing /opt/airflow/dags/minio_to_snowflake_dag.py took 0.256 seconds
[2026-05-28T13:59:59.008+0000] {processor.py:161} INFO - Started process (PID=450) to work on /opt/airflow/dags/minio_to_snowflake_dag.py
[2026-05-28T13:59:59.009+0000] {processor.py:830} INFO - Processing file /opt/airflow/dags/minio_to_snowflake_dag.py for tasks to queue
[2026-05-28T13:59:59.010+0000] {logging_mixin.py:188} INFO - [2026-05-28T13:59:59.010+0000] {dagbag.py:545} INFO - Filling up the DagBag from /opt/airflow/dags/minio_to_snowflake_dag.py
[2026-05-28T13:59:59.241+0000] {processor.py:840} INFO - DAG(s) 'minio_to_snowflake_banking' retrieved from /opt/airflow/dags/minio_to_snowflake_dag.py
[2026-05-28T13:59:59.249+0000] {logging_mixin.py:188} INFO - [2026-05-28T13:59:59.249+0000] {dag.py:3089} INFO - Sync 1 DAGs
[2026-05-28T13:59:59.255+0000] {logging_mixin.py:188} INFO - [2026-05-28T13:59:59.255+0000] {dag.py:3947} INFO - Setting next_dagrun for minio_to_snowflake_banking to 2026-05-28 13:30:00+00:00, run_after=2026-05-28 14:00:00+00:00
[2026-05-28T13:59:59.261+0000] {processor.py:183} INFO - Processing /opt/airflow/dags/minio_to_snowflake_dag.py took 0.255 seconds
[2026-05-28T14:00:29.459+0000] {processor.py:161} INFO - Started process (PID=454) to work on /opt/airflow/dags/minio_to_snowflake_dag.py
[2026-05-28T14:00:29.460+0000] {processor.py:830} INFO - Processing file /opt/airflow/dags/minio_to_snowflake_dag.py for tasks to queue
[2026-05-28T14:00:29.461+0000] {logging_mixin.py:188} INFO - [2026-05-28T14:00:29.461+0000] {dagbag.py:545} INFO - Filling up the DagBag from /opt/airflow/dags/minio_to_snowflake_dag.py
[2026-05-28T14:00:29.709+0000] {processor.py:840} INFO - DAG(s) 'minio_to_snowflake_banking' retrieved from /opt/airflow/dags/minio_to_snowflake_dag.py
[2026-05-28T14:00:29.718+0000] {logging_mixin.py:188} INFO - [2026-05-28T14:00:29.718+0000] {dag.py:3089} INFO - Sync 1 DAGs
[2026-05-28T14:00:29.724+0000] {logging_mixin.py:188} INFO - [2026-05-28T14:00:29.724+0000] {dag.py:3947} INFO - Setting next_dagrun for minio_to_snowflake_banking to 2026-05-28 13:30:00+00:00, run_after=2026-05-28 14:00:00+00:00
[2026-05-28T14:00:29.729+0000] {processor.py:183} INFO - Processing /opt/airflow/dags/minio_to_snowflake_dag.py took 0.274 seconds
[2026-05-28T14:00:59.939+0000] {processor.py:161} INFO - Started process (PID=458) to work on /opt/airflow/dags/minio_to_snowflake_dag.py
[2026-05-28T14:00:59.940+0000] {processor.py:830} INFO - Processing file /opt/airflow/dags/minio_to_snowflake_dag.py for tasks to queue
[2026-05-28T14:00:59.941+0000] {logging_mixin.py:188} INFO - [2026-05-28T14:00:59.941+0000] {dagbag.py:545} INFO - Filling up the DagBag from /opt/airflow/dags/minio_to_snowflake_dag.py
[2026-05-28T14:01:00.169+0000] {processor.py:840} INFO - DAG(s) 'minio_to_snowflake_banking' retrieved from /opt/airflow/dags/minio_to_snowflake_dag.py
[2026-05-28T14:01:00.177+0000] {logging_mixin.py:188} INFO - [2026-05-28T14:01:00.177+0000] {dag.py:3089} INFO - Sync 1 DAGs
[2026-05-28T14:01:00.183+0000] {logging_mixin.py:188} INFO - [2026-05-28T14:01:00.183+0000] {dag.py:3947} INFO - Setting next_dagrun for minio_to_snowflake_banking to 2026-05-28 13:30:00+00:00, run_after=2026-05-28 14:00:00+00:00
[2026-05-28T14:01:00.189+0000] {processor.py:183} INFO - Processing /opt/airflow/dags/minio_to_snowflake_dag.py took 0.252 seconds
[2026-05-28T14:01:30.404+0000] {processor.py:161} INFO - Started process (PID=462) to work on /opt/airflow/dags/minio_to_snowflake_dag.py
[2026-05-28T14:01:30.405+0000] {processor.py:830} INFO - Processing file /opt/airflow/dags/minio_to_snowflake_dag.py for tasks to queue
[2026-05-28T14:01:30.406+0000] {logging_mixin.py:188} INFO - [2026-05-28T14:01:30.406+0000] {dagbag.py:545} INFO - Filling up the DagBag from /opt/airflow/dags/minio_to_snowflake_dag.py
[2026-05-28T14:01:30.637+0000] {processor.py:840} INFO - DAG(s) 'minio_to_snowflake_banking' retrieved from /opt/airflow/dags/minio_to_snowflake_dag.py
[2026-05-28T14:01:30.645+0000] {logging_mixin.py:188} INFO - [2026-05-28T14:01:30.645+0000] {dag.py:3089} INFO - Sync 1 DAGs
[2026-05-28T14:01:30.650+0000] {logging_mixin.py:188} INFO - [2026-05-28T14:01:30.650+0000] {dag.py:3947} INFO - Setting next_dagrun for minio_to_snowflake_banking to 2026-05-28 13:30:00+00:00, run_after=2026-05-28 14:00:00+00:00
[2026-05-28T14:01:30.656+0000] {processor.py:183} INFO - Processing /opt/airflow/dags/minio_to_snowflake_dag.py took 0.258 seconds
[2026-05-28T14:02:00.891+0000] {processor.py:161} INFO - Started process (PID=466) to work on /opt/airflow/dags/minio_to_snowflake_dag.py
[2026-05-28T14:02:00.891+0000] {processor.py:830} INFO - Processing file /opt/airflow/dags/minio_to_snowflake_dag.py for tasks to queue
[2026-05-28T14:02:00.893+0000] {logging_mixin.py:188} INFO - [2026-05-28T14:02:00.892+0000] {dagbag.py:545} INFO - Filling up the DagBag from /opt/airflow/dags/minio_to_snowflake_dag.py
[2026-05-28T14:02:01.156+0000] {processor.py:840} INFO - DAG(s) 'minio_to_snowflake_banking' retrieved from /opt/airflow/dags/minio_to_snowflake_dag.py
[2026-05-28T14:02:01.166+0000] {logging_mixin.py:188} INFO - [2026-05-28T14:02:01.166+0000] {dag.py:3089} INFO - Sync 1 DAGs
[2026-05-28T14:02:01.173+0000] {logging_mixin.py:188} INFO - [2026-05-28T14:02:01.173+0000] {dag.py:3947} INFO - Setting next_dagrun for minio_to_snowflake_banking to 2026-05-28 13:30:00+00:00, run_after=2026-05-28 14:00:00+00:00
[2026-05-28T14:02:01.179+0000] {processor.py:183} INFO - Processing /opt/airflow/dags/minio_to_snowflake_dag.py took 0.293 seconds
[2026-05-28T14:02:31.447+0000] {processor.py:161} INFO - Started process (PID=470) to work on /opt/airflow/dags/minio_to_snowflake_dag.py
[2026-05-28T14:02:31.448+0000] {processor.py:830} INFO - Processing file /opt/airflow/dags/minio_to_snowflake_dag.py for tasks to queue
[2026-05-28T14:02:31.449+0000] {logging_mixin.py:188} INFO - [2026-05-28T14:02:31.449+0000] {dagbag.py:545} INFO - Filling up the DagBag from /opt/airflow/dags/minio_to_snowflake_dag.py
[2026-05-28T14:02:31.683+0000] {processor.py:840} INFO - DAG(s) 'minio_to_snowflake_banking' retrieved from /opt/airflow/dags/minio_to_snowflake_dag.py
[2026-05-28T14:02:31.692+0000] {logging_mixin.py:188} INFO - [2026-05-28T14:02:31.692+0000] {dag.py:3089} INFO - Sync 1 DAGs
[2026-05-28T14:02:31.698+0000] {logging_mixin.py:188} INFO - [2026-05-28T14:02:31.698+0000] {dag.py:3947} INFO - Setting next_dagrun for minio_to_snowflake_banking to 2026-05-28 13:30:00+00:00, run_after=2026-05-28 14:00:00+00:00
[2026-05-28T14:02:31.703+0000] {processor.py:183} INFO - Processing /opt/airflow/dags/minio_to_snowflake_dag.py took 0.262 seconds
[2026-05-28T14:03:01.947+0000] {processor.py:161} INFO - Started process (PID=474) to work on /opt/airflow/dags/minio_to_snowflake_dag.py
[2026-05-28T14:03:01.948+0000] {processor.py:830} INFO - Processing file /opt/airflow/dags/minio_to_snowflake_dag.py for tasks to queue
[2026-05-28T14:03:01.949+0000] {logging_mixin.py:188} INFO - [2026-05-28T14:03:01.949+0000] {dagbag.py:545} INFO - Filling up the DagBag from /opt/airflow/dags/minio_to_snowflake_dag.py
[2026-05-28T14:03:02.186+0000] {processor.py:840} INFO - DAG(s) 'minio_to_snowflake_banking' retrieved from /opt/airflow/dags/minio_to_snowflake_dag.py
[2026-05-28T14:03:02.195+0000] {logging_mixin.py:188} INFO - [2026-05-28T14:03:02.195+0000] {dag.py:3089} INFO - Sync 1 DAGs
[2026-05-28T14:03:02.201+0000] {logging_mixin.py:188} INFO - [2026-05-28T14:03:02.201+0000] {dag.py:3947} INFO - Setting next_dagrun for minio_to_snowflake_banking to 2026-05-28 13:30:00+00:00, run_after=2026-05-28 14:00:00+00:00
[2026-05-28T14:03:02.206+0000] {processor.py:183} INFO - Processing /opt/airflow/dags/minio_to_snowflake_dag.py took 0.264 seconds
[2026-05-28T14:03:32.426+0000] {processor.py:161} INFO - Started process (PID=478) to work on /opt/airflow/dags/minio_to_snowflake_dag.py
[2026-05-28T14:03:32.427+0000] {processor.py:830} INFO - Processing file /opt/airflow/dags/minio_to_snowflake_dag.py for tasks to queue
[2026-05-28T14:03:32.428+0000] {logging_mixin.py:188} INFO - [2026-05-28T14:03:32.428+0000] {dagbag.py:545} INFO - Filling up the DagBag from /opt/airflow/dags/minio_to_snowflake_dag.py
[2026-05-28T14:03:32.653+0000] {processor.py:840} INFO - DAG(s) 'minio_to_snowflake_banking' retrieved from /opt/airflow/dags/minio_to_snowflake_dag.py
[2026-05-28T14:03:32.661+0000] {logging_mixin.py:188} INFO - [2026-05-28T14:03:32.661+0000] {dag.py:3089} INFO - Sync 1 DAGs
[2026-05-28T14:03:32.667+0000] {logging_mixin.py:188} INFO - [2026-05-28T14:03:32.667+0000] {dag.py:3947} INFO - Setting next_dagrun for minio_to_snowflake_banking to 2026-05-28 13:30:00+00:00, run_after=2026-05-28 14:00:00+00:00
[2026-05-28T14:03:32.673+0000] {processor.py:183} INFO - Processing /opt/airflow/dags/minio_to_snowflake_dag.py took 0.250 seconds
[2026-05-28T14:04:02.888+0000] {processor.py:161} INFO - Started process (PID=482) to work on /opt/airflow/dags/minio_to_snowflake_dag.py
[2026-05-28T14:04:02.889+0000] {processor.py:830} INFO - Processing file /opt/airflow/dags/minio_to_snowflake_dag.py for tasks to queue
[2026-05-28T14:04:02.891+0000] {logging_mixin.py:188} INFO - [2026-05-28T14:04:02.891+0000] {dagbag.py:545} INFO - Filling up the DagBag from /opt/airflow/dags/minio_to_snowflake_dag.py
[2026-05-28T14:04:03.120+0000] {processor.py:840} INFO - DAG(s) 'minio_to_snowflake_banking' retrieved from /opt/airflow/dags/minio_to_snowflake_dag.py
[2026-05-28T14:04:03.128+0000] {logging_mixin.py:188} INFO - [2026-05-28T14:04:03.128+0000] {dag.py:3089} INFO - Sync 1 DAGs
[2026-05-28T14:04:03.134+0000] {logging_mixin.py:188} INFO - [2026-05-28T14:04:03.134+0000] {dag.py:3947} INFO - Setting next_dagrun for minio_to_snowflake_banking to 2026-05-28 13:30:00+00:00, run_after=2026-05-28 14:00:00+00:00
[2026-05-28T14:04:03.139+0000] {processor.py:183} INFO - Processing /opt/airflow/dags/minio_to_snowflake_dag.py took 0.257 seconds
[2026-05-28T14:04:33.354+0000] {processor.py:161} INFO - Started process (PID=486) to work on /opt/airflow/dags/minio_to_snowflake_dag.py
[2026-05-28T14:04:33.354+0000] {processor.py:830} INFO - Processing file /opt/airflow/dags/minio_to_snowflake_dag.py for tasks to queue
[2026-05-28T14:04:33.356+0000] {logging_mixin.py:188} INFO - [2026-05-28T14:04:33.355+0000] {dagbag.py:545} INFO - Filling up the DagBag from /opt/airflow/dags/minio_to_snowflake_dag.py
[2026-05-28T14:04:33.596+0000] {processor.py:840} INFO - DAG(s) 'minio_to_snowflake_banking' retrieved from /opt/airflow/dags/minio_to_snowflake_dag.py
[2026-05-28T14:04:33.604+0000] {logging_mixin.py:188} INFO - [2026-05-28T14:04:33.603+0000] {dag.py:3089} INFO - Sync 1 DAGs
[2026-05-28T14:04:33.610+0000] {logging_mixin.py:188} INFO - [2026-05-28T14:04:33.610+0000] {dag.py:3947} INFO - Setting next_dagrun for minio_to_snowflake_banking to 2026-05-28 13:30:00+00:00, run_after=2026-05-28 14:00:00+00:00
[2026-05-28T14:04:33.614+0000] {processor.py:183} INFO - Processing /opt/airflow/dags/minio_to_snowflake_dag.py took 0.265 seconds
[2026-05-28T14:05:03.830+0000] {processor.py:161} INFO - Started process (PID=490) to work on /opt/airflow/dags/minio_to_snowflake_dag.py
[2026-05-28T14:05:03.831+0000] {processor.py:830} INFO - Processing file /opt/airflow/dags/minio_to_snowflake_dag.py for tasks to queue
[2026-05-28T14:05:03.832+0000] {logging_mixin.py:188} INFO - [2026-05-28T14:05:03.832+0000] {dagbag.py:545} INFO - Filling up the DagBag from /opt/airflow/dags/minio_to_snowflake_dag.py
[2026-05-28T14:05:04.059+0000] {processor.py:840} INFO - DAG(s) 'minio_to_snowflake_banking' retrieved from /opt/airflow/dags/minio_to_snowflake_dag.py
[2026-05-28T14:05:04.067+0000] {logging_mixin.py:188} INFO - [2026-05-28T14:05:04.067+0000] {dag.py:3089} INFO - Sync 1 DAGs
[2026-05-28T14:05:04.073+0000] {logging_mixin.py:188} INFO - [2026-05-28T14:05:04.073+0000] {dag.py:3947} INFO - Setting next_dagrun for minio_to_snowflake_banking to 2026-05-28 13:30:00+00:00, run_after=2026-05-28 14:00:00+00:00
[2026-05-28T14:05:04.078+0000] {processor.py:183} INFO - Processing /opt/airflow/dags/minio_to_snowflake_dag.py took 0.254 seconds
[2026-05-28T14:05:34.302+0000] {processor.py:161} INFO - Started process (PID=494) to work on /opt/airflow/dags/minio_to_snowflake_dag.py
[2026-05-28T14:05:34.303+0000] {processor.py:830} INFO - Processing file /opt/airflow/dags/minio_to_snowflake_dag.py for tasks to queue
[2026-05-28T14:05:34.304+0000] {logging_mixin.py:188} INFO - [2026-05-28T14:05:34.304+0000] {dagbag.py:545} INFO - Filling up the DagBag from /opt/airflow/dags/minio_to_snowflake_dag.py
[2026-05-28T14:05:34.532+0000] {processor.py:840} INFO - DAG(s) 'minio_to_snowflake_banking' retrieved from /opt/airflow/dags/minio_to_snowflake_dag.py
[2026-05-28T14:05:34.540+0000] {logging_mixin.py:188} INFO - [2026-05-28T14:05:34.539+0000] {dag.py:3089} INFO - Sync 1 DAGs
[2026-05-28T14:05:34.545+0000] {logging_mixin.py:188} INFO - [2026-05-28T14:05:34.545+0000] {dag.py:3947} INFO - Setting next_dagrun for minio_to_snowflake_banking to 2026-05-28 13:30:00+00:00, run_after=2026-05-28 14:00:00+00:00
[2026-05-28T14:05:34.550+0000] {processor.py:183} INFO - Processing /opt/airflow/dags/minio_to_snowflake_dag.py took 0.253 seconds
[2026-05-28T14:06:04.777+0000] {processor.py:161} INFO - Started process (PID=498) to work on /opt/airflow/dags/minio_to_snowflake_dag.py
[2026-05-28T14:06:04.778+0000] {processor.py:830} INFO - Processing file /opt/airflow/dags/minio_to_snowflake_dag.py for tasks to queue
[2026-05-28T14:06:04.780+0000] {logging_mixin.py:188} INFO - [2026-05-28T14:06:04.779+0000] {dagbag.py:545} INFO - Filling up the DagBag from /opt/airflow/dags/minio_to_snowflake_dag.py
[2026-05-28T14:06:05.022+0000] {processor.py:840} INFO - DAG(s) 'minio_to_snowflake_banking' retrieved from /opt/airflow/dags/minio_to_snowflake_dag.py
[2026-05-28T14:06:05.030+0000] {logging_mixin.py:188} INFO - [2026-05-28T14:06:05.030+0000] {dag.py:3089} INFO - Sync 1 DAGs
[2026-05-28T14:06:05.037+0000] {logging_mixin.py:188} INFO - [2026-05-28T14:06:05.037+0000] {dag.py:3947} INFO - Setting next_dagrun for minio_to_snowflake_banking to 2026-05-28 13:30:00+00:00, run_after=2026-05-28 14:00:00+00:00
[2026-05-28T14:06:05.042+0000] {processor.py:183} INFO - Processing /opt/airflow/dags/minio_to_snowflake_dag.py took 0.270 seconds
[2026-05-28T14:06:35.260+0000] {processor.py:161} INFO - Started process (PID=502) to work on /opt/airflow/dags/minio_to_snowflake_dag.py
[2026-05-28T14:06:35.261+0000] {processor.py:830} INFO - Processing file /opt/airflow/dags/minio_to_snowflake_dag.py for tasks to queue
[2026-05-28T14:06:35.262+0000] {logging_mixin.py:188} INFO - [2026-05-28T14:06:35.261+0000] {dagbag.py:545} INFO - Filling up the DagBag from /opt/airflow/dags/minio_to_snowflake_dag.py
[2026-05-28T14:06:35.493+0000] {processor.py:840} INFO - DAG(s) 'minio_to_snowflake_banking' retrieved from /opt/airflow/dags/minio_to_snowflake_dag.py
[2026-05-28T14:06:35.501+0000] {logging_mixin.py:188} INFO - [2026-05-28T14:06:35.501+0000] {dag.py:3089} INFO - Sync 1 DAGs
[2026-05-28T14:06:35.508+0000] {logging_mixin.py:188} INFO - [2026-05-28T14:06:35.508+0000] {dag.py:3947} INFO - Setting next_dagrun for minio_to_snowflake_banking to 2026-05-28 13:30:00+00:00, run_after=2026-05-28 14:00:00+00:00
[2026-05-28T14:06:35.513+0000] {processor.py:183} INFO - Processing /opt/airflow/dags/minio_to_snowflake_dag.py took 0.258 seconds
[2026-05-28T14:07:05.745+0000] {processor.py:161} INFO - Started process (PID=506) to work on /opt/airflow/dags/minio_to_snowflake_dag.py
[2026-05-28T14:07:05.747+0000] {processor.py:830} INFO - Processing file /opt/airflow/dags/minio_to_snowflake_dag.py for tasks to queue
[2026-05-28T14:07:05.748+0000] {logging_mixin.py:188} INFO - [2026-05-28T14:07:05.748+0000] {dagbag.py:545} INFO - Filling up the DagBag from /opt/airflow/dags/minio_to_snowflake_dag.py
[2026-05-28T14:07:05.996+0000] {processor.py:840} INFO - DAG(s) 'minio_to_snowflake_banking' retrieved from /opt/airflow/dags/minio_to_snowflake_dag.py
[2026-05-28T14:07:06.006+0000] {logging_mixin.py:188} INFO - [2026-05-28T14:07:06.006+0000] {dag.py:3089} INFO - Sync 1 DAGs
[2026-05-28T14:07:06.013+0000] {logging_mixin.py:188} INFO - [2026-05-28T14:07:06.013+0000] {dag.py:3947} INFO - Setting next_dagrun for minio_to_snowflake_banking to 2026-05-28 13:30:00+00:00, run_after=2026-05-28 14:00:00+00:00
[2026-05-28T14:07:06.018+0000] {processor.py:183} INFO - Processing /opt/airflow/dags/minio_to_snowflake_dag.py took 0.277 seconds
[2026-05-28T14:07:36.269+0000] {processor.py:161} INFO - Started process (PID=510) to work on /opt/airflow/dags/minio_to_snowflake_dag.py
[2026-05-28T14:07:36.270+0000] {processor.py:830} INFO - Processing file /opt/airflow/dags/minio_to_snowflake_dag.py for tasks to queue
[2026-05-28T14:07:36.271+0000] {logging_mixin.py:188} INFO - [2026-05-28T14:07:36.271+0000] {dagbag.py:545} INFO - Filling up the DagBag from /opt/airflow/dags/minio_to_snowflake_dag.py
[2026-05-28T14:07:36.509+0000] {processor.py:840} INFO - DAG(s) 'minio_to_snowflake_banking' retrieved from /opt/airflow/dags/minio_to_snowflake_dag.py
[2026-05-28T14:07:36.517+0000] {logging_mixin.py:188} INFO - [2026-05-28T14:07:36.517+0000] {dag.py:3089} INFO - Sync 1 DAGs
[2026-05-28T14:07:36.523+0000] {logging_mixin.py:188} INFO - [2026-05-28T14:07:36.523+0000] {dag.py:3947} INFO - Setting next_dagrun for minio_to_snowflake_banking to 2026-05-28 13:30:00+00:00, run_after=2026-05-28 14:00:00+00:00
[2026-05-28T14:07:36.528+0000] {processor.py:183} INFO - Processing /opt/airflow/dags/minio_to_snowflake_dag.py took 0.265 seconds
[2026-05-28T14:08:06.747+0000] {processor.py:161} INFO - Started process (PID=514) to work on /opt/airflow/dags/minio_to_snowflake_dag.py
[2026-05-28T14:08:06.748+0000] {processor.py:830} INFO - Processing file /opt/airflow/dags/minio_to_snowflake_dag.py for tasks to queue
[2026-05-28T14:08:06.749+0000] {logging_mixin.py:188} INFO - [2026-05-28T14:08:06.749+0000] {dagbag.py:545} INFO - Filling up the DagBag from /opt/airflow/dags/minio_to_snowflake_dag.py
[2026-05-28T14:08:06.975+0000] {processor.py:840} INFO - DAG(s) 'minio_to_snowflake_banking' retrieved from /opt/airflow/dags/minio_to_snowflake_dag.py
[2026-05-28T14:08:06.982+0000] {logging_mixin.py:188} INFO - [2026-05-28T14:08:06.982+0000] {dag.py:3089} INFO - Sync 1 DAGs
[2026-05-28T14:08:06.988+0000] {logging_mixin.py:188} INFO - [2026-05-28T14:08:06.988+0000] {dag.py:3947} INFO - Setting next_dagrun for minio_to_snowflake_banking to 2026-05-28 13:30:00+00:00, run_after=2026-05-28 14:00:00+00:00
[2026-05-28T14:08:06.994+0000] {processor.py:183} INFO - Processing /opt/airflow/dags/minio_to_snowflake_dag.py took 0.252 seconds
[2026-05-28T14:08:37.213+0000] {processor.py:161} INFO - Started process (PID=518) to work on /opt/airflow/dags/minio_to_snowflake_dag.py
[2026-05-28T14:08:37.214+0000] {processor.py:830} INFO - Processing file /opt/airflow/dags/minio_to_snowflake_dag.py for tasks to queue
[2026-05-28T14:08:37.216+0000] {logging_mixin.py:188} INFO - [2026-05-28T14:08:37.215+0000] {dagbag.py:545} INFO - Filling up the DagBag from /opt/airflow/dags/minio_to_snowflake_dag.py
[2026-05-28T14:08:37.444+0000] {processor.py:840} INFO - DAG(s) 'minio_to_snowflake_banking' retrieved from /opt/airflow/dags/minio_to_snowflake_dag.py
[2026-05-28T14:08:37.452+0000] {logging_mixin.py:188} INFO - [2026-05-28T14:08:37.452+0000] {dag.py:3089} INFO - Sync 1 DAGs
[2026-05-28T14:08:37.458+0000] {logging_mixin.py:188} INFO - [2026-05-28T14:08:37.458+0000] {dag.py:3947} INFO - Setting next_dagrun for minio_to_snowflake_banking to 2026-05-28 13:30:00+00:00, run_after=2026-05-28 14:00:00+00:00
[2026-05-28T14:08:37.463+0000] {processor.py:183} INFO - Processing /opt/airflow/dags/minio_to_snowflake_dag.py took 0.254 seconds
[2026-05-28T14:09:07.662+0000] {processor.py:161} INFO - Started process (PID=522) to work on /opt/airflow/dags/minio_to_snowflake_dag.py
[2026-05-28T14:09:07.663+0000] {processor.py:830} INFO - Processing file /opt/airflow/dags/minio_to_snowflake_dag.py for tasks to queue
[2026-05-28T14:09:07.664+0000] {logging_mixin.py:188} INFO - [2026-05-28T14:09:07.663+0000] {dagbag.py:545} INFO - Filling up the DagBag from /opt/airflow/dags/minio_to_snowflake_dag.py
[2026-05-28T14:09:07.888+0000] {processor.py:840} INFO - DAG(s) 'minio_to_snowflake_banking' retrieved from /opt/airflow/dags/minio_to_snowflake_dag.py
[2026-05-28T14:09:07.896+0000] {logging_mixin.py:188} INFO - [2026-05-28T14:09:07.896+0000] {dag.py:3089} INFO - Sync 1 DAGs
[2026-05-28T14:09:07.902+0000] {logging_mixin.py:188} INFO - [2026-05-28T14:09:07.902+0000] {dag.py:3947} INFO - Setting next_dagrun for minio_to_snowflake_banking to 2026-05-28 13:30:00+00:00, run_after=2026-05-28 14:00:00+00:00
[2026-05-28T14:09:07.907+0000] {processor.py:183} INFO - Processing /opt/airflow/dags/minio_to_snowflake_dag.py took 0.249 seconds
[2026-05-28T14:09:38.130+0000] {processor.py:161} INFO - Started process (PID=526) to work on /opt/airflow/dags/minio_to_snowflake_dag.py
[2026-05-28T14:09:38.131+0000] {processor.py:830} INFO - Processing file /opt/airflow/dags/minio_to_snowflake_dag.py for tasks to queue
[2026-05-28T14:09:38.132+0000] {logging_mixin.py:188} INFO - [2026-05-28T14:09:38.132+0000] {dagbag.py:545} INFO - Filling up the DagBag from /opt/airflow/dags/minio_to_snowflake_dag.py
[2026-05-28T14:09:38.356+0000] {processor.py:840} INFO - DAG(s) 'minio_to_snowflake_banking' retrieved from /opt/airflow/dags/minio_to_snowflake_dag.py
[2026-05-28T14:09:38.364+0000] {logging_mixin.py:188} INFO - [2026-05-28T14:09:38.364+0000] {dag.py:3089} INFO - Sync 1 DAGs
[2026-05-28T14:09:38.370+0000] {logging_mixin.py:188} INFO - [2026-05-28T14:09:38.370+0000] {dag.py:3947} INFO - Setting next_dagrun for minio_to_snowflake_banking to 2026-05-28 13:30:00+00:00, run_after=2026-05-28 14:00:00+00:00
[2026-05-28T14:09:38.375+0000] {processor.py:183} INFO - Processing /opt/airflow/dags/minio_to_snowflake_dag.py took 0.251 seconds
[2026-05-28T14:10:08.567+0000] {processor.py:161} INFO - Started process (PID=530) to work on /opt/airflow/dags/minio_to_snowflake_dag.py
[2026-05-28T14:10:08.569+0000] {processor.py:830} INFO - Processing file /opt/airflow/dags/minio_to_snowflake_dag.py for tasks to queue
[2026-05-28T14:10:08.570+0000] {logging_mixin.py:188} INFO - [2026-05-28T14:10:08.570+0000] {dagbag.py:545} INFO - Filling up the DagBag from /opt/airflow/dags/minio_to_snowflake_dag.py
[2026-05-28T14:10:08.794+0000] {processor.py:840} INFO - DAG(s) 'minio_to_snowflake_banking' retrieved from /opt/airflow/dags/minio_to_snowflake_dag.py
[2026-05-28T14:10:08.802+0000] {logging_mixin.py:188} INFO - [2026-05-28T14:10:08.802+0000] {dag.py:3089} INFO - Sync 1 DAGs
[2026-05-28T14:10:08.808+0000] {logging_mixin.py:188} INFO - [2026-05-28T14:10:08.808+0000] {dag.py:3947} INFO - Setting next_dagrun for minio_to_snowflake_banking to 2026-05-28 13:30:00+00:00, run_after=2026-05-28 14:00:00+00:00
[2026-05-28T14:10:08.813+0000] {processor.py:183} INFO - Processing /opt/airflow/dags/minio_to_snowflake_dag.py took 0.250 seconds
[2026-05-28T14:10:39.019+0000] {processor.py:161} INFO - Started process (PID=534) to work on /opt/airflow/dags/minio_to_snowflake_dag.py
[2026-05-28T14:10:39.020+0000] {processor.py:830} INFO - Processing file /opt/airflow/dags/minio_to_snowflake_dag.py for tasks to queue
[2026-05-28T14:10:39.022+0000] {logging_mixin.py:188} INFO - [2026-05-28T14:10:39.021+0000] {dagbag.py:545} INFO - Filling up the DagBag from /opt/airflow/dags/minio_to_snowflake_dag.py
[2026-05-28T14:10:39.267+0000] {processor.py:840} INFO - DAG(s) 'minio_to_snowflake_banking' retrieved from /opt/airflow/dags/minio_to_snowflake_dag.py
[2026-05-28T14:10:39.275+0000] {logging_mixin.py:188} INFO - [2026-05-28T14:10:39.274+0000] {dag.py:3089} INFO - Sync 1 DAGs
[2026-05-28T14:10:39.281+0000] {logging_mixin.py:188} INFO - [2026-05-28T14:10:39.281+0000] {dag.py:3947} INFO - Setting next_dagrun for minio_to_snowflake_banking to 2026-05-28 13:30:00+00:00, run_after=2026-05-28 14:00:00+00:00
[2026-05-28T14:10:39.286+0000] {processor.py:183} INFO - Processing /opt/airflow/dags/minio_to_snowflake_dag.py took 0.272 seconds
[2026-05-28T14:11:09.466+0000] {processor.py:161} INFO - Started process (PID=538) to work on /opt/airflow/dags/minio_to_snowflake_dag.py
[2026-05-28T14:11:09.467+0000] {processor.py:830} INFO - Processing file /opt/airflow/dags/minio_to_snowflake_dag.py for tasks to queue
[2026-05-28T14:11:09.468+0000] {logging_mixin.py:188} INFO - [2026-05-28T14:11:09.468+0000] {dagbag.py:545} INFO - Filling up the DagBag from /opt/airflow/dags/minio_to_snowflake_dag.py
[2026-05-28T14:11:09.691+0000] {processor.py:840} INFO - DAG(s) 'minio_to_snowflake_banking' retrieved from /opt/airflow/dags/minio_to_snowflake_dag.py
[2026-05-28T14:11:09.698+0000] {logging_mixin.py:188} INFO - [2026-05-28T14:11:09.698+0000] {dag.py:3089} INFO - Sync 1 DAGs
[2026-05-28T14:11:09.705+0000] {logging_mixin.py:188} INFO - [2026-05-28T14:11:09.704+0000] {dag.py:3947} INFO - Setting next_dagrun for minio_to_snowflake_banking to 2026-05-28 13:30:00+00:00, run_after=2026-05-28 14:00:00+00:00
[2026-05-28T14:11:09.710+0000] {processor.py:183} INFO - Processing /opt/airflow/dags/minio_to_snowflake_dag.py took 0.247 seconds
[2026-05-28T14:11:39.921+0000] {processor.py:161} INFO - Started process (PID=542) to work on /opt/airflow/dags/minio_to_snowflake_dag.py
[2026-05-28T14:11:39.922+0000] {processor.py:830} INFO - Processing file /opt/airflow/dags/minio_to_snowflake_dag.py for tasks to queue
[2026-05-28T14:11:39.924+0000] {logging_mixin.py:188} INFO - [2026-05-28T14:11:39.923+0000] {dagbag.py:545} INFO - Filling up the DagBag from /opt/airflow/dags/minio_to_snowflake_dag.py
[2026-05-28T14:11:40.150+0000] {processor.py:840} INFO - DAG(s) 'minio_to_snowflake_banking' retrieved from /opt/airflow/dags/minio_to_snowflake_dag.py
[2026-05-28T14:11:40.159+0000] {logging_mixin.py:188} INFO - [2026-05-28T14:11:40.159+0000] {dag.py:3089} INFO - Sync 1 DAGs
[2026-05-28T14:11:40.164+0000] {logging_mixin.py:188} INFO - [2026-05-28T14:11:40.164+0000] {dag.py:3947} INFO - Setting next_dagrun for minio_to_snowflake_banking to 2026-05-28 13:30:00+00:00, run_after=2026-05-28 14:00:00+00:00
[2026-05-28T14:11:40.170+0000] {processor.py:183} INFO - Processing /opt/airflow/dags/minio_to_snowflake_dag.py took 0.254 seconds
[2026-05-28T14:12:10.390+0000] {processor.py:161} INFO - Started process (PID=546) to work on /opt/airflow/dags/minio_to_snowflake_dag.py
[2026-05-28T14:12:10.391+0000] {processor.py:830} INFO - Processing file /opt/airflow/dags/minio_to_snowflake_dag.py for tasks to queue
[2026-05-28T14:12:10.392+0000] {logging_mixin.py:188} INFO - [2026-05-28T14:12:10.392+0000] {dagbag.py:545} INFO - Filling up the DagBag from /opt/airflow/dags/minio_to_snowflake_dag.py
[2026-05-28T14:12:10.619+0000] {processor.py:840} INFO - DAG(s) 'minio_to_snowflake_banking' retrieved from /opt/airflow/dags/minio_to_snowflake_dag.py
[2026-05-28T14:12:10.627+0000] {logging_mixin.py:188} INFO - [2026-05-28T14:12:10.627+0000] {dag.py:3089} INFO - Sync 1 DAGs
[2026-05-28T14:12:10.633+0000] {logging_mixin.py:188} INFO - [2026-05-28T14:12:10.633+0000] {dag.py:3947} INFO - Setting next_dagrun for minio_to_snowflake_banking to 2026-05-28 13:30:00+00:00, run_after=2026-05-28 14:00:00+00:00
[2026-05-28T14:12:10.638+0000] {processor.py:183} INFO - Processing /opt/airflow/dags/minio_to_snowflake_dag.py took 0.254 seconds
[2026-05-28T14:12:40.863+0000] {processor.py:161} INFO - Started process (PID=550) to work on /opt/airflow/dags/minio_to_snowflake_dag.py
[2026-05-28T14:12:40.864+0000] {processor.py:830} INFO - Processing file /opt/airflow/dags/minio_to_snowflake_dag.py for tasks to queue
[2026-05-28T14:12:40.866+0000] {logging_mixin.py:188} INFO - [2026-05-28T14:12:40.865+0000] {dagbag.py:545} INFO - Filling up the DagBag from /opt/airflow/dags/minio_to_snowflake_dag.py
[2026-05-28T14:12:41.095+0000] {processor.py:840} INFO - DAG(s) 'minio_to_snowflake_banking' retrieved from /opt/airflow/dags/minio_to_snowflake_dag.py
[2026-05-28T14:12:41.103+0000] {logging_mixin.py:188} INFO - [2026-05-28T14:12:41.103+0000] {dag.py:3089} INFO - Sync 1 DAGs
[2026-05-28T14:12:41.108+0000] {logging_mixin.py:188} INFO - [2026-05-28T14:12:41.108+0000] {dag.py:3947} INFO - Setting next_dagrun for minio_to_snowflake_banking to 2026-05-28 13:30:00+00:00, run_after=2026-05-28 14:00:00+00:00
[2026-05-28T14:12:41.113+0000] {processor.py:183} INFO - Processing /opt/airflow/dags/minio_to_snowflake_dag.py took 0.255 seconds
[2026-05-28T14:13:11.329+0000] {processor.py:161} INFO - Started process (PID=554) to work on /opt/airflow/dags/minio_to_snowflake_dag.py
[2026-05-28T14:13:11.330+0000] {processor.py:830} INFO - Processing file /opt/airflow/dags/minio_to_snowflake_dag.py for tasks to queue
[2026-05-28T14:13:11.332+0000] {logging_mixin.py:188} INFO - [2026-05-28T14:13:11.332+0000] {dagbag.py:545} INFO - Filling up the DagBag from /opt/airflow/dags/minio_to_snowflake_dag.py
[2026-05-28T14:13:11.563+0000] {processor.py:840} INFO - DAG(s) 'minio_to_snowflake_banking' retrieved from /opt/airflow/dags/minio_to_snowflake_dag.py
[2026-05-28T14:13:11.571+0000] {logging_mixin.py:188} INFO - [2026-05-28T14:13:11.571+0000] {dag.py:3089} INFO - Sync 1 DAGs
[2026-05-28T14:13:11.578+0000] {logging_mixin.py:188} INFO - [2026-05-28T14:13:11.577+0000] {dag.py:3947} INFO - Setting next_dagrun for minio_to_snowflake_banking to 2026-05-28 13:30:00+00:00, run_after=2026-05-28 14:00:00+00:00
[2026-05-28T14:13:11.582+0000] {processor.py:183} INFO - Processing /opt/airflow/dags/minio_to_snowflake_dag.py took 0.258 seconds
[2026-05-28T14:13:41.807+0000] {processor.py:161} INFO - Started process (PID=558) to work on /opt/airflow/dags/minio_to_snowflake_dag.py
[2026-05-28T14:13:41.808+0000] {processor.py:830} INFO - Processing file /opt/airflow/dags/minio_to_snowflake_dag.py for tasks to queue
[2026-05-28T14:13:41.810+0000] {logging_mixin.py:188} INFO - [2026-05-28T14:13:41.809+0000] {dagbag.py:545} INFO - Filling up the DagBag from /opt/airflow/dags/minio_to_snowflake_dag.py
[2026-05-28T14:13:42.059+0000] {processor.py:840} INFO - DAG(s) 'minio_to_snowflake_banking' retrieved from /opt/airflow/dags/minio_to_snowflake_dag.py
[2026-05-28T14:13:42.069+0000] {logging_mixin.py:188} INFO - [2026-05-28T14:13:42.069+0000] {dag.py:3089} INFO - Sync 1 DAGs
[2026-05-28T14:13:42.076+0000] {logging_mixin.py:188} INFO - [2026-05-28T14:13:42.076+0000] {dag.py:3947} INFO - Setting next_dagrun for minio_to_snowflake_banking to 2026-05-28 13:30:00+00:00, run_after=2026-05-28 14:00:00+00:00
[2026-05-28T14:13:42.082+0000] {processor.py:183} INFO - Processing /opt/airflow/dags/minio_to_snowflake_dag.py took 0.281 seconds
[2026-05-28T14:14:12.300+0000] {processor.py:161} INFO - Started process (PID=562) to work on /opt/airflow/dags/minio_to_snowflake_dag.py
[2026-05-28T14:14:12.301+0000] {processor.py:830} INFO - Processing file /opt/airflow/dags/minio_to_snowflake_dag.py for tasks to queue
[2026-05-28T14:14:12.302+0000] {logging_mixin.py:188} INFO - [2026-05-28T14:14:12.302+0000] {dagbag.py:545} INFO - Filling up the DagBag from /opt/airflow/dags/minio_to_snowflake_dag.py
[2026-05-28T14:14:12.545+0000] {processor.py:840} INFO - DAG(s) 'minio_to_snowflake_banking' retrieved from /opt/airflow/dags/minio_to_snowflake_dag.py
[2026-05-28T14:14:12.553+0000] {logging_mixin.py:188} INFO - [2026-05-28T14:14:12.553+0000] {dag.py:3089} INFO - Sync 1 DAGs
[2026-05-28T14:14:12.559+0000] {logging_mixin.py:188} INFO - [2026-05-28T14:14:12.559+0000] {dag.py:3947} INFO - Setting next_dagrun for minio_to_snowflake_banking to 2026-05-28 13:30:00+00:00, run_after=2026-05-28 14:00:00+00:00
[2026-05-28T14:14:12.564+0000] {processor.py:183} INFO - Processing /opt/airflow/dags/minio_to_snowflake_dag.py took 0.269 seconds
[2026-05-28T14:14:42.814+0000] {processor.py:161} INFO - Started process (PID=566) to work on /opt/airflow/dags/minio_to_snowflake_dag.py
[2026-05-28T14:14:42.815+0000] {processor.py:830} INFO - Processing file /opt/airflow/dags/minio_to_snowflake_dag.py for tasks to queue
[2026-05-28T14:14:42.817+0000] {logging_mixin.py:188} INFO - [2026-05-28T14:14:42.816+0000] {dagbag.py:545} INFO - Filling up the DagBag from /opt/airflow/dags/minio_to_snowflake_dag.py
[2026-05-28T14:14:43.064+0000] {processor.py:840} INFO - DAG(s) 'minio_to_snowflake_banking' retrieved from /opt/airflow/dags/minio_to_snowflake_dag.py
[2026-05-28T14:14:43.073+0000] {logging_mixin.py:188} INFO - [2026-05-28T14:14:43.073+0000] {dag.py:3089} INFO - Sync 1 DAGs
[2026-05-28T14:14:43.080+0000] {logging_mixin.py:188} INFO - [2026-05-28T14:14:43.080+0000] {dag.py:3947} INFO - Setting next_dagrun for minio_to_snowflake_banking to 2026-05-28 13:30:00+00:00, run_after=2026-05-28 14:00:00+00:00
[2026-05-28T14:14:43.087+0000] {processor.py:183} INFO - Processing /opt/airflow/dags/minio_to_snowflake_dag.py took 0.278 seconds
[2026-05-28T14:15:13.288+0000] {processor.py:161} INFO - Started process (PID=570) to work on /opt/airflow/dags/minio_to_snowflake_dag.py
[2026-05-28T14:15:13.289+0000] {processor.py:830} INFO - Processing file /opt/airflow/dags/minio_to_snowflake_dag.py for tasks to queue
[2026-05-28T14:15:13.291+0000] {logging_mixin.py:188} INFO - [2026-05-28T14:15:13.291+0000] {dagbag.py:545} INFO - Filling up the DagBag from /opt/airflow/dags/minio_to_snowflake_dag.py
[2026-05-28T14:15:13.549+0000] {processor.py:840} INFO - DAG(s) 'minio_to_snowflake_banking' retrieved from /opt/airflow/dags/minio_to_snowflake_dag.py
[2026-05-28T14:15:13.558+0000] {logging_mixin.py:188} INFO - [2026-05-28T14:15:13.558+0000] {dag.py:3089} INFO - Sync 1 DAGs
[2026-05-28T14:15:13.565+0000] {logging_mixin.py:188} INFO - [2026-05-28T14:15:13.565+0000] {dag.py:3947} INFO - Setting next_dagrun for minio_to_snowflake_banking to 2026-05-28 13:30:00+00:00, run_after=2026-05-28 14:00:00+00:00
[2026-05-28T14:15:13.570+0000] {processor.py:183} INFO - Processing /opt/airflow/dags/minio_to_snowflake_dag.py took 0.288 seconds
[2026-05-28T14:15:43.851+0000] {processor.py:161} INFO - Started process (PID=574) to work on /opt/airflow/dags/minio_to_snowflake_dag.py
[2026-05-28T14:15:43.852+0000] {processor.py:830} INFO - Processing file /opt/airflow/dags/minio_to_snowflake_dag.py for tasks to queue
[2026-05-28T14:15:43.853+0000] {logging_mixin.py:188} INFO - [2026-05-28T14:15:43.853+0000] {dagbag.py:545} INFO - Filling up the DagBag from /opt/airflow/dags/minio_to_snowflake_dag.py
[2026-05-28T14:15:44.094+0000] {processor.py:840} INFO - DAG(s) 'minio_to_snowflake_banking' retrieved from /opt/airflow/dags/minio_to_snowflake_dag.py
[2026-05-28T14:15:44.102+0000] {logging_mixin.py:188} INFO - [2026-05-28T14:15:44.102+0000] {dag.py:3089} INFO - Sync 1 DAGs
[2026-05-28T14:15:44.108+0000] {logging_mixin.py:188} INFO - [2026-05-28T14:15:44.108+0000] {dag.py:3947} INFO - Setting next_dagrun for minio_to_snowflake_banking to 2026-05-28 13:30:00+00:00, run_after=2026-05-28 14:00:00+00:00
[2026-05-28T14:15:44.113+0000] {processor.py:183} INFO - Processing /opt/airflow/dags/minio_to_snowflake_dag.py took 0.267 seconds
[2026-05-28T14:16:14.371+0000] {processor.py:161} INFO - Started process (PID=578) to work on /opt/airflow/dags/minio_to_snowflake_dag.py
[2026-05-28T14:16:14.372+0000] {processor.py:830} INFO - Processing file /opt/airflow/dags/minio_to_snowflake_dag.py for tasks to queue
[2026-05-28T14:16:14.373+0000] {logging_mixin.py:188} INFO - [2026-05-28T14:16:14.373+0000] {dagbag.py:545} INFO - Filling up the DagBag from /opt/airflow/dags/minio_to_snowflake_dag.py
[2026-05-28T14:16:14.607+0000] {processor.py:840} INFO - DAG(s) 'minio_to_snowflake_banking' retrieved from /opt/airflow/dags/minio_to_snowflake_dag.py
[2026-05-28T14:16:14.615+0000] {logging_mixin.py:188} INFO - [2026-05-28T14:16:14.615+0000] {dag.py:3089} INFO - Sync 1 DAGs
[2026-05-28T14:16:14.622+0000] {logging_mixin.py:188} INFO - [2026-05-28T14:16:14.622+0000] {dag.py:3947} INFO - Setting next_dagrun for minio_to_snowflake_banking to 2026-05-28 13:30:00+00:00, run_after=2026-05-28 14:00:00+00:00
[2026-05-28T14:16:14.629+0000] {processor.py:183} INFO - Processing /opt/airflow/dags/minio_to_snowflake_dag.py took 0.260 seconds
[2026-05-28T14:16:44.845+0000] {processor.py:161} INFO - Started process (PID=582) to work on /opt/airflow/dags/minio_to_snowflake_dag.py
[2026-05-28T14:16:44.846+0000] {processor.py:830} INFO - Processing file /opt/airflow/dags/minio_to_snowflake_dag.py for tasks to queue
[2026-05-28T14:16:44.848+0000] {logging_mixin.py:188} INFO - [2026-05-28T14:16:44.848+0000] {dagbag.py:545} INFO - Filling up the DagBag from /opt/airflow/dags/minio_to_snowflake_dag.py
[2026-05-28T14:16:45.106+0000] {processor.py:840} INFO - DAG(s) 'minio_to_snowflake_banking' retrieved from /opt/airflow/dags/minio_to_snowflake_dag.py
[2026-05-28T14:16:45.116+0000] {logging_mixin.py:188} INFO - [2026-05-28T14:16:45.115+0000] {dag.py:3089} INFO - Sync 1 DAGs
[2026-05-28T14:16:45.122+0000] {logging_mixin.py:188} INFO - [2026-05-28T14:16:45.122+0000] {dag.py:3947} INFO - Setting next_dagrun for minio_to_snowflake_banking to 2026-05-28 13:30:00+00:00, run_after=2026-05-28 14:00:00+00:00
[2026-05-28T14:16:45.128+0000] {processor.py:183} INFO - Processing /opt/airflow/dags/minio_to_snowflake_dag.py took 0.289 seconds
[2026-05-28T14:17:15.335+0000] {processor.py:161} INFO - Started process (PID=586) to work on /opt/airflow/dags/minio_to_snowflake_dag.py
[2026-05-28T14:17:15.336+0000] {processor.py:830} INFO - Processing file /opt/airflow/dags/minio_to_snowflake_dag.py for tasks to queue
[2026-05-28T14:17:15.338+0000] {logging_mixin.py:188} INFO - [2026-05-28T14:17:15.338+0000] {dagbag.py:545} INFO - Filling up the DagBag from /opt/airflow/dags/minio_to_snowflake_dag.py
[2026-05-28T14:17:15.577+0000] {processor.py:840} INFO - DAG(s) 'minio_to_snowflake_banking' retrieved from /opt/airflow/dags/minio_to_snowflake_dag.py
[2026-05-28T14:17:15.585+0000] {logging_mixin.py:188} INFO - [2026-05-28T14:17:15.585+0000] {dag.py:3089} INFO - Sync 1 DAGs
[2026-05-28T14:17:15.591+0000] {logging_mixin.py:188} INFO - [2026-05-28T14:17:15.591+0000] {dag.py:3947} INFO - Setting next_dagrun for minio_to_snowflake_banking to 2026-05-28 13:30:00+00:00, run_after=2026-05-28 14:00:00+00:00
[2026-05-28T14:17:15.597+0000] {processor.py:183} INFO - Processing /opt/airflow/dags/minio_to_snowflake_dag.py took 0.266 seconds
[2026-05-28T14:17:45.804+0000] {processor.py:161} INFO - Started process (PID=590) to work on /opt/airflow/dags/minio_to_snowflake_dag.py
[2026-05-28T14:17:45.805+0000] {processor.py:830} INFO - Processing file /opt/airflow/dags/minio_to_snowflake_dag.py for tasks to queue
[2026-05-28T14:17:45.807+0000] {logging_mixin.py:188} INFO - [2026-05-28T14:17:45.806+0000] {dagbag.py:545} INFO - Filling up the DagBag from /opt/airflow/dags/minio_to_snowflake_dag.py
[2026-05-28T14:17:46.034+0000] {processor.py:840} INFO - DAG(s) 'minio_to_snowflake_banking' retrieved from /opt/airflow/dags/minio_to_snowflake_dag.py
[2026-05-28T14:17:46.043+0000] {logging_mixin.py:188} INFO - [2026-05-28T14:17:46.042+0000] {dag.py:3089} INFO - Sync 1 DAGs
[2026-05-28T14:17:46.048+0000] {logging_mixin.py:188} INFO - [2026-05-28T14:17:46.048+0000] {dag.py:3947} INFO - Setting next_dagrun for minio_to_snowflake_banking to 2026-05-28 13:30:00+00:00, run_after=2026-05-28 14:00:00+00:00
[2026-05-28T14:17:46.054+0000] {processor.py:183} INFO - Processing /opt/airflow/dags/minio_to_snowflake_dag.py took 0.253 seconds
[2026-05-28T14:18:16.267+0000] {processor.py:161} INFO - Started process (PID=594) to work on /opt/airflow/dags/minio_to_snowflake_dag.py
[2026-05-28T14:18:16.268+0000] {processor.py:830} INFO - Processing file /opt/airflow/dags/minio_to_snowflake_dag.py for tasks to queue
[2026-05-28T14:18:16.269+0000] {logging_mixin.py:188} INFO - [2026-05-28T14:18:16.269+0000] {dagbag.py:545} INFO - Filling up the DagBag from /opt/airflow/dags/minio_to_snowflake_dag.py
[2026-05-28T14:18:16.504+0000] {processor.py:840} INFO - DAG(s) 'minio_to_snowflake_banking' retrieved from /opt/airflow/dags/minio_to_snowflake_dag.py
[2026-05-28T14:18:16.512+0000] {logging_mixin.py:188} INFO - [2026-05-28T14:18:16.512+0000] {dag.py:3089} INFO - Sync 1 DAGs
[2026-05-28T14:18:16.518+0000] {logging_mixin.py:188} INFO - [2026-05-28T14:18:16.518+0000] {dag.py:3947} INFO - Setting next_dagrun for minio_to_snowflake_banking to 2026-05-28 13:30:00+00:00, run_after=2026-05-28 14:00:00+00:00
[2026-05-28T14:18:16.523+0000] {processor.py:183} INFO - Processing /opt/airflow/dags/minio_to_snowflake_dag.py took 0.260 seconds
[2026-05-28T14:18:46.739+0000] {processor.py:161} INFO - Started process (PID=598) to work on /opt/airflow/dags/minio_to_snowflake_dag.py
[2026-05-28T14:18:46.740+0000] {processor.py:830} INFO - Processing file /opt/airflow/dags/minio_to_snowflake_dag.py for tasks to queue
[2026-05-28T14:18:46.741+0000] {logging_mixin.py:188} INFO - [2026-05-28T14:18:46.741+0000] {dagbag.py:545} INFO - Filling up the DagBag from /opt/airflow/dags/minio_to_snowflake_dag.py
[2026-05-28T14:18:46.971+0000] {processor.py:840} INFO - DAG(s) 'minio_to_snowflake_banking' retrieved from /opt/airflow/dags/minio_to_snowflake_dag.py
[2026-05-28T14:18:46.978+0000] {logging_mixin.py:188} INFO - [2026-05-28T14:18:46.978+0000] {dag.py:3089} INFO - Sync 1 DAGs
[2026-05-28T14:18:46.984+0000] {logging_mixin.py:188} INFO - [2026-05-28T14:18:46.984+0000] {dag.py:3947} INFO - Setting next_dagrun for minio_to_snowflake_banking to 2026-05-28 13:30:00+00:00, run_after=2026-05-28 14:00:00+00:00
[2026-05-28T14:18:46.990+0000] {processor.py:183} INFO - Processing /opt/airflow/dags/minio_to_snowflake_dag.py took 0.256 seconds
[2026-05-28T14:19:17.197+0000] {processor.py:161} INFO - Started process (PID=602) to work on /opt/airflow/dags/minio_to_snowflake_dag.py
[2026-05-28T14:19:17.198+0000] {processor.py:830} INFO - Processing file /opt/airflow/dags/minio_to_snowflake_dag.py for tasks to queue
[2026-05-28T14:19:17.199+0000] {logging_mixin.py:188} INFO - [2026-05-28T14:19:17.199+0000] {dagbag.py:545} INFO - Filling up the DagBag from /opt/airflow/dags/minio_to_snowflake_dag.py
[2026-05-28T14:19:17.434+0000] {processor.py:840} INFO - DAG(s) 'minio_to_snowflake_banking' retrieved from /opt/airflow/dags/minio_to_snowflake_dag.py
[2026-05-28T14:19:17.441+0000] {logging_mixin.py:188} INFO - [2026-05-28T14:19:17.441+0000] {dag.py:3089} INFO - Sync 1 DAGs
[2026-05-28T14:19:17.448+0000] {logging_mixin.py:188} INFO - [2026-05-28T14:19:17.448+0000] {dag.py:3947} INFO - Setting next_dagrun for minio_to_snowflake_banking to 2026-05-28 13:30:00+00:00, run_after=2026-05-28 14:00:00+00:00
[2026-05-28T14:19:17.453+0000] {processor.py:183} INFO - Processing /opt/airflow/dags/minio_to_snowflake_dag.py took 0.262 seconds
[2026-05-28T14:19:47.644+0000] {processor.py:161} INFO - Started process (PID=606) to work on /opt/airflow/dags/minio_to_snowflake_dag.py
[2026-05-28T14:19:47.645+0000] {processor.py:830} INFO - Processing file /opt/airflow/dags/minio_to_snowflake_dag.py for tasks to queue
[2026-05-28T14:19:47.646+0000] {logging_mixin.py:188} INFO - [2026-05-28T14:19:47.646+0000] {dagbag.py:545} INFO - Filling up the DagBag from /opt/airflow/dags/minio_to_snowflake_dag.py
[2026-05-28T14:19:47.880+0000] {processor.py:840} INFO - DAG(s) 'minio_to_snowflake_banking' retrieved from /opt/airflow/dags/minio_to_snowflake_dag.py
[2026-05-28T14:19:47.888+0000] {logging_mixin.py:188} INFO - [2026-05-28T14:19:47.887+0000] {dag.py:3089} INFO - Sync 1 DAGs
[2026-05-28T14:19:47.894+0000] {logging_mixin.py:188} INFO - [2026-05-28T14:19:47.894+0000] {dag.py:3947} INFO - Setting next_dagrun for minio_to_snowflake_banking to 2026-05-28 13:30:00+00:00, run_after=2026-05-28 14:00:00+00:00
[2026-05-28T14:19:47.899+0000] {processor.py:183} INFO - Processing /opt/airflow/dags/minio_to_snowflake_dag.py took 0.260 seconds
[2026-05-28T14:20:18.119+0000] {processor.py:161} INFO - Started process (PID=610) to work on /opt/airflow/dags/minio_to_snowflake_dag.py
[2026-05-28T14:20:18.121+0000] {processor.py:830} INFO - Processing file /opt/airflow/dags/minio_to_snowflake_dag.py for tasks to queue
[2026-05-28T14:20:18.122+0000] {logging_mixin.py:188} INFO - [2026-05-28T14:20:18.122+0000] {dagbag.py:545} INFO - Filling up the DagBag from /opt/airflow/dags/minio_to_snowflake_dag.py
[2026-05-28T14:20:18.351+0000] {processor.py:840} INFO - DAG(s) 'minio_to_snowflake_banking' retrieved from /opt/airflow/dags/minio_to_snowflake_dag.py
[2026-05-28T14:20:18.359+0000] {logging_mixin.py:188} INFO - [2026-05-28T14:20:18.358+0000] {dag.py:3089} INFO - Sync 1 DAGs
[2026-05-28T14:20:18.364+0000] {logging_mixin.py:188} INFO - [2026-05-28T14:20:18.364+0000] {dag.py:3947} INFO - Setting next_dagrun for minio_to_snowflake_banking to 2026-05-28 13:30:00+00:00, run_after=2026-05-28 14:00:00+00:00
[2026-05-28T14:20:18.369+0000] {processor.py:183} INFO - Processing /opt/airflow/dags/minio_to_snowflake_dag.py took 0.255 seconds
[2026-05-28T14:20:48.555+0000] {processor.py:161} INFO - Started process (PID=614) to work on /opt/airflow/dags/minio_to_snowflake_dag.py
[2026-05-28T14:20:48.556+0000] {processor.py:830} INFO - Processing file /opt/airflow/dags/minio_to_snowflake_dag.py for tasks to queue
[2026-05-28T14:20:48.558+0000] {logging_mixin.py:188} INFO - [2026-05-28T14:20:48.557+0000] {dagbag.py:545} INFO - Filling up the DagBag from /opt/airflow/dags/minio_to_snowflake_dag.py
[2026-05-28T14:20:48.822+0000] {processor.py:840} INFO - DAG(s) 'minio_to_snowflake_banking' retrieved from /opt/airflow/dags/minio_to_snowflake_dag.py
[2026-05-28T14:20:48.830+0000] {logging_mixin.py:188} INFO - [2026-05-28T14:20:48.830+0000] {dag.py:3089} INFO - Sync 1 DAGs
[2026-05-28T14:20:48.836+0000] {logging_mixin.py:188} INFO - [2026-05-28T14:20:48.836+0000] {dag.py:3947} INFO - Setting next_dagrun for minio_to_snowflake_banking to 2026-05-28 13:30:00+00:00, run_after=2026-05-28 14:00:00+00:00
[2026-05-28T14:20:48.841+0000] {processor.py:183} INFO - Processing /opt/airflow/dags/minio_to_snowflake_dag.py took 0.292 seconds
[2026-05-28T14:21:19.747+0000] {processor.py:161} INFO - Started process (PID=652) to work on /opt/airflow/dags/minio_to_snowflake_dag.py
[2026-05-28T14:21:19.748+0000] {processor.py:830} INFO - Processing file /opt/airflow/dags/minio_to_snowflake_dag.py for tasks to queue
[2026-05-28T14:21:19.749+0000] {logging_mixin.py:188} INFO - [2026-05-28T14:21:19.748+0000] {dagbag.py:545} INFO - Filling up the DagBag from /opt/airflow/dags/minio_to_snowflake_dag.py
[2026-05-28T14:21:19.978+0000] {processor.py:840} INFO - DAG(s) 'minio_to_snowflake_banking' retrieved from /opt/airflow/dags/minio_to_snowflake_dag.py
[2026-05-28T14:21:19.986+0000] {logging_mixin.py:188} INFO - [2026-05-28T14:21:19.986+0000] {dag.py:3089} INFO - Sync 1 DAGs
[2026-05-28T14:21:19.993+0000] {logging_mixin.py:188} INFO - [2026-05-28T14:21:19.993+0000] {dag.py:3947} INFO - Setting next_dagrun for minio_to_snowflake_banking to 2026-05-28 13:30:00+00:00, run_after=2026-05-28 14:00:00+00:00
[2026-05-28T14:21:19.999+0000] {processor.py:183} INFO - Processing /opt/airflow/dags/minio_to_snowflake_dag.py took 0.253 seconds
[2026-05-28T14:21:50.029+0000] {processor.py:161} INFO - Started process (PID=692) to work on /opt/airflow/dags/minio_to_snowflake_dag.py
[2026-05-28T14:21:50.030+0000] {processor.py:830} INFO - Processing file /opt/airflow/dags/minio_to_snowflake_dag.py for tasks to queue
[2026-05-28T14:21:50.031+0000] {logging_mixin.py:188} INFO - [2026-05-28T14:21:50.031+0000] {dagbag.py:545} INFO - Filling up the DagBag from /opt/airflow/dags/minio_to_snowflake_dag.py
[2026-05-28T14:21:50.265+0000] {processor.py:840} INFO - DAG(s) 'minio_to_snowflake_banking' retrieved from /opt/airflow/dags/minio_to_snowflake_dag.py
[2026-05-28T14:21:50.274+0000] {logging_mixin.py:188} INFO - [2026-05-28T14:21:50.273+0000] {dag.py:3089} INFO - Sync 1 DAGs
[2026-05-28T14:21:50.280+0000] {logging_mixin.py:188} INFO - [2026-05-28T14:21:50.280+0000] {dag.py:3947} INFO - Setting next_dagrun for minio_to_snowflake_banking to 2026-05-28 13:30:00+00:00, run_after=2026-05-28 14:00:00+00:00
[2026-05-28T14:21:50.285+0000] {processor.py:183} INFO - Processing /opt/airflow/dags/minio_to_snowflake_dag.py took 0.262 seconds
[2026-05-28T14:22:20.336+0000] {processor.py:161} INFO - Started process (PID=713) to work on /opt/airflow/dags/minio_to_snowflake_dag.py
[2026-05-28T14:22:20.336+0000] {processor.py:830} INFO - Processing file /opt/airflow/dags/minio_to_snowflake_dag.py for tasks to queue
[2026-05-28T14:22:20.337+0000] {logging_mixin.py:188} INFO - [2026-05-28T14:22:20.337+0000] {dagbag.py:545} INFO - Filling up the DagBag from /opt/airflow/dags/minio_to_snowflake_dag.py
[2026-05-28T14:22:20.574+0000] {processor.py:840} INFO - DAG(s) 'minio_to_snowflake_banking' retrieved from /opt/airflow/dags/minio_to_snowflake_dag.py
[2026-05-28T14:22:20.584+0000] {logging_mixin.py:188} INFO - [2026-05-28T14:22:20.583+0000] {dag.py:3089} INFO - Sync 1 DAGs
[2026-05-28T14:22:20.590+0000] {logging_mixin.py:188} INFO - [2026-05-28T14:22:20.590+0000] {dag.py:3947} INFO - Setting next_dagrun for minio_to_snowflake_banking to 2026-05-28 13:30:00+00:00, run_after=2026-05-28 14:00:00+00:00
[2026-05-28T14:22:20.596+0000] {processor.py:183} INFO - Processing /opt/airflow/dags/minio_to_snowflake_dag.py took 0.263 seconds
[2026-05-28T14:22:51.534+0000] {processor.py:161} INFO - Started process (PID=770) to work on /opt/airflow/dags/minio_to_snowflake_dag.py
[2026-05-28T14:22:51.535+0000] {processor.py:830} INFO - Processing file /opt/airflow/dags/minio_to_snowflake_dag.py for tasks to queue
[2026-05-28T14:22:51.536+0000] {logging_mixin.py:188} INFO - [2026-05-28T14:22:51.535+0000] {dagbag.py:545} INFO - Filling up the DagBag from /opt/airflow/dags/minio_to_snowflake_dag.py
[2026-05-28T14:22:51.767+0000] {processor.py:840} INFO - DAG(s) 'minio_to_snowflake_banking' retrieved from /opt/airflow/dags/minio_to_snowflake_dag.py
[2026-05-28T14:22:51.775+0000] {logging_mixin.py:188} INFO - [2026-05-28T14:22:51.775+0000] {dag.py:3089} INFO - Sync 1 DAGs
[2026-05-28T14:22:51.781+0000] {logging_mixin.py:188} INFO - [2026-05-28T14:22:51.781+0000] {dag.py:3947} INFO - Setting next_dagrun for minio_to_snowflake_banking to 2026-05-28 13:30:00+00:00, run_after=2026-05-28 14:00:00+00:00
[2026-05-28T14:22:51.785+0000] {processor.py:183} INFO - Processing /opt/airflow/dags/minio_to_snowflake_dag.py took 0.255 seconds
[2026-05-28T14:23:21.829+0000] {processor.py:161} INFO - Started process (PID=775) to work on /opt/airflow/dags/minio_to_snowflake_dag.py
[2026-05-28T14:23:21.830+0000] {processor.py:830} INFO - Processing file /opt/airflow/dags/minio_to_snowflake_dag.py for tasks to queue
[2026-05-28T14:23:21.832+0000] {logging_mixin.py:188} INFO - [2026-05-28T14:23:21.831+0000] {dagbag.py:545} INFO - Filling up the DagBag from /opt/airflow/dags/minio_to_snowflake_dag.py
[2026-05-28T14:23:22.061+0000] {processor.py:840} INFO - DAG(s) 'minio_to_snowflake_banking' retrieved from /opt/airflow/dags/minio_to_snowflake_dag.py
[2026-05-28T14:23:22.069+0000] {logging_mixin.py:188} INFO - [2026-05-28T14:23:22.069+0000] {dag.py:3089} INFO - Sync 1 DAGs
[2026-05-28T14:23:22.075+0000] {logging_mixin.py:188} INFO - [2026-05-28T14:23:22.075+0000] {dag.py:3947} INFO - Setting next_dagrun for minio_to_snowflake_banking to 2026-05-28 13:30:00+00:00, run_after=2026-05-28 14:00:00+00:00
[2026-05-28T14:23:22.081+0000] {processor.py:183} INFO - Processing /opt/airflow/dags/minio_to_snowflake_dag.py took 0.257 seconds
[2026-05-28T14:23:53.083+0000] {processor.py:161} INFO - Started process (PID=780) to work on /opt/airflow/dags/minio_to_snowflake_dag.py
[2026-05-28T14:23:53.083+0000] {processor.py:830} INFO - Processing file /opt/airflow/dags/minio_to_snowflake_dag.py for tasks to queue
[2026-05-28T14:23:53.085+0000] {logging_mixin.py:188} INFO - [2026-05-28T14:23:53.084+0000] {dagbag.py:545} INFO - Filling up the DagBag from /opt/airflow/dags/minio_to_snowflake_dag.py
[2026-05-28T14:23:53.316+0000] {processor.py:840} INFO - DAG(s) 'minio_to_snowflake_banking' retrieved from /opt/airflow/dags/minio_to_snowflake_dag.py
[2026-05-28T14:23:53.324+0000] {logging_mixin.py:188} INFO - [2026-05-28T14:23:53.324+0000] {dag.py:3089} INFO - Sync 1 DAGs
[2026-05-28T14:23:53.330+0000] {logging_mixin.py:188} INFO - [2026-05-28T14:23:53.330+0000] {dag.py:3947} INFO - Setting next_dagrun for minio_to_snowflake_banking to 2026-05-28 13:30:00+00:00, run_after=2026-05-28 14:00:00+00:00
[2026-05-28T14:23:53.335+0000] {processor.py:183} INFO - Processing /opt/airflow/dags/minio_to_snowflake_dag.py took 0.257 seconds
[2026-05-28T14:24:23.365+0000] {processor.py:161} INFO - Started process (PID=785) to work on /opt/airflow/dags/minio_to_snowflake_dag.py
[2026-05-28T14:24:23.366+0000] {processor.py:830} INFO - Processing file /opt/airflow/dags/minio_to_snowflake_dag.py for tasks to queue
[2026-05-28T14:24:23.368+0000] {logging_mixin.py:188} INFO - [2026-05-28T14:24:23.368+0000] {dagbag.py:545} INFO - Filling up the DagBag from /opt/airflow/dags/minio_to_snowflake_dag.py
[2026-05-28T14:24:23.595+0000] {processor.py:840} INFO - DAG(s) 'minio_to_snowflake_banking' retrieved from /opt/airflow/dags/minio_to_snowflake_dag.py
[2026-05-28T14:24:23.603+0000] {logging_mixin.py:188} INFO - [2026-05-28T14:24:23.603+0000] {dag.py:3089} INFO - Sync 1 DAGs
[2026-05-28T14:24:23.609+0000] {logging_mixin.py:188} INFO - [2026-05-28T14:24:23.609+0000] {dag.py:3947} INFO - Setting next_dagrun for minio_to_snowflake_banking to 2026-05-28 13:30:00+00:00, run_after=2026-05-28 14:00:00+00:00
[2026-05-28T14:24:23.614+0000] {processor.py:183} INFO - Processing /opt/airflow/dags/minio_to_snowflake_dag.py took 0.254 seconds
[2026-05-28T14:24:54.590+0000] {processor.py:161} INFO - Started process (PID=790) to work on /opt/airflow/dags/minio_to_snowflake_dag.py
[2026-05-28T14:24:54.591+0000] {processor.py:830} INFO - Processing file /opt/airflow/dags/minio_to_snowflake_dag.py for tasks to queue
[2026-05-28T14:24:54.592+0000] {logging_mixin.py:188} INFO - [2026-05-28T14:24:54.592+0000] {dagbag.py:545} INFO - Filling up the DagBag from /opt/airflow/dags/minio_to_snowflake_dag.py
[2026-05-28T14:24:54.819+0000] {processor.py:840} INFO - DAG(s) 'minio_to_snowflake_banking' retrieved from /opt/airflow/dags/minio_to_snowflake_dag.py
[2026-05-28T14:24:54.827+0000] {logging_mixin.py:188} INFO - [2026-05-28T14:24:54.827+0000] {dag.py:3089} INFO - Sync 1 DAGs
[2026-05-28T14:24:54.832+0000] {logging_mixin.py:188} INFO - [2026-05-28T14:24:54.832+0000] {dag.py:3947} INFO - Setting next_dagrun for minio_to_snowflake_banking to 2026-05-28 13:30:00+00:00, run_after=2026-05-28 14:00:00+00:00
[2026-05-28T14:24:54.837+0000] {processor.py:183} INFO - Processing /opt/airflow/dags/minio_to_snowflake_dag.py took 0.251 seconds
[2026-05-28T14:25:25.810+0000] {processor.py:161} INFO - Started process (PID=795) to work on /opt/airflow/dags/minio_to_snowflake_dag.py
[2026-05-28T14:25:25.811+0000] {processor.py:830} INFO - Processing file /opt/airflow/dags/minio_to_snowflake_dag.py for tasks to queue
[2026-05-28T14:25:25.812+0000] {logging_mixin.py:188} INFO - [2026-05-28T14:25:25.812+0000] {dagbag.py:545} INFO - Filling up the DagBag from /opt/airflow/dags/minio_to_snowflake_dag.py
[2026-05-28T14:25:26.051+0000] {processor.py:840} INFO - DAG(s) 'minio_to_snowflake_banking' retrieved from /opt/airflow/dags/minio_to_snowflake_dag.py
[2026-05-28T14:25:26.058+0000] {logging_mixin.py:188} INFO - [2026-05-28T14:25:26.058+0000] {dag.py:3089} INFO - Sync 1 DAGs
[2026-05-28T14:25:26.064+0000] {logging_mixin.py:188} INFO - [2026-05-28T14:25:26.064+0000] {dag.py:3947} INFO - Setting next_dagrun for minio_to_snowflake_banking to 2026-05-28 13:30:00+00:00, run_after=2026-05-28 14:00:00+00:00
[2026-05-28T14:25:26.069+0000] {processor.py:183} INFO - Processing /opt/airflow/dags/minio_to_snowflake_dag.py took 0.264 seconds
[2026-05-28T14:25:57.046+0000] {processor.py:161} INFO - Started process (PID=800) to work on /opt/airflow/dags/minio_to_snowflake_dag.py
[2026-05-28T14:25:57.046+0000] {processor.py:830} INFO - Processing file /opt/airflow/dags/minio_to_snowflake_dag.py for tasks to queue
[2026-05-28T14:25:57.047+0000] {logging_mixin.py:188} INFO - [2026-05-28T14:25:57.047+0000] {dagbag.py:545} INFO - Filling up the DagBag from /opt/airflow/dags/minio_to_snowflake_dag.py
[2026-05-28T14:25:57.296+0000] {processor.py:840} INFO - DAG(s) 'minio_to_snowflake_banking' retrieved from /opt/airflow/dags/minio_to_snowflake_dag.py
[2026-05-28T14:25:57.304+0000] {logging_mixin.py:188} INFO - [2026-05-28T14:25:57.304+0000] {dag.py:3089} INFO - Sync 1 DAGs
[2026-05-28T14:25:57.310+0000] {logging_mixin.py:188} INFO - [2026-05-28T14:25:57.310+0000] {dag.py:3947} INFO - Setting next_dagrun for minio_to_snowflake_banking to 2026-05-28 13:30:00+00:00, run_after=2026-05-28 14:00:00+00:00
[2026-05-28T14:25:57.315+0000] {processor.py:183} INFO - Processing /opt/airflow/dags/minio_to_snowflake_dag.py took 0.270 seconds
[2026-05-28T14:26:27.339+0000] {processor.py:161} INFO - Started process (PID=805) to work on /opt/airflow/dags/minio_to_snowflake_dag.py
[2026-05-28T14:26:27.340+0000] {processor.py:830} INFO - Processing file /opt/airflow/dags/minio_to_snowflake_dag.py for tasks to queue
[2026-05-28T14:26:27.342+0000] {logging_mixin.py:188} INFO - [2026-05-28T14:26:27.341+0000] {dagbag.py:545} INFO - Filling up the DagBag from /opt/airflow/dags/minio_to_snowflake_dag.py
[2026-05-28T14:26:27.574+0000] {processor.py:840} INFO - DAG(s) 'minio_to_snowflake_banking' retrieved from /opt/airflow/dags/minio_to_snowflake_dag.py
[2026-05-28T14:26:27.582+0000] {logging_mixin.py:188} INFO - [2026-05-28T14:26:27.582+0000] {dag.py:3089} INFO - Sync 1 DAGs
[2026-05-28T14:26:27.588+0000] {logging_mixin.py:188} INFO - [2026-05-28T14:26:27.588+0000] {dag.py:3947} INFO - Setting next_dagrun for minio_to_snowflake_banking to 2026-05-28 13:30:00+00:00, run_after=2026-05-28 14:00:00+00:00
[2026-05-28T14:26:27.593+0000] {processor.py:183} INFO - Processing /opt/airflow/dags/minio_to_snowflake_dag.py took 0.260 seconds
[2026-05-28T14:26:58.586+0000] {processor.py:161} INFO - Started process (PID=810) to work on /opt/airflow/dags/minio_to_snowflake_dag.py
[2026-05-28T14:26:58.587+0000] {processor.py:830} INFO - Processing file /opt/airflow/dags/minio_to_snowflake_dag.py for tasks to queue
[2026-05-28T14:26:58.587+0000] {logging_mixin.py:188} INFO - [2026-05-28T14:26:58.587+0000] {dagbag.py:545} INFO - Filling up the DagBag from /opt/airflow/dags/minio_to_snowflake_dag.py
[2026-05-28T14:26:58.838+0000] {processor.py:840} INFO - DAG(s) 'minio_to_snowflake_banking' retrieved from /opt/airflow/dags/minio_to_snowflake_dag.py
[2026-05-28T14:26:58.848+0000] {logging_mixin.py:188} INFO - [2026-05-28T14:26:58.848+0000] {dag.py:3089} INFO - Sync 1 DAGs
[2026-05-28T14:26:58.855+0000] {logging_mixin.py:188} INFO - [2026-05-28T14:26:58.855+0000] {dag.py:3947} INFO - Setting next_dagrun for minio_to_snowflake_banking to 2026-05-28 13:30:00+00:00, run_after=2026-05-28 14:00:00+00:00
[2026-05-28T14:26:58.860+0000] {processor.py:183} INFO - Processing /opt/airflow/dags/minio_to_snowflake_dag.py took 0.276 seconds
[2026-05-28T14:27:29.814+0000] {processor.py:161} INFO - Started process (PID=815) to work on /opt/airflow/dags/minio_to_snowflake_dag.py
[2026-05-28T14:27:29.814+0000] {processor.py:830} INFO - Processing file /opt/airflow/dags/minio_to_snowflake_dag.py for tasks to queue
[2026-05-28T14:27:29.815+0000] {logging_mixin.py:188} INFO - [2026-05-28T14:27:29.815+0000] {dagbag.py:545} INFO - Filling up the DagBag from /opt/airflow/dags/minio_to_snowflake_dag.py
[2026-05-28T14:27:30.034+0000] {processor.py:840} INFO - DAG(s) 'minio_to_snowflake_banking' retrieved from /opt/airflow/dags/minio_to_snowflake_dag.py
[2026-05-28T14:27:30.042+0000] {logging_mixin.py:188} INFO - [2026-05-28T14:27:30.042+0000] {dag.py:3089} INFO - Sync 1 DAGs
[2026-05-28T14:27:30.048+0000] {logging_mixin.py:188} INFO - [2026-05-28T14:27:30.048+0000] {dag.py:3947} INFO - Setting next_dagrun for minio_to_snowflake_banking to 2026-05-28 13:30:00+00:00, run_after=2026-05-28 14:00:00+00:00
[2026-05-28T14:27:30.053+0000] {processor.py:183} INFO - Processing /opt/airflow/dags/minio_to_snowflake_dag.py took 0.242 seconds
[2026-05-28T14:28:01.068+0000] {processor.py:161} INFO - Started process (PID=820) to work on /opt/airflow/dags/minio_to_snowflake_dag.py
[2026-05-28T14:28:01.069+0000] {processor.py:830} INFO - Processing file /opt/airflow/dags/minio_to_snowflake_dag.py for tasks to queue
[2026-05-28T14:28:01.071+0000] {logging_mixin.py:188} INFO - [2026-05-28T14:28:01.070+0000] {dagbag.py:545} INFO - Filling up the DagBag from /opt/airflow/dags/minio_to_snowflake_dag.py
[2026-05-28T14:28:01.297+0000] {processor.py:840} INFO - DAG(s) 'minio_to_snowflake_banking' retrieved from /opt/airflow/dags/minio_to_snowflake_dag.py
[2026-05-28T14:28:01.305+0000] {logging_mixin.py:188} INFO - [2026-05-28T14:28:01.305+0000] {dag.py:3089} INFO - Sync 1 DAGs
[2026-05-28T14:28:01.311+0000] {logging_mixin.py:188} INFO - [2026-05-28T14:28:01.311+0000] {dag.py:3947} INFO - Setting next_dagrun for minio_to_snowflake_banking to 2026-05-28 13:30:00+00:00, run_after=2026-05-28 14:00:00+00:00
[2026-05-28T14:28:01.316+0000] {processor.py:183} INFO - Processing /opt/airflow/dags/minio_to_snowflake_dag.py took 0.252 seconds
[2026-05-28T14:28:32.285+0000] {processor.py:161} INFO - Started process (PID=825) to work on /opt/airflow/dags/minio_to_snowflake_dag.py
[2026-05-28T14:28:32.286+0000] {processor.py:830} INFO - Processing file /opt/airflow/dags/minio_to_snowflake_dag.py for tasks to queue
[2026-05-28T14:28:32.287+0000] {logging_mixin.py:188} INFO - [2026-05-28T14:28:32.287+0000] {dagbag.py:545} INFO - Filling up the DagBag from /opt/airflow/dags/minio_to_snowflake_dag.py
[2026-05-28T14:28:32.518+0000] {processor.py:840} INFO - DAG(s) 'minio_to_snowflake_banking' retrieved from /opt/airflow/dags/minio_to_snowflake_dag.py
[2026-05-28T14:28:32.526+0000] {logging_mixin.py:188} INFO - [2026-05-28T14:28:32.526+0000] {dag.py:3089} INFO - Sync 1 DAGs
[2026-05-28T14:28:32.532+0000] {logging_mixin.py:188} INFO - [2026-05-28T14:28:32.532+0000] {dag.py:3947} INFO - Setting next_dagrun for minio_to_snowflake_banking to 2026-05-28 13:30:00+00:00, run_after=2026-05-28 14:00:00+00:00
[2026-05-28T14:28:32.537+0000] {processor.py:183} INFO - Processing /opt/airflow/dags/minio_to_snowflake_dag.py took 0.256 seconds
[2026-05-28T14:29:03.505+0000] {processor.py:161} INFO - Started process (PID=830) to work on /opt/airflow/dags/minio_to_snowflake_dag.py
[2026-05-28T14:29:03.506+0000] {processor.py:830} INFO - Processing file /opt/airflow/dags/minio_to_snowflake_dag.py for tasks to queue
[2026-05-28T14:29:03.508+0000] {logging_mixin.py:188} INFO - [2026-05-28T14:29:03.508+0000] {dagbag.py:545} INFO - Filling up the DagBag from /opt/airflow/dags/minio_to_snowflake_dag.py
[2026-05-28T14:29:03.736+0000] {processor.py:840} INFO - DAG(s) 'minio_to_snowflake_banking' retrieved from /opt/airflow/dags/minio_to_snowflake_dag.py
[2026-05-28T14:29:03.745+0000] {logging_mixin.py:188} INFO - [2026-05-28T14:29:03.744+0000] {dag.py:3089} INFO - Sync 1 DAGs
[2026-05-28T14:29:03.751+0000] {logging_mixin.py:188} INFO - [2026-05-28T14:29:03.751+0000] {dag.py:3947} INFO - Setting next_dagrun for minio_to_snowflake_banking to 2026-05-28 13:30:00+00:00, run_after=2026-05-28 14:00:00+00:00
[2026-05-28T14:29:03.756+0000] {processor.py:183} INFO - Processing /opt/airflow/dags/minio_to_snowflake_dag.py took 0.255 seconds
[2026-05-28T14:29:34.750+0000] {processor.py:161} INFO - Started process (PID=835) to work on /opt/airflow/dags/minio_to_snowflake_dag.py
[2026-05-28T14:29:34.752+0000] {processor.py:830} INFO - Processing file /opt/airflow/dags/minio_to_snowflake_dag.py for tasks to queue
[2026-05-28T14:29:34.753+0000] {logging_mixin.py:188} INFO - [2026-05-28T14:29:34.753+0000] {dagbag.py:545} INFO - Filling up the DagBag from /opt/airflow/dags/minio_to_snowflake_dag.py
[2026-05-28T14:29:34.980+0000] {processor.py:840} INFO - DAG(s) 'minio_to_snowflake_banking' retrieved from /opt/airflow/dags/minio_to_snowflake_dag.py
[2026-05-28T14:29:34.987+0000] {logging_mixin.py:188} INFO - [2026-05-28T14:29:34.987+0000] {dag.py:3089} INFO - Sync 1 DAGs
[2026-05-28T14:29:34.993+0000] {logging_mixin.py:188} INFO - [2026-05-28T14:29:34.993+0000] {dag.py:3947} INFO - Setting next_dagrun for minio_to_snowflake_banking to 2026-05-28 13:30:00+00:00, run_after=2026-05-28 14:00:00+00:00
[2026-05-28T14:29:34.999+0000] {processor.py:183} INFO - Processing /opt/airflow/dags/minio_to_snowflake_dag.py took 0.253 seconds
[2026-05-28T14:30:05.964+0000] {processor.py:161} INFO - Started process (PID=840) to work on /opt/airflow/dags/minio_to_snowflake_dag.py
[2026-05-28T14:30:05.965+0000] {processor.py:830} INFO - Processing file /opt/airflow/dags/minio_to_snowflake_dag.py for tasks to queue
[2026-05-28T14:30:05.967+0000] {logging_mixin.py:188} INFO - [2026-05-28T14:30:05.967+0000] {dagbag.py:545} INFO - Filling up the DagBag from /opt/airflow/dags/minio_to_snowflake_dag.py
[2026-05-28T14:30:06.190+0000] {processor.py:840} INFO - DAG(s) 'minio_to_snowflake_banking' retrieved from /opt/airflow/dags/minio_to_snowflake_dag.py
[2026-05-28T14:30:06.197+0000] {logging_mixin.py:188} INFO - [2026-05-28T14:30:06.197+0000] {dag.py:3089} INFO - Sync 1 DAGs
[2026-05-28T14:30:06.204+0000] {logging_mixin.py:188} INFO - [2026-05-28T14:30:06.203+0000] {dag.py:3947} INFO - Setting next_dagrun for minio_to_snowflake_banking to 2026-05-28 14:00:00+00:00, run_after=2026-05-28 14:30:00+00:00
[2026-05-28T14:30:06.209+0000] {processor.py:183} INFO - Processing /opt/airflow/dags/minio_to_snowflake_dag.py took 0.249 seconds
[2026-05-28T14:30:37.198+0000] {processor.py:161} INFO - Started process (PID=845) to work on /opt/airflow/dags/minio_to_snowflake_dag.py
[2026-05-28T14:30:37.199+0000] {processor.py:830} INFO - Processing file /opt/airflow/dags/minio_to_snowflake_dag.py for tasks to queue
[2026-05-28T14:30:37.201+0000] {logging_mixin.py:188} INFO - [2026-05-28T14:30:37.201+0000] {dagbag.py:545} INFO - Filling up the DagBag from /opt/airflow/dags/minio_to_snowflake_dag.py
[2026-05-28T14:30:37.465+0000] {processor.py:840} INFO - DAG(s) 'minio_to_snowflake_banking' retrieved from /opt/airflow/dags/minio_to_snowflake_dag.py
[2026-05-28T14:30:37.474+0000] {logging_mixin.py:188} INFO - [2026-05-28T14:30:37.474+0000] {dag.py:3089} INFO - Sync 1 DAGs
[2026-05-28T14:30:37.481+0000] {logging_mixin.py:188} INFO - [2026-05-28T14:30:37.481+0000] {dag.py:3947} INFO - Setting next_dagrun for minio_to_snowflake_banking to 2026-05-28 14:00:00+00:00, run_after=2026-05-28 14:30:00+00:00
[2026-05-28T14:30:37.487+0000] {processor.py:183} INFO - Processing /opt/airflow/dags/minio_to_snowflake_dag.py took 0.293 seconds
[2026-05-28T14:31:08.462+0000] {processor.py:161} INFO - Started process (PID=850) to work on /opt/airflow/dags/minio_to_snowflake_dag.py
[2026-05-28T14:31:08.463+0000] {processor.py:830} INFO - Processing file /opt/airflow/dags/minio_to_snowflake_dag.py for tasks to queue
[2026-05-28T14:31:08.464+0000] {logging_mixin.py:188} INFO - [2026-05-28T14:31:08.464+0000] {dagbag.py:545} INFO - Filling up the DagBag from /opt/airflow/dags/minio_to_snowflake_dag.py
[2026-05-28T14:31:08.685+0000] {processor.py:840} INFO - DAG(s) 'minio_to_snowflake_banking' retrieved from /opt/airflow/dags/minio_to_snowflake_dag.py
[2026-05-28T14:31:08.694+0000] {logging_mixin.py:188} INFO - [2026-05-28T14:31:08.693+0000] {dag.py:3089} INFO - Sync 1 DAGs
[2026-05-28T14:31:08.699+0000] {logging_mixin.py:188} INFO - [2026-05-28T14:31:08.699+0000] {dag.py:3947} INFO - Setting next_dagrun for minio_to_snowflake_banking to 2026-05-28 14:00:00+00:00, run_after=2026-05-28 14:30:00+00:00
[2026-05-28T14:31:08.705+0000] {processor.py:183} INFO - Processing /opt/airflow/dags/minio_to_snowflake_dag.py took 0.247 seconds
[2026-05-28T14:31:39.676+0000] {processor.py:161} INFO - Started process (PID=855) to work on /opt/airflow/dags/minio_to_snowflake_dag.py
[2026-05-28T14:31:39.677+0000] {processor.py:830} INFO - Processing file /opt/airflow/dags/minio_to_snowflake_dag.py for tasks to queue
[2026-05-28T14:31:39.679+0000] {logging_mixin.py:188} INFO - [2026-05-28T14:31:39.679+0000] {dagbag.py:545} INFO - Filling up the DagBag from /opt/airflow/dags/minio_to_snowflake_dag.py
[2026-05-28T14:31:39.908+0000] {processor.py:840} INFO - DAG(s) 'minio_to_snowflake_banking' retrieved from /opt/airflow/dags/minio_to_snowflake_dag.py
[2026-05-28T14:31:39.916+0000] {logging_mixin.py:188} INFO - [2026-05-28T14:31:39.916+0000] {dag.py:3089} INFO - Sync 1 DAGs
[2026-05-28T14:31:39.923+0000] {logging_mixin.py:188} INFO - [2026-05-28T14:31:39.923+0000] {dag.py:3947} INFO - Setting next_dagrun for minio_to_snowflake_banking to 2026-05-28 14:00:00+00:00, run_after=2026-05-28 14:30:00+00:00
[2026-05-28T14:31:39.928+0000] {processor.py:183} INFO - Processing /opt/airflow/dags/minio_to_snowflake_dag.py took 0.254 seconds
[2026-05-28T14:32:10.925+0000] {processor.py:161} INFO - Started process (PID=861) to work on /opt/airflow/dags/minio_to_snowflake_dag.py
[2026-05-28T14:32:10.926+0000] {processor.py:830} INFO - Processing file /opt/airflow/dags/minio_to_snowflake_dag.py for tasks to queue
[2026-05-28T14:32:10.928+0000] {logging_mixin.py:188} INFO - [2026-05-28T14:32:10.928+0000] {dagbag.py:545} INFO - Filling up the DagBag from /opt/airflow/dags/minio_to_snowflake_dag.py
[2026-05-28T14:32:11.181+0000] {processor.py:840} INFO - DAG(s) 'minio_to_snowflake_banking' retrieved from /opt/airflow/dags/minio_to_snowflake_dag.py
[2026-05-28T14:32:11.189+0000] {logging_mixin.py:188} INFO - [2026-05-28T14:32:11.189+0000] {dag.py:3089} INFO - Sync 1 DAGs
[2026-05-28T14:32:11.195+0000] {logging_mixin.py:188} INFO - [2026-05-28T14:32:11.195+0000] {dag.py:3947} INFO - Setting next_dagrun for minio_to_snowflake_banking to 2026-05-28 14:00:00+00:00, run_after=2026-05-28 14:30:00+00:00
[2026-05-28T14:32:11.201+0000] {processor.py:183} INFO - Processing /opt/airflow/dags/minio_to_snowflake_dag.py took 0.280 seconds
[2026-05-28T14:32:41.248+0000] {processor.py:161} INFO - Started process (PID=866) to work on /opt/airflow/dags/minio_to_snowflake_dag.py
[2026-05-28T14:32:41.249+0000] {processor.py:830} INFO - Processing file /opt/airflow/dags/minio_to_snowflake_dag.py for tasks to queue
[2026-05-28T14:32:41.249+0000] {logging_mixin.py:188} INFO - [2026-05-28T14:32:41.249+0000] {dagbag.py:545} INFO - Filling up the DagBag from /opt/airflow/dags/minio_to_snowflake_dag.py
[2026-05-28T14:32:41.474+0000] {processor.py:840} INFO - DAG(s) 'minio_to_snowflake_banking' retrieved from /opt/airflow/dags/minio_to_snowflake_dag.py
[2026-05-28T14:32:41.483+0000] {logging_mixin.py:188} INFO - [2026-05-28T14:32:41.483+0000] {dag.py:3089} INFO - Sync 1 DAGs
[2026-05-28T14:32:41.491+0000] {logging_mixin.py:188} INFO - [2026-05-28T14:32:41.491+0000] {dag.py:3947} INFO - Setting next_dagrun for minio_to_snowflake_banking to 2026-05-28 14:00:00+00:00, run_after=2026-05-28 14:30:00+00:00
[2026-05-28T14:32:41.497+0000] {processor.py:183} INFO - Processing /opt/airflow/dags/minio_to_snowflake_dag.py took 0.251 seconds
[2026-05-28T14:33:12.434+0000] {processor.py:161} INFO - Started process (PID=928) to work on /opt/airflow/dags/minio_to_snowflake_dag.py
[2026-05-28T14:33:12.435+0000] {processor.py:830} INFO - Processing file /opt/airflow/dags/minio_to_snowflake_dag.py for tasks to queue
[2026-05-28T14:33:12.435+0000] {logging_mixin.py:188} INFO - [2026-05-28T14:33:12.435+0000] {dagbag.py:545} INFO - Filling up the DagBag from /opt/airflow/dags/minio_to_snowflake_dag.py
[2026-05-28T14:33:12.691+0000] {processor.py:840} INFO - DAG(s) 'minio_to_snowflake_banking' retrieved from /opt/airflow/dags/minio_to_snowflake_dag.py
[2026-05-28T14:33:12.701+0000] {logging_mixin.py:188} INFO - [2026-05-28T14:33:12.701+0000] {dag.py:3089} INFO - Sync 1 DAGs
[2026-05-28T14:33:12.708+0000] {logging_mixin.py:188} INFO - [2026-05-28T14:33:12.708+0000] {dag.py:3947} INFO - Setting next_dagrun for minio_to_snowflake_banking to 2026-05-28 14:00:00+00:00, run_after=2026-05-28 14:30:00+00:00
[2026-05-28T14:33:12.714+0000] {processor.py:183} INFO - Processing /opt/airflow/dags/minio_to_snowflake_dag.py took 0.284 seconds
[2026-05-28T14:33:42.741+0000] {processor.py:161} INFO - Started process (PID=976) to work on /opt/airflow/dags/minio_to_snowflake_dag.py
[2026-05-28T14:33:42.741+0000] {processor.py:830} INFO - Processing file /opt/airflow/dags/minio_to_snowflake_dag.py for tasks to queue
[2026-05-28T14:33:42.742+0000] {logging_mixin.py:188} INFO - [2026-05-28T14:33:42.742+0000] {dagbag.py:545} INFO - Filling up the DagBag from /opt/airflow/dags/minio_to_snowflake_dag.py
[2026-05-28T14:33:42.996+0000] {processor.py:840} INFO - DAG(s) 'minio_to_snowflake_banking' retrieved from /opt/airflow/dags/minio_to_snowflake_dag.py
[2026-05-28T14:33:43.005+0000] {logging_mixin.py:188} INFO - [2026-05-28T14:33:43.005+0000] {dag.py:3089} INFO - Sync 1 DAGs
[2026-05-28T14:33:43.011+0000] {logging_mixin.py:188} INFO - [2026-05-28T14:33:43.011+0000] {dag.py:3947} INFO - Setting next_dagrun for minio_to_snowflake_banking to 2026-05-28 14:00:00+00:00, run_after=2026-05-28 14:30:00+00:00
[2026-05-28T14:33:43.018+0000] {processor.py:183} INFO - Processing /opt/airflow/dags/minio_to_snowflake_dag.py took 0.281 seconds
[2026-05-28T14:34:13.922+0000] {processor.py:161} INFO - Started process (PID=981) to work on /opt/airflow/dags/minio_to_snowflake_dag.py
[2026-05-28T14:34:13.922+0000] {processor.py:830} INFO - Processing file /opt/airflow/dags/minio_to_snowflake_dag.py for tasks to queue
[2026-05-28T14:34:13.923+0000] {logging_mixin.py:188} INFO - [2026-05-28T14:34:13.923+0000] {dagbag.py:545} INFO - Filling up the DagBag from /opt/airflow/dags/minio_to_snowflake_dag.py
[2026-05-28T14:34:14.159+0000] {processor.py:840} INFO - DAG(s) 'minio_to_snowflake_banking' retrieved from /opt/airflow/dags/minio_to_snowflake_dag.py
[2026-05-28T14:34:14.167+0000] {logging_mixin.py:188} INFO - [2026-05-28T14:34:14.167+0000] {dag.py:3089} INFO - Sync 1 DAGs
[2026-05-28T14:34:14.173+0000] {logging_mixin.py:188} INFO - [2026-05-28T14:34:14.173+0000] {dag.py:3947} INFO - Setting next_dagrun for minio_to_snowflake_banking to 2026-05-28 14:00:00+00:00, run_after=2026-05-28 14:30:00+00:00
[2026-05-28T14:34:14.178+0000] {processor.py:183} INFO - Processing /opt/airflow/dags/minio_to_snowflake_dag.py took 0.260 seconds
[2026-05-28T14:34:44.194+0000] {processor.py:161} INFO - Started process (PID=986) to work on /opt/airflow/dags/minio_to_snowflake_dag.py
[2026-05-28T14:34:44.195+0000] {processor.py:830} INFO - Processing file /opt/airflow/dags/minio_to_snowflake_dag.py for tasks to queue
[2026-05-28T14:34:44.196+0000] {logging_mixin.py:188} INFO - [2026-05-28T14:34:44.195+0000] {dagbag.py:545} INFO - Filling up the DagBag from /opt/airflow/dags/minio_to_snowflake_dag.py
[2026-05-28T14:34:44.420+0000] {processor.py:840} INFO - DAG(s) 'minio_to_snowflake_banking' retrieved from /opt/airflow/dags/minio_to_snowflake_dag.py
[2026-05-28T14:34:44.428+0000] {logging_mixin.py:188} INFO - [2026-05-28T14:34:44.428+0000] {dag.py:3089} INFO - Sync 1 DAGs
[2026-05-28T14:34:44.434+0000] {logging_mixin.py:188} INFO - [2026-05-28T14:34:44.434+0000] {dag.py:3947} INFO - Setting next_dagrun for minio_to_snowflake_banking to 2026-05-28 14:00:00+00:00, run_after=2026-05-28 14:30:00+00:00
[2026-05-28T14:34:44.440+0000] {processor.py:183} INFO - Processing /opt/airflow/dags/minio_to_snowflake_dag.py took 0.249 seconds
[2026-05-28T14:35:15.385+0000] {processor.py:161} INFO - Started process (PID=991) to work on /opt/airflow/dags/minio_to_snowflake_dag.py
[2026-05-28T14:35:15.386+0000] {processor.py:830} INFO - Processing file /opt/airflow/dags/minio_to_snowflake_dag.py for tasks to queue
[2026-05-28T14:35:15.387+0000] {logging_mixin.py:188} INFO - [2026-05-28T14:35:15.386+0000] {dagbag.py:545} INFO - Filling up the DagBag from /opt/airflow/dags/minio_to_snowflake_dag.py
[2026-05-28T14:35:15.613+0000] {processor.py:840} INFO - DAG(s) 'minio_to_snowflake_banking' retrieved from /opt/airflow/dags/minio_to_snowflake_dag.py
[2026-05-28T14:35:15.622+0000] {logging_mixin.py:188} INFO - [2026-05-28T14:35:15.622+0000] {dag.py:3089} INFO - Sync 1 DAGs
[2026-05-28T14:35:15.628+0000] {logging_mixin.py:188} INFO - [2026-05-28T14:35:15.628+0000] {dag.py:3947} INFO - Setting next_dagrun for minio_to_snowflake_banking to 2026-05-28 14:00:00+00:00, run_after=2026-05-28 14:30:00+00:00
[2026-05-28T14:35:15.634+0000] {processor.py:183} INFO - Processing /opt/airflow/dags/minio_to_snowflake_dag.py took 0.254 seconds
[2026-05-28T14:35:45.674+0000] {processor.py:161} INFO - Started process (PID=996) to work on /opt/airflow/dags/minio_to_snowflake_dag.py
[2026-05-28T14:35:45.675+0000] {processor.py:830} INFO - Processing file /opt/airflow/dags/minio_to_snowflake_dag.py for tasks to queue
[2026-05-28T14:35:45.676+0000] {logging_mixin.py:188} INFO - [2026-05-28T14:35:45.676+0000] {dagbag.py:545} INFO - Filling up the DagBag from /opt/airflow/dags/minio_to_snowflake_dag.py
[2026-05-28T14:35:45.909+0000] {processor.py:840} INFO - DAG(s) 'minio_to_snowflake_banking' retrieved from /opt/airflow/dags/minio_to_snowflake_dag.py
[2026-05-28T14:35:45.917+0000] {logging_mixin.py:188} INFO - [2026-05-28T14:35:45.917+0000] {dag.py:3089} INFO - Sync 1 DAGs
[2026-05-28T14:35:45.922+0000] {logging_mixin.py:188} INFO - [2026-05-28T14:35:45.922+0000] {dag.py:3947} INFO - Setting next_dagrun for minio_to_snowflake_banking to 2026-05-28 14:00:00+00:00, run_after=2026-05-28 14:30:00+00:00
[2026-05-28T14:35:45.927+0000] {processor.py:183} INFO - Processing /opt/airflow/dags/minio_to_snowflake_dag.py took 0.257 seconds
[2026-05-28T14:36:15.958+0000] {processor.py:161} INFO - Started process (PID=1147) to work on /opt/airflow/dags/minio_to_snowflake_dag.py
[2026-05-28T14:36:15.959+0000] {processor.py:830} INFO - Processing file /opt/airflow/dags/minio_to_snowflake_dag.py for tasks to queue
[2026-05-28T14:36:15.960+0000] {logging_mixin.py:188} INFO - [2026-05-28T14:36:15.960+0000] {dagbag.py:545} INFO - Filling up the DagBag from /opt/airflow/dags/minio_to_snowflake_dag.py
[2026-05-28T14:36:16.214+0000] {processor.py:840} INFO - DAG(s) 'minio_to_snowflake_banking' retrieved from /opt/airflow/dags/minio_to_snowflake_dag.py
[2026-05-28T14:36:16.226+0000] {logging_mixin.py:188} INFO - [2026-05-28T14:36:16.226+0000] {dag.py:3089} INFO - Sync 1 DAGs
[2026-05-28T14:36:16.234+0000] {logging_mixin.py:188} INFO - [2026-05-28T14:36:16.234+0000] {dag.py:3947} INFO - Setting next_dagrun for minio_to_snowflake_banking to 2026-05-28 14:30:00+00:00, run_after=2026-05-28 15:00:00+00:00
[2026-05-28T14:36:16.240+0000] {processor.py:183} INFO - Processing /opt/airflow/dags/minio_to_snowflake_dag.py took 0.286 seconds
[2026-05-28T14:36:46.268+0000] {processor.py:161} INFO - Started process (PID=1152) to work on /opt/airflow/dags/minio_to_snowflake_dag.py
[2026-05-28T14:36:46.269+0000] {processor.py:830} INFO - Processing file /opt/airflow/dags/minio_to_snowflake_dag.py for tasks to queue
[2026-05-28T14:36:46.269+0000] {logging_mixin.py:188} INFO - [2026-05-28T14:36:46.269+0000] {dagbag.py:545} INFO - Filling up the DagBag from /opt/airflow/dags/minio_to_snowflake_dag.py
[2026-05-28T14:36:46.503+0000] {processor.py:840} INFO - DAG(s) 'minio_to_snowflake_banking' retrieved from /opt/airflow/dags/minio_to_snowflake_dag.py
[2026-05-28T14:36:46.511+0000] {logging_mixin.py:188} INFO - [2026-05-28T14:36:46.511+0000] {dag.py:3089} INFO - Sync 1 DAGs
[2026-05-28T14:36:46.518+0000] {logging_mixin.py:188} INFO - [2026-05-28T14:36:46.518+0000] {dag.py:3947} INFO - Setting next_dagrun for minio_to_snowflake_banking to 2026-05-28 14:30:00+00:00, run_after=2026-05-28 15:00:00+00:00
[2026-05-28T14:36:46.523+0000] {processor.py:183} INFO - Processing /opt/airflow/dags/minio_to_snowflake_dag.py took 0.259 seconds
[2026-05-28T14:37:16.563+0000] {processor.py:161} INFO - Started process (PID=1157) to work on /opt/airflow/dags/minio_to_snowflake_dag.py
[2026-05-28T14:37:16.564+0000] {processor.py:830} INFO - Processing file /opt/airflow/dags/minio_to_snowflake_dag.py for tasks to queue
[2026-05-28T14:37:16.564+0000] {logging_mixin.py:188} INFO - [2026-05-28T14:37:16.564+0000] {dagbag.py:545} INFO - Filling up the DagBag from /opt/airflow/dags/minio_to_snowflake_dag.py
[2026-05-28T14:37:16.792+0000] {processor.py:840} INFO - DAG(s) 'minio_to_snowflake_banking' retrieved from /opt/airflow/dags/minio_to_snowflake_dag.py
[2026-05-28T14:37:16.800+0000] {logging_mixin.py:188} INFO - [2026-05-28T14:37:16.800+0000] {dag.py:3089} INFO - Sync 1 DAGs
[2026-05-28T14:37:16.806+0000] {logging_mixin.py:188} INFO - [2026-05-28T14:37:16.806+0000] {dag.py:3947} INFO - Setting next_dagrun for minio_to_snowflake_banking to 2026-05-28 14:30:00+00:00, run_after=2026-05-28 15:00:00+00:00
[2026-05-28T14:37:16.811+0000] {processor.py:183} INFO - Processing /opt/airflow/dags/minio_to_snowflake_dag.py took 0.252 seconds
[2026-05-28T14:37:46.866+0000] {processor.py:161} INFO - Started process (PID=1162) to work on /opt/airflow/dags/minio_to_snowflake_dag.py
[2026-05-28T14:37:46.867+0000] {processor.py:830} INFO - Processing file /opt/airflow/dags/minio_to_snowflake_dag.py for tasks to queue
[2026-05-28T14:37:46.867+0000] {logging_mixin.py:188} INFO - [2026-05-28T14:37:46.867+0000] {dagbag.py:545} INFO - Filling up the DagBag from /opt/airflow/dags/minio_to_snowflake_dag.py
[2026-05-28T14:37:47.095+0000] {processor.py:840} INFO - DAG(s) 'minio_to_snowflake_banking' retrieved from /opt/airflow/dags/minio_to_snowflake_dag.py
[2026-05-28T14:37:47.103+0000] {logging_mixin.py:188} INFO - [2026-05-28T14:37:47.103+0000] {dag.py:3089} INFO - Sync 1 DAGs
[2026-05-28T14:37:47.109+0000] {logging_mixin.py:188} INFO - [2026-05-28T14:37:47.109+0000] {dag.py:3947} INFO - Setting next_dagrun for minio_to_snowflake_banking to 2026-05-28 14:30:00+00:00, run_after=2026-05-28 15:00:00+00:00
[2026-05-28T14:37:47.114+0000] {processor.py:183} INFO - Processing /opt/airflow/dags/minio_to_snowflake_dag.py took 0.253 seconds
[2026-05-28T14:38:18.078+0000] {processor.py:161} INFO - Started process (PID=1167) to work on /opt/airflow/dags/minio_to_snowflake_dag.py
[2026-05-28T14:38:18.079+0000] {processor.py:830} INFO - Processing file /opt/airflow/dags/minio_to_snowflake_dag.py for tasks to queue
[2026-05-28T14:38:18.080+0000] {logging_mixin.py:188} INFO - [2026-05-28T14:38:18.079+0000] {dagbag.py:545} INFO - Filling up the DagBag from /opt/airflow/dags/minio_to_snowflake_dag.py
[2026-05-28T14:38:18.345+0000] {processor.py:840} INFO - DAG(s) 'minio_to_snowflake_banking' retrieved from /opt/airflow/dags/minio_to_snowflake_dag.py
[2026-05-28T14:38:18.354+0000] {logging_mixin.py:188} INFO - [2026-05-28T14:38:18.354+0000] {dag.py:3089} INFO - Sync 1 DAGs
[2026-05-28T14:38:18.361+0000] {logging_mixin.py:188} INFO - [2026-05-28T14:38:18.361+0000] {dag.py:3947} INFO - Setting next_dagrun for minio_to_snowflake_banking to 2026-05-28 14:30:00+00:00, run_after=2026-05-28 15:00:00+00:00
[2026-05-28T14:38:18.367+0000] {processor.py:183} INFO - Processing /opt/airflow/dags/minio_to_snowflake_dag.py took 0.293 seconds
[2026-05-28T14:38:48.430+0000] {processor.py:161} INFO - Started process (PID=1258) to work on /opt/airflow/dags/minio_to_snowflake_dag.py
[2026-05-28T14:38:48.431+0000] {processor.py:830} INFO - Processing file /opt/airflow/dags/minio_to_snowflake_dag.py for tasks to queue
[2026-05-28T14:38:48.432+0000] {logging_mixin.py:188} INFO - [2026-05-28T14:38:48.431+0000] {dagbag.py:545} INFO - Filling up the DagBag from /opt/airflow/dags/minio_to_snowflake_dag.py
[2026-05-28T14:38:48.690+0000] {processor.py:840} INFO - DAG(s) 'minio_to_snowflake_banking' retrieved from /opt/airflow/dags/minio_to_snowflake_dag.py
[2026-05-28T14:38:48.698+0000] {logging_mixin.py:188} INFO - [2026-05-28T14:38:48.698+0000] {dag.py:3089} INFO - Sync 1 DAGs
[2026-05-28T14:38:48.705+0000] {logging_mixin.py:188} INFO - [2026-05-28T14:38:48.705+0000] {dag.py:3947} INFO - Setting next_dagrun for minio_to_snowflake_banking to 2026-05-28 14:30:00+00:00, run_after=2026-05-28 15:00:00+00:00
[2026-05-28T14:38:48.711+0000] {processor.py:183} INFO - Processing /opt/airflow/dags/minio_to_snowflake_dag.py took 0.286 seconds
[2026-05-28T14:39:19.623+0000] {processor.py:161} INFO - Started process (PID=1263) to work on /opt/airflow/dags/minio_to_snowflake_dag.py
[2026-05-28T14:39:19.624+0000] {processor.py:830} INFO - Processing file /opt/airflow/dags/minio_to_snowflake_dag.py for tasks to queue
[2026-05-28T14:39:19.625+0000] {logging_mixin.py:188} INFO - [2026-05-28T14:39:19.625+0000] {dagbag.py:545} INFO - Filling up the DagBag from /opt/airflow/dags/minio_to_snowflake_dag.py
[2026-05-28T14:39:19.875+0000] {processor.py:840} INFO - DAG(s) 'minio_to_snowflake_banking' retrieved from /opt/airflow/dags/minio_to_snowflake_dag.py
[2026-05-28T14:39:19.884+0000] {logging_mixin.py:188} INFO - [2026-05-28T14:39:19.884+0000] {dag.py:3089} INFO - Sync 1 DAGs
[2026-05-28T14:39:19.890+0000] {logging_mixin.py:188} INFO - [2026-05-28T14:39:19.890+0000] {dag.py:3947} INFO - Setting next_dagrun for minio_to_snowflake_banking to 2026-05-28 14:30:00+00:00, run_after=2026-05-28 15:00:00+00:00
[2026-05-28T14:39:19.895+0000] {processor.py:183} INFO - Processing /opt/airflow/dags/minio_to_snowflake_dag.py took 0.276 seconds
[2026-05-28T14:39:49.933+0000] {processor.py:161} INFO - Started process (PID=1268) to work on /opt/airflow/dags/minio_to_snowflake_dag.py
[2026-05-28T14:39:49.933+0000] {processor.py:830} INFO - Processing file /opt/airflow/dags/minio_to_snowflake_dag.py for tasks to queue
[2026-05-28T14:39:49.934+0000] {logging_mixin.py:188} INFO - [2026-05-28T14:39:49.934+0000] {dagbag.py:545} INFO - Filling up the DagBag from /opt/airflow/dags/minio_to_snowflake_dag.py
[2026-05-28T14:39:50.162+0000] {processor.py:840} INFO - DAG(s) 'minio_to_snowflake_banking' retrieved from /opt/airflow/dags/minio_to_snowflake_dag.py
[2026-05-28T14:39:50.170+0000] {logging_mixin.py:188} INFO - [2026-05-28T14:39:50.170+0000] {dag.py:3089} INFO - Sync 1 DAGs
[2026-05-28T14:39:50.176+0000] {logging_mixin.py:188} INFO - [2026-05-28T14:39:50.176+0000] {dag.py:3947} INFO - Setting next_dagrun for minio_to_snowflake_banking to 2026-05-28 14:30:00+00:00, run_after=2026-05-28 15:00:00+00:00
[2026-05-28T14:39:50.182+0000] {processor.py:183} INFO - Processing /opt/airflow/dags/minio_to_snowflake_dag.py took 0.252 seconds
[2026-05-28T14:40:20.236+0000] {processor.py:161} INFO - Started process (PID=1273) to work on /opt/airflow/dags/minio_to_snowflake_dag.py
[2026-05-28T14:40:20.237+0000] {processor.py:830} INFO - Processing file /opt/airflow/dags/minio_to_snowflake_dag.py for tasks to queue
[2026-05-28T14:40:20.237+0000] {logging_mixin.py:188} INFO - [2026-05-28T14:40:20.237+0000] {dagbag.py:545} INFO - Filling up the DagBag from /opt/airflow/dags/minio_to_snowflake_dag.py
[2026-05-28T14:40:20.468+0000] {processor.py:840} INFO - DAG(s) 'minio_to_snowflake_banking' retrieved from /opt/airflow/dags/minio_to_snowflake_dag.py
[2026-05-28T14:40:20.476+0000] {logging_mixin.py:188} INFO - [2026-05-28T14:40:20.476+0000] {dag.py:3089} INFO - Sync 1 DAGs
[2026-05-28T14:40:20.482+0000] {logging_mixin.py:188} INFO - [2026-05-28T14:40:20.482+0000] {dag.py:3947} INFO - Setting next_dagrun for minio_to_snowflake_banking to 2026-05-28 14:30:00+00:00, run_after=2026-05-28 15:00:00+00:00
[2026-05-28T14:40:20.487+0000] {processor.py:183} INFO - Processing /opt/airflow/dags/minio_to_snowflake_dag.py took 0.256 seconds
[2026-05-28T14:40:50.536+0000] {processor.py:161} INFO - Started process (PID=1278) to work on /opt/airflow/dags/minio_to_snowflake_dag.py
[2026-05-28T14:40:50.536+0000] {processor.py:830} INFO - Processing file /opt/airflow/dags/minio_to_snowflake_dag.py for tasks to queue
[2026-05-28T14:40:50.537+0000] {logging_mixin.py:188} INFO - [2026-05-28T14:40:50.537+0000] {dagbag.py:545} INFO - Filling up the DagBag from /opt/airflow/dags/minio_to_snowflake_dag.py
[2026-05-28T14:40:50.766+0000] {processor.py:840} INFO - DAG(s) 'minio_to_snowflake_banking' retrieved from /opt/airflow/dags/minio_to_snowflake_dag.py
[2026-05-28T14:40:50.774+0000] {logging_mixin.py:188} INFO - [2026-05-28T14:40:50.774+0000] {dag.py:3089} INFO - Sync 1 DAGs
[2026-05-28T14:40:50.781+0000] {logging_mixin.py:188} INFO - [2026-05-28T14:40:50.781+0000] {dag.py:3947} INFO - Setting next_dagrun for minio_to_snowflake_banking to 2026-05-28 14:30:00+00:00, run_after=2026-05-28 15:00:00+00:00
[2026-05-28T14:40:50.785+0000] {processor.py:183} INFO - Processing /opt/airflow/dags/minio_to_snowflake_dag.py took 0.255 seconds
[2026-05-28T14:41:20.817+0000] {processor.py:161} INFO - Started process (PID=1283) to work on /opt/airflow/dags/minio_to_snowflake_dag.py
[2026-05-28T14:41:20.818+0000] {processor.py:830} INFO - Processing file /opt/airflow/dags/minio_to_snowflake_dag.py for tasks to queue
[2026-05-28T14:41:20.818+0000] {logging_mixin.py:188} INFO - [2026-05-28T14:41:20.818+0000] {dagbag.py:545} INFO - Filling up the DagBag from /opt/airflow/dags/minio_to_snowflake_dag.py
[2026-05-28T14:41:21.051+0000] {processor.py:840} INFO - DAG(s) 'minio_to_snowflake_banking' retrieved from /opt/airflow/dags/minio_to_snowflake_dag.py
[2026-05-28T14:41:21.059+0000] {logging_mixin.py:188} INFO - [2026-05-28T14:41:21.059+0000] {dag.py:3089} INFO - Sync 1 DAGs
[2026-05-28T14:41:21.065+0000] {logging_mixin.py:188} INFO - [2026-05-28T14:41:21.065+0000] {dag.py:3947} INFO - Setting next_dagrun for minio_to_snowflake_banking to 2026-05-28 14:30:00+00:00, run_after=2026-05-28 15:00:00+00:00
[2026-05-28T14:41:21.070+0000] {processor.py:183} INFO - Processing /opt/airflow/dags/minio_to_snowflake_dag.py took 0.258 seconds
[2026-05-28T14:41:51.110+0000] {processor.py:161} INFO - Started process (PID=1288) to work on /opt/airflow/dags/minio_to_snowflake_dag.py
[2026-05-28T14:41:51.111+0000] {processor.py:830} INFO - Processing file /opt/airflow/dags/minio_to_snowflake_dag.py for tasks to queue
[2026-05-28T14:41:51.111+0000] {logging_mixin.py:188} INFO - [2026-05-28T14:41:51.111+0000] {dagbag.py:545} INFO - Filling up the DagBag from /opt/airflow/dags/minio_to_snowflake_dag.py
[2026-05-28T14:41:51.344+0000] {processor.py:840} INFO - DAG(s) 'minio_to_snowflake_banking' retrieved from /opt/airflow/dags/minio_to_snowflake_dag.py
[2026-05-28T14:41:51.352+0000] {logging_mixin.py:188} INFO - [2026-05-28T14:41:51.352+0000] {dag.py:3089} INFO - Sync 1 DAGs
[2026-05-28T14:41:51.358+0000] {logging_mixin.py:188} INFO - [2026-05-28T14:41:51.358+0000] {dag.py:3947} INFO - Setting next_dagrun for minio_to_snowflake_banking to 2026-05-28 14:30:00+00:00, run_after=2026-05-28 15:00:00+00:00
[2026-05-28T14:41:51.363+0000] {processor.py:183} INFO - Processing /opt/airflow/dags/minio_to_snowflake_dag.py took 0.258 seconds
[2026-05-28T14:42:21.405+0000] {processor.py:161} INFO - Started process (PID=1293) to work on /opt/airflow/dags/minio_to_snowflake_dag.py
[2026-05-28T14:42:21.405+0000] {processor.py:830} INFO - Processing file /opt/airflow/dags/minio_to_snowflake_dag.py for tasks to queue
[2026-05-28T14:42:21.406+0000] {logging_mixin.py:188} INFO - [2026-05-28T14:42:21.406+0000] {dagbag.py:545} INFO - Filling up the DagBag from /opt/airflow/dags/minio_to_snowflake_dag.py
[2026-05-28T14:42:21.639+0000] {processor.py:840} INFO - DAG(s) 'minio_to_snowflake_banking' retrieved from /opt/airflow/dags/minio_to_snowflake_dag.py
[2026-05-28T14:42:21.647+0000] {logging_mixin.py:188} INFO - [2026-05-28T14:42:21.647+0000] {dag.py:3089} INFO - Sync 1 DAGs
[2026-05-28T14:42:21.653+0000] {logging_mixin.py:188} INFO - [2026-05-28T14:42:21.653+0000] {dag.py:3947} INFO - Setting next_dagrun for minio_to_snowflake_banking to 2026-05-28 14:30:00+00:00, run_after=2026-05-28 15:00:00+00:00
[2026-05-28T14:42:21.659+0000] {processor.py:183} INFO - Processing /opt/airflow/dags/minio_to_snowflake_dag.py took 0.259 seconds
[2026-05-28T14:42:51.699+0000] {processor.py:161} INFO - Started process (PID=1298) to work on /opt/airflow/dags/minio_to_snowflake_dag.py
[2026-05-28T14:42:51.700+0000] {processor.py:830} INFO - Processing file /opt/airflow/dags/minio_to_snowflake_dag.py for tasks to queue
[2026-05-28T14:42:51.700+0000] {logging_mixin.py:188} INFO - [2026-05-28T14:42:51.700+0000] {dagbag.py:545} INFO - Filling up the DagBag from /opt/airflow/dags/minio_to_snowflake_dag.py
[2026-05-28T14:42:51.943+0000] {processor.py:840} INFO - DAG(s) 'minio_to_snowflake_banking' retrieved from /opt/airflow/dags/minio_to_snowflake_dag.py
[2026-05-28T14:42:51.951+0000] {logging_mixin.py:188} INFO - [2026-05-28T14:42:51.951+0000] {dag.py:3089} INFO - Sync 1 DAGs
[2026-05-28T14:42:51.958+0000] {logging_mixin.py:188} INFO - [2026-05-28T14:42:51.958+0000] {dag.py:3947} INFO - Setting next_dagrun for minio_to_snowflake_banking to 2026-05-28 14:30:00+00:00, run_after=2026-05-28 15:00:00+00:00
[2026-05-28T14:42:51.963+0000] {processor.py:183} INFO - Processing /opt/airflow/dags/minio_to_snowflake_dag.py took 0.268 seconds
[2026-05-28T14:43:22.915+0000] {processor.py:161} INFO - Started process (PID=1303) to work on /opt/airflow/dags/minio_to_snowflake_dag.py
[2026-05-28T14:43:22.915+0000] {processor.py:830} INFO - Processing file /opt/airflow/dags/minio_to_snowflake_dag.py for tasks to queue
[2026-05-28T14:43:22.916+0000] {logging_mixin.py:188} INFO - [2026-05-28T14:43:22.916+0000] {dagbag.py:545} INFO - Filling up the DagBag from /opt/airflow/dags/minio_to_snowflake_dag.py
[2026-05-28T14:43:23.164+0000] {processor.py:840} INFO - DAG(s) 'minio_to_snowflake_banking' retrieved from /opt/airflow/dags/minio_to_snowflake_dag.py
[2026-05-28T14:43:23.172+0000] {logging_mixin.py:188} INFO - [2026-05-28T14:43:23.172+0000] {dag.py:3089} INFO - Sync 1 DAGs
[2026-05-28T14:43:23.178+0000] {logging_mixin.py:188} INFO - [2026-05-28T14:43:23.178+0000] {dag.py:3947} INFO - Setting next_dagrun for minio_to_snowflake_banking to 2026-05-28 14:30:00+00:00, run_after=2026-05-28 15:00:00+00:00
[2026-05-28T14:43:23.184+0000] {processor.py:183} INFO - Processing /opt/airflow/dags/minio_to_snowflake_dag.py took 0.274 seconds
[2026-05-28T14:43:53.221+0000] {processor.py:161} INFO - Started process (PID=1308) to work on /opt/airflow/dags/minio_to_snowflake_dag.py
[2026-05-28T14:43:53.222+0000] {processor.py:830} INFO - Processing file /opt/airflow/dags/minio_to_snowflake_dag.py for tasks to queue
[2026-05-28T14:43:53.223+0000] {logging_mixin.py:188} INFO - [2026-05-28T14:43:53.222+0000] {dagbag.py:545} INFO - Filling up the DagBag from /opt/airflow/dags/minio_to_snowflake_dag.py
[2026-05-28T14:43:53.451+0000] {processor.py:840} INFO - DAG(s) 'minio_to_snowflake_banking' retrieved from /opt/airflow/dags/minio_to_snowflake_dag.py
[2026-05-28T14:43:53.459+0000] {logging_mixin.py:188} INFO - [2026-05-28T14:43:53.459+0000] {dag.py:3089} INFO - Sync 1 DAGs
[2026-05-28T14:43:53.465+0000] {logging_mixin.py:188} INFO - [2026-05-28T14:43:53.465+0000] {dag.py:3947} INFO - Setting next_dagrun for minio_to_snowflake_banking to 2026-05-28 14:30:00+00:00, run_after=2026-05-28 15:00:00+00:00
[2026-05-28T14:43:53.472+0000] {processor.py:183} INFO - Processing /opt/airflow/dags/minio_to_snowflake_dag.py took 0.255 seconds
[2026-05-28T14:44:23.513+0000] {processor.py:161} INFO - Started process (PID=1313) to work on /opt/airflow/dags/minio_to_snowflake_dag.py
[2026-05-28T14:44:23.513+0000] {processor.py:830} INFO - Processing file /opt/airflow/dags/minio_to_snowflake_dag.py for tasks to queue
[2026-05-28T14:44:23.514+0000] {logging_mixin.py:188} INFO - [2026-05-28T14:44:23.514+0000] {dagbag.py:545} INFO - Filling up the DagBag from /opt/airflow/dags/minio_to_snowflake_dag.py
[2026-05-28T14:44:23.744+0000] {processor.py:840} INFO - DAG(s) 'minio_to_snowflake_banking' retrieved from /opt/airflow/dags/minio_to_snowflake_dag.py
[2026-05-28T14:44:23.752+0000] {logging_mixin.py:188} INFO - [2026-05-28T14:44:23.752+0000] {dag.py:3089} INFO - Sync 1 DAGs
[2026-05-28T14:44:23.759+0000] {logging_mixin.py:188} INFO - [2026-05-28T14:44:23.759+0000] {dag.py:3947} INFO - Setting next_dagrun for minio_to_snowflake_banking to 2026-05-28 14:30:00+00:00, run_after=2026-05-28 15:00:00+00:00
[2026-05-28T14:44:23.763+0000] {processor.py:183} INFO - Processing /opt/airflow/dags/minio_to_snowflake_dag.py took 0.256 seconds
[2026-05-28T14:44:54.752+0000] {processor.py:161} INFO - Started process (PID=1318) to work on /opt/airflow/dags/minio_to_snowflake_dag.py
[2026-05-28T14:44:54.753+0000] {processor.py:830} INFO - Processing file /opt/airflow/dags/minio_to_snowflake_dag.py for tasks to queue
[2026-05-28T14:44:54.754+0000] {logging_mixin.py:188} INFO - [2026-05-28T14:44:54.754+0000] {dagbag.py:545} INFO - Filling up the DagBag from /opt/airflow/dags/minio_to_snowflake_dag.py
[2026-05-28T14:44:54.982+0000] {processor.py:840} INFO - DAG(s) 'minio_to_snowflake_banking' retrieved from /opt/airflow/dags/minio_to_snowflake_dag.py
[2026-05-28T14:44:54.990+0000] {logging_mixin.py:188} INFO - [2026-05-28T14:44:54.989+0000] {dag.py:3089} INFO - Sync 1 DAGs
[2026-05-28T14:44:54.996+0000] {logging_mixin.py:188} INFO - [2026-05-28T14:44:54.996+0000] {dag.py:3947} INFO - Setting next_dagrun for minio_to_snowflake_banking to 2026-05-28 14:30:00+00:00, run_after=2026-05-28 15:00:00+00:00
[2026-05-28T14:44:55.001+0000] {processor.py:183} INFO - Processing /opt/airflow/dags/minio_to_snowflake_dag.py took 0.253 seconds
[2026-05-28T14:45:25.033+0000] {processor.py:161} INFO - Started process (PID=1323) to work on /opt/airflow/dags/minio_to_snowflake_dag.py
[2026-05-28T14:45:25.034+0000] {processor.py:830} INFO - Processing file /opt/airflow/dags/minio_to_snowflake_dag.py for tasks to queue
[2026-05-28T14:45:25.034+0000] {logging_mixin.py:188} INFO - [2026-05-28T14:45:25.034+0000] {dagbag.py:545} INFO - Filling up the DagBag from /opt/airflow/dags/minio_to_snowflake_dag.py
[2026-05-28T14:45:25.264+0000] {processor.py:840} INFO - DAG(s) 'minio_to_snowflake_banking' retrieved from /opt/airflow/dags/minio_to_snowflake_dag.py
[2026-05-28T14:45:25.272+0000] {logging_mixin.py:188} INFO - [2026-05-28T14:45:25.271+0000] {dag.py:3089} INFO - Sync 1 DAGs
[2026-05-28T14:45:25.277+0000] {logging_mixin.py:188} INFO - [2026-05-28T14:45:25.277+0000] {dag.py:3947} INFO - Setting next_dagrun for minio_to_snowflake_banking to 2026-05-28 14:30:00+00:00, run_after=2026-05-28 15:00:00+00:00
[2026-05-28T14:45:25.282+0000] {processor.py:183} INFO - Processing /opt/airflow/dags/minio_to_snowflake_dag.py took 0.254 seconds
[2026-05-28T14:45:55.313+0000] {processor.py:161} INFO - Started process (PID=1328) to work on /opt/airflow/dags/minio_to_snowflake_dag.py
[2026-05-28T14:45:55.314+0000] {processor.py:830} INFO - Processing file /opt/airflow/dags/minio_to_snowflake_dag.py for tasks to queue
[2026-05-28T14:45:55.314+0000] {logging_mixin.py:188} INFO - [2026-05-28T14:45:55.314+0000] {dagbag.py:545} INFO - Filling up the DagBag from /opt/airflow/dags/minio_to_snowflake_dag.py
[2026-05-28T14:45:55.544+0000] {processor.py:840} INFO - DAG(s) 'minio_to_snowflake_banking' retrieved from /opt/airflow/dags/minio_to_snowflake_dag.py
[2026-05-28T14:45:55.552+0000] {logging_mixin.py:188} INFO - [2026-05-28T14:45:55.552+0000] {dag.py:3089} INFO - Sync 1 DAGs
[2026-05-28T14:45:55.558+0000] {logging_mixin.py:188} INFO - [2026-05-28T14:45:55.558+0000] {dag.py:3947} INFO - Setting next_dagrun for minio_to_snowflake_banking to 2026-05-28 14:30:00+00:00, run_after=2026-05-28 15:00:00+00:00
[2026-05-28T14:45:55.563+0000] {processor.py:183} INFO - Processing /opt/airflow/dags/minio_to_snowflake_dag.py took 0.254 seconds
[2026-05-28T14:46:25.626+0000] {processor.py:161} INFO - Started process (PID=1333) to work on /opt/airflow/dags/minio_to_snowflake_dag.py
[2026-05-28T14:46:25.627+0000] {processor.py:830} INFO - Processing file /opt/airflow/dags/minio_to_snowflake_dag.py for tasks to queue
[2026-05-28T14:46:25.628+0000] {logging_mixin.py:188} INFO - [2026-05-28T14:46:25.627+0000] {dagbag.py:545} INFO - Filling up the DagBag from /opt/airflow/dags/minio_to_snowflake_dag.py
[2026-05-28T14:46:25.855+0000] {processor.py:840} INFO - DAG(s) 'minio_to_snowflake_banking' retrieved from /opt/airflow/dags/minio_to_snowflake_dag.py
[2026-05-28T14:46:25.863+0000] {logging_mixin.py:188} INFO - [2026-05-28T14:46:25.863+0000] {dag.py:3089} INFO - Sync 1 DAGs
[2026-05-28T14:46:25.869+0000] {logging_mixin.py:188} INFO - [2026-05-28T14:46:25.869+0000] {dag.py:3947} INFO - Setting next_dagrun for minio_to_snowflake_banking to 2026-05-28 14:30:00+00:00, run_after=2026-05-28 15:00:00+00:00
[2026-05-28T14:46:25.874+0000] {processor.py:183} INFO - Processing /opt/airflow/dags/minio_to_snowflake_dag.py took 0.253 seconds
[2026-05-28T14:46:55.900+0000] {processor.py:161} INFO - Started process (PID=1338) to work on /opt/airflow/dags/minio_to_snowflake_dag.py
[2026-05-28T14:46:55.901+0000] {processor.py:830} INFO - Processing file /opt/airflow/dags/minio_to_snowflake_dag.py for tasks to queue
[2026-05-28T14:46:55.901+0000] {logging_mixin.py:188} INFO - [2026-05-28T14:46:55.901+0000] {dagbag.py:545} INFO - Filling up the DagBag from /opt/airflow/dags/minio_to_snowflake_dag.py
[2026-05-28T14:46:56.128+0000] {processor.py:840} INFO - DAG(s) 'minio_to_snowflake_banking' retrieved from /opt/airflow/dags/minio_to_snowflake_dag.py
[2026-05-28T14:46:56.136+0000] {logging_mixin.py:188} INFO - [2026-05-28T14:46:56.136+0000] {dag.py:3089} INFO - Sync 1 DAGs
[2026-05-28T14:46:56.143+0000] {logging_mixin.py:188} INFO - [2026-05-28T14:46:56.143+0000] {dag.py:3947} INFO - Setting next_dagrun for minio_to_snowflake_banking to 2026-05-28 14:30:00+00:00, run_after=2026-05-28 15:00:00+00:00
[2026-05-28T14:46:56.148+0000] {processor.py:183} INFO - Processing /opt/airflow/dags/minio_to_snowflake_dag.py took 0.253 seconds
[2026-05-28T14:47:27.122+0000] {processor.py:161} INFO - Started process (PID=1343) to work on /opt/airflow/dags/minio_to_snowflake_dag.py
[2026-05-28T14:47:27.123+0000] {processor.py:830} INFO - Processing file /opt/airflow/dags/minio_to_snowflake_dag.py for tasks to queue
[2026-05-28T14:47:27.124+0000] {logging_mixin.py:188} INFO - [2026-05-28T14:47:27.123+0000] {dagbag.py:545} INFO - Filling up the DagBag from /opt/airflow/dags/minio_to_snowflake_dag.py
[2026-05-28T14:47:27.351+0000] {processor.py:840} INFO - DAG(s) 'minio_to_snowflake_banking' retrieved from /opt/airflow/dags/minio_to_snowflake_dag.py
[2026-05-28T14:47:27.359+0000] {logging_mixin.py:188} INFO - [2026-05-28T14:47:27.359+0000] {dag.py:3089} INFO - Sync 1 DAGs
[2026-05-28T14:47:27.366+0000] {logging_mixin.py:188} INFO - [2026-05-28T14:47:27.366+0000] {dag.py:3947} INFO - Setting next_dagrun for minio_to_snowflake_banking to 2026-05-28 14:30:00+00:00, run_after=2026-05-28 15:00:00+00:00
[2026-05-28T14:47:27.371+0000] {processor.py:183} INFO - Processing /opt/airflow/dags/minio_to_snowflake_dag.py took 0.255 seconds
[2026-05-28T14:47:58.353+0000] {processor.py:161} INFO - Started process (PID=1348) to work on /opt/airflow/dags/minio_to_snowflake_dag.py
[2026-05-28T14:47:58.354+0000] {processor.py:830} INFO - Processing file /opt/airflow/dags/minio_to_snowflake_dag.py for tasks to queue
[2026-05-28T14:47:58.354+0000] {logging_mixin.py:188} INFO - [2026-05-28T14:47:58.354+0000] {dagbag.py:545} INFO - Filling up the DagBag from /opt/airflow/dags/minio_to_snowflake_dag.py
[2026-05-28T14:47:58.580+0000] {processor.py:840} INFO - DAG(s) 'minio_to_snowflake_banking' retrieved from /opt/airflow/dags/minio_to_snowflake_dag.py
[2026-05-28T14:47:58.588+0000] {logging_mixin.py:188} INFO - [2026-05-28T14:47:58.587+0000] {dag.py:3089} INFO - Sync 1 DAGs
[2026-05-28T14:47:58.593+0000] {logging_mixin.py:188} INFO - [2026-05-28T14:47:58.593+0000] {dag.py:3947} INFO - Setting next_dagrun for minio_to_snowflake_banking to 2026-05-28 14:30:00+00:00, run_after=2026-05-28 15:00:00+00:00
[2026-05-28T14:47:58.598+0000] {processor.py:183} INFO - Processing /opt/airflow/dags/minio_to_snowflake_dag.py took 0.251 seconds
[2026-05-28T14:48:29.565+0000] {processor.py:161} INFO - Started process (PID=1353) to work on /opt/airflow/dags/minio_to_snowflake_dag.py
[2026-05-28T14:48:29.566+0000] {processor.py:830} INFO - Processing file /opt/airflow/dags/minio_to_snowflake_dag.py for tasks to queue
[2026-05-28T14:48:29.566+0000] {logging_mixin.py:188} INFO - [2026-05-28T14:48:29.566+0000] {dagbag.py:545} INFO - Filling up the DagBag from /opt/airflow/dags/minio_to_snowflake_dag.py
[2026-05-28T14:48:29.791+0000] {processor.py:840} INFO - DAG(s) 'minio_to_snowflake_banking' retrieved from /opt/airflow/dags/minio_to_snowflake_dag.py
[2026-05-28T14:48:29.798+0000] {logging_mixin.py:188} INFO - [2026-05-28T14:48:29.798+0000] {dag.py:3089} INFO - Sync 1 DAGs
[2026-05-28T14:48:29.804+0000] {logging_mixin.py:188} INFO - [2026-05-28T14:48:29.804+0000] {dag.py:3947} INFO - Setting next_dagrun for minio_to_snowflake_banking to 2026-05-28 14:30:00+00:00, run_after=2026-05-28 15:00:00+00:00
[2026-05-28T14:48:29.809+0000] {processor.py:183} INFO - Processing /opt/airflow/dags/minio_to_snowflake_dag.py took 0.246 seconds
[2026-05-28T14:48:59.836+0000] {processor.py:161} INFO - Started process (PID=1358) to work on /opt/airflow/dags/minio_to_snowflake_dag.py
[2026-05-28T14:48:59.836+0000] {processor.py:830} INFO - Processing file /opt/airflow/dags/minio_to_snowflake_dag.py for tasks to queue
[2026-05-28T14:48:59.837+0000] {logging_mixin.py:188} INFO - [2026-05-28T14:48:59.837+0000] {dagbag.py:545} INFO - Filling up the DagBag from /opt/airflow/dags/minio_to_snowflake_dag.py
[2026-05-28T14:49:00.075+0000] {processor.py:840} INFO - DAG(s) 'minio_to_snowflake_banking' retrieved from /opt/airflow/dags/minio_to_snowflake_dag.py
[2026-05-28T14:49:00.083+0000] {logging_mixin.py:188} INFO - [2026-05-28T14:49:00.083+0000] {dag.py:3089} INFO - Sync 1 DAGs
[2026-05-28T14:49:00.090+0000] {logging_mixin.py:188} INFO - [2026-05-28T14:49:00.090+0000] {dag.py:3947} INFO - Setting next_dagrun for minio_to_snowflake_banking to 2026-05-28 14:30:00+00:00, run_after=2026-05-28 15:00:00+00:00
[2026-05-28T14:49:00.095+0000] {processor.py:183} INFO - Processing /opt/airflow/dags/minio_to_snowflake_dag.py took 0.263 seconds
[2026-05-28T14:49:31.069+0000] {processor.py:161} INFO - Started process (PID=1363) to work on /opt/airflow/dags/minio_to_snowflake_dag.py
[2026-05-28T14:49:31.070+0000] {processor.py:830} INFO - Processing file /opt/airflow/dags/minio_to_snowflake_dag.py for tasks to queue
[2026-05-28T14:49:31.071+0000] {logging_mixin.py:188} INFO - [2026-05-28T14:49:31.070+0000] {dagbag.py:545} INFO - Filling up the DagBag from /opt/airflow/dags/minio_to_snowflake_dag.py
[2026-05-28T14:49:31.295+0000] {processor.py:840} INFO - DAG(s) 'minio_to_snowflake_banking' retrieved from /opt/airflow/dags/minio_to_snowflake_dag.py
[2026-05-28T14:49:31.304+0000] {logging_mixin.py:188} INFO - [2026-05-28T14:49:31.304+0000] {dag.py:3089} INFO - Sync 1 DAGs
[2026-05-28T14:49:31.309+0000] {logging_mixin.py:188} INFO - [2026-05-28T14:49:31.309+0000] {dag.py:3947} INFO - Setting next_dagrun for minio_to_snowflake_banking to 2026-05-28 14:30:00+00:00, run_after=2026-05-28 15:00:00+00:00
[2026-05-28T14:49:31.314+0000] {processor.py:183} INFO - Processing /opt/airflow/dags/minio_to_snowflake_dag.py took 0.248 seconds
[2026-05-28T14:50:01.348+0000] {processor.py:161} INFO - Started process (PID=1368) to work on /opt/airflow/dags/minio_to_snowflake_dag.py
[2026-05-28T14:50:01.349+0000] {processor.py:830} INFO - Processing file /opt/airflow/dags/minio_to_snowflake_dag.py for tasks to queue
[2026-05-28T14:50:01.350+0000] {logging_mixin.py:188} INFO - [2026-05-28T14:50:01.349+0000] {dagbag.py:545} INFO - Filling up the DagBag from /opt/airflow/dags/minio_to_snowflake_dag.py
[2026-05-28T14:50:01.577+0000] {processor.py:840} INFO - DAG(s) 'minio_to_snowflake_banking' retrieved from /opt/airflow/dags/minio_to_snowflake_dag.py
[2026-05-28T14:50:01.585+0000] {logging_mixin.py:188} INFO - [2026-05-28T14:50:01.585+0000] {dag.py:3089} INFO - Sync 1 DAGs
[2026-05-28T14:50:01.591+0000] {logging_mixin.py:188} INFO - [2026-05-28T14:50:01.591+0000] {dag.py:3947} INFO - Setting next_dagrun for minio_to_snowflake_banking to 2026-05-28 14:30:00+00:00, run_after=2026-05-28 15:00:00+00:00
[2026-05-28T14:50:01.595+0000] {processor.py:183} INFO - Processing /opt/airflow/dags/minio_to_snowflake_dag.py took 0.252 seconds
[2026-05-28T14:50:31.642+0000] {processor.py:161} INFO - Started process (PID=1373) to work on /opt/airflow/dags/minio_to_snowflake_dag.py
[2026-05-28T14:50:31.643+0000] {processor.py:830} INFO - Processing file /opt/airflow/dags/minio_to_snowflake_dag.py for tasks to queue
[2026-05-28T14:50:31.644+0000] {logging_mixin.py:188} INFO - [2026-05-28T14:50:31.644+0000] {dagbag.py:545} INFO - Filling up the DagBag from /opt/airflow/dags/minio_to_snowflake_dag.py
[2026-05-28T14:50:31.871+0000] {processor.py:840} INFO - DAG(s) 'minio_to_snowflake_banking' retrieved from /opt/airflow/dags/minio_to_snowflake_dag.py
[2026-05-28T14:50:31.878+0000] {logging_mixin.py:188} INFO - [2026-05-28T14:50:31.878+0000] {dag.py:3089} INFO - Sync 1 DAGs
[2026-05-28T14:50:31.885+0000] {logging_mixin.py:188} INFO - [2026-05-28T14:50:31.885+0000] {dag.py:3947} INFO - Setting next_dagrun for minio_to_snowflake_banking to 2026-05-28 14:30:00+00:00, run_after=2026-05-28 15:00:00+00:00
[2026-05-28T14:50:31.890+0000] {processor.py:183} INFO - Processing /opt/airflow/dags/minio_to_snowflake_dag.py took 0.253 seconds
[2026-05-28T14:51:01.939+0000] {processor.py:161} INFO - Started process (PID=1378) to work on /opt/airflow/dags/minio_to_snowflake_dag.py
[2026-05-28T14:51:01.940+0000] {processor.py:830} INFO - Processing file /opt/airflow/dags/minio_to_snowflake_dag.py for tasks to queue
[2026-05-28T14:51:01.941+0000] {logging_mixin.py:188} INFO - [2026-05-28T14:51:01.941+0000] {dagbag.py:545} INFO - Filling up the DagBag from /opt/airflow/dags/minio_to_snowflake_dag.py
[2026-05-28T14:51:02.180+0000] {processor.py:840} INFO - DAG(s) 'minio_to_snowflake_banking' retrieved from /opt/airflow/dags/minio_to_snowflake_dag.py
[2026-05-28T14:51:02.189+0000] {logging_mixin.py:188} INFO - [2026-05-28T14:51:02.189+0000] {dag.py:3089} INFO - Sync 1 DAGs
[2026-05-28T14:51:02.196+0000] {logging_mixin.py:188} INFO - [2026-05-28T14:51:02.196+0000] {dag.py:3947} INFO - Setting next_dagrun for minio_to_snowflake_banking to 2026-05-28 14:30:00+00:00, run_after=2026-05-28 15:00:00+00:00
[2026-05-28T14:51:02.202+0000] {processor.py:183} INFO - Processing /opt/airflow/dags/minio_to_snowflake_dag.py took 0.267 seconds
[2026-05-28T14:51:32.218+0000] {processor.py:161} INFO - Started process (PID=1383) to work on /opt/airflow/dags/minio_to_snowflake_dag.py
[2026-05-28T14:51:32.218+0000] {processor.py:830} INFO - Processing file /opt/airflow/dags/minio_to_snowflake_dag.py for tasks to queue
[2026-05-28T14:51:32.218+0000] {logging_mixin.py:188} INFO - [2026-05-28T14:51:32.218+0000] {dagbag.py:545} INFO - Filling up the DagBag from /opt/airflow/dags/minio_to_snowflake_dag.py
[2026-05-28T14:51:32.438+0000] {processor.py:840} INFO - DAG(s) 'minio_to_snowflake_banking' retrieved from /opt/airflow/dags/minio_to_snowflake_dag.py
[2026-05-28T14:51:32.446+0000] {logging_mixin.py:188} INFO - [2026-05-28T14:51:32.446+0000] {dag.py:3089} INFO - Sync 1 DAGs
[2026-05-28T14:51:32.452+0000] {logging_mixin.py:188} INFO - [2026-05-28T14:51:32.452+0000] {dag.py:3947} INFO - Setting next_dagrun for minio_to_snowflake_banking to 2026-05-28 14:30:00+00:00, run_after=2026-05-28 15:00:00+00:00
[2026-05-28T14:51:32.458+0000] {processor.py:183} INFO - Processing /opt/airflow/dags/minio_to_snowflake_dag.py took 0.243 seconds
[2026-05-28T14:52:02.497+0000] {processor.py:161} INFO - Started process (PID=1388) to work on /opt/airflow/dags/minio_to_snowflake_dag.py
[2026-05-28T14:52:02.498+0000] {processor.py:830} INFO - Processing file /opt/airflow/dags/minio_to_snowflake_dag.py for tasks to queue
[2026-05-28T14:52:02.499+0000] {logging_mixin.py:188} INFO - [2026-05-28T14:52:02.499+0000] {dagbag.py:545} INFO - Filling up the DagBag from /opt/airflow/dags/minio_to_snowflake_dag.py
[2026-05-28T14:52:02.716+0000] {processor.py:840} INFO - DAG(s) 'minio_to_snowflake_banking' retrieved from /opt/airflow/dags/minio_to_snowflake_dag.py
[2026-05-28T14:52:02.724+0000] {logging_mixin.py:188} INFO - [2026-05-28T14:52:02.724+0000] {dag.py:3089} INFO - Sync 1 DAGs
[2026-05-28T14:52:02.730+0000] {logging_mixin.py:188} INFO - [2026-05-28T14:52:02.730+0000] {dag.py:3947} INFO - Setting next_dagrun for minio_to_snowflake_banking to 2026-05-28 14:30:00+00:00, run_after=2026-05-28 15:00:00+00:00
[2026-05-28T14:52:02.735+0000] {processor.py:183} INFO - Processing /opt/airflow/dags/minio_to_snowflake_dag.py took 0.241 seconds
[2026-05-28T14:52:32.804+0000] {processor.py:161} INFO - Started process (PID=1393) to work on /opt/airflow/dags/minio_to_snowflake_dag.py
[2026-05-28T14:52:32.805+0000] {processor.py:830} INFO - Processing file /opt/airflow/dags/minio_to_snowflake_dag.py for tasks to queue
[2026-05-28T14:52:32.805+0000] {logging_mixin.py:188} INFO - [2026-05-28T14:52:32.805+0000] {dagbag.py:545} INFO - Filling up the DagBag from /opt/airflow/dags/minio_to_snowflake_dag.py
[2026-05-28T14:52:33.034+0000] {processor.py:840} INFO - DAG(s) 'minio_to_snowflake_banking' retrieved from /opt/airflow/dags/minio_to_snowflake_dag.py
[2026-05-28T14:52:33.042+0000] {logging_mixin.py:188} INFO - [2026-05-28T14:52:33.042+0000] {dag.py:3089} INFO - Sync 1 DAGs
[2026-05-28T14:52:33.048+0000] {logging_mixin.py:188} INFO - [2026-05-28T14:52:33.048+0000] {dag.py:3947} INFO - Setting next_dagrun for minio_to_snowflake_banking to 2026-05-28 14:30:00+00:00, run_after=2026-05-28 15:00:00+00:00
[2026-05-28T14:52:33.053+0000] {processor.py:183} INFO - Processing /opt/airflow/dags/minio_to_snowflake_dag.py took 0.255 seconds
[2026-05-28T14:53:03.097+0000] {processor.py:161} INFO - Started process (PID=1398) to work on /opt/airflow/dags/minio_to_snowflake_dag.py
[2026-05-28T14:53:03.097+0000] {processor.py:830} INFO - Processing file /opt/airflow/dags/minio_to_snowflake_dag.py for tasks to queue
[2026-05-28T14:53:03.098+0000] {logging_mixin.py:188} INFO - [2026-05-28T14:53:03.098+0000] {dagbag.py:545} INFO - Filling up the DagBag from /opt/airflow/dags/minio_to_snowflake_dag.py
[2026-05-28T14:53:03.328+0000] {processor.py:840} INFO - DAG(s) 'minio_to_snowflake_banking' retrieved from /opt/airflow/dags/minio_to_snowflake_dag.py
[2026-05-28T14:53:03.336+0000] {logging_mixin.py:188} INFO - [2026-05-28T14:53:03.336+0000] {dag.py:3089} INFO - Sync 1 DAGs
[2026-05-28T14:53:03.342+0000] {logging_mixin.py:188} INFO - [2026-05-28T14:53:03.342+0000] {dag.py:3947} INFO - Setting next_dagrun for minio_to_snowflake_banking to 2026-05-28 14:30:00+00:00, run_after=2026-05-28 15:00:00+00:00
[2026-05-28T14:53:03.347+0000] {processor.py:183} INFO - Processing /opt/airflow/dags/minio_to_snowflake_dag.py took 0.256 seconds
[2026-05-28T14:53:33.394+0000] {processor.py:161} INFO - Started process (PID=1403) to work on /opt/airflow/dags/minio_to_snowflake_dag.py
[2026-05-28T14:53:33.395+0000] {processor.py:830} INFO - Processing file /opt/airflow/dags/minio_to_snowflake_dag.py for tasks to queue
[2026-05-28T14:53:33.395+0000] {logging_mixin.py:188} INFO - [2026-05-28T14:53:33.395+0000] {dagbag.py:545} INFO - Filling up the DagBag from /opt/airflow/dags/minio_to_snowflake_dag.py
[2026-05-28T14:53:33.620+0000] {processor.py:840} INFO - DAG(s) 'minio_to_snowflake_banking' retrieved from /opt/airflow/dags/minio_to_snowflake_dag.py
[2026-05-28T14:53:33.628+0000] {logging_mixin.py:188} INFO - [2026-05-28T14:53:33.628+0000] {dag.py:3089} INFO - Sync 1 DAGs
[2026-05-28T14:53:33.634+0000] {logging_mixin.py:188} INFO - [2026-05-28T14:53:33.634+0000] {dag.py:3947} INFO - Setting next_dagrun for minio_to_snowflake_banking to 2026-05-28 14:30:00+00:00, run_after=2026-05-28 15:00:00+00:00
[2026-05-28T14:53:33.639+0000] {processor.py:183} INFO - Processing /opt/airflow/dags/minio_to_snowflake_dag.py took 0.248 seconds
[2026-05-28T14:54:03.665+0000] {processor.py:161} INFO - Started process (PID=1408) to work on /opt/airflow/dags/minio_to_snowflake_dag.py
[2026-05-28T14:54:03.665+0000] {processor.py:830} INFO - Processing file /opt/airflow/dags/minio_to_snowflake_dag.py for tasks to queue
[2026-05-28T14:54:03.666+0000] {logging_mixin.py:188} INFO - [2026-05-28T14:54:03.666+0000] {dagbag.py:545} INFO - Filling up the DagBag from /opt/airflow/dags/minio_to_snowflake_dag.py
[2026-05-28T14:54:03.880+0000] {processor.py:840} INFO - DAG(s) 'minio_to_snowflake_banking' retrieved from /opt/airflow/dags/minio_to_snowflake_dag.py
[2026-05-28T14:54:03.888+0000] {logging_mixin.py:188} INFO - [2026-05-28T14:54:03.888+0000] {dag.py:3089} INFO - Sync 1 DAGs
[2026-05-28T14:54:03.894+0000] {logging_mixin.py:188} INFO - [2026-05-28T14:54:03.894+0000] {dag.py:3947} INFO - Setting next_dagrun for minio_to_snowflake_banking to 2026-05-28 14:30:00+00:00, run_after=2026-05-28 15:00:00+00:00
[2026-05-28T14:54:03.900+0000] {processor.py:183} INFO - Processing /opt/airflow/dags/minio_to_snowflake_dag.py took 0.237 seconds
[2026-05-28T14:54:33.972+0000] {processor.py:161} INFO - Started process (PID=1413) to work on /opt/airflow/dags/minio_to_snowflake_dag.py
[2026-05-28T14:54:33.973+0000] {processor.py:830} INFO - Processing file /opt/airflow/dags/minio_to_snowflake_dag.py for tasks to queue
[2026-05-28T14:54:33.973+0000] {logging_mixin.py:188} INFO - [2026-05-28T14:54:33.973+0000] {dagbag.py:545} INFO - Filling up the DagBag from /opt/airflow/dags/minio_to_snowflake_dag.py
[2026-05-28T14:54:34.207+0000] {processor.py:840} INFO - DAG(s) 'minio_to_snowflake_banking' retrieved from /opt/airflow/dags/minio_to_snowflake_dag.py
[2026-05-28T14:54:34.215+0000] {logging_mixin.py:188} INFO - [2026-05-28T14:54:34.215+0000] {dag.py:3089} INFO - Sync 1 DAGs
[2026-05-28T14:54:34.222+0000] {logging_mixin.py:188} INFO - [2026-05-28T14:54:34.222+0000] {dag.py:3947} INFO - Setting next_dagrun for minio_to_snowflake_banking to 2026-05-28 14:30:00+00:00, run_after=2026-05-28 15:00:00+00:00
[2026-05-28T14:54:34.228+0000] {processor.py:183} INFO - Processing /opt/airflow/dags/minio_to_snowflake_dag.py took 0.261 seconds
[2026-05-28T14:55:04.259+0000] {processor.py:161} INFO - Started process (PID=1418) to work on /opt/airflow/dags/minio_to_snowflake_dag.py
[2026-05-28T14:55:04.260+0000] {processor.py:830} INFO - Processing file /opt/airflow/dags/minio_to_snowflake_dag.py for tasks to queue
[2026-05-28T14:55:04.260+0000] {logging_mixin.py:188} INFO - [2026-05-28T14:55:04.260+0000] {dagbag.py:545} INFO - Filling up the DagBag from /opt/airflow/dags/minio_to_snowflake_dag.py
[2026-05-28T14:55:04.491+0000] {processor.py:840} INFO - DAG(s) 'minio_to_snowflake_banking' retrieved from /opt/airflow/dags/minio_to_snowflake_dag.py
[2026-05-28T14:55:04.498+0000] {logging_mixin.py:188} INFO - [2026-05-28T14:55:04.498+0000] {dag.py:3089} INFO - Sync 1 DAGs
[2026-05-28T14:55:04.504+0000] {logging_mixin.py:188} INFO - [2026-05-28T14:55:04.504+0000] {dag.py:3947} INFO - Setting next_dagrun for minio_to_snowflake_banking to 2026-05-28 14:30:00+00:00, run_after=2026-05-28 15:00:00+00:00
[2026-05-28T14:55:04.509+0000] {processor.py:183} INFO - Processing /opt/airflow/dags/minio_to_snowflake_dag.py took 0.256 seconds
[2026-05-28T14:55:34.547+0000] {processor.py:161} INFO - Started process (PID=1423) to work on /opt/airflow/dags/minio_to_snowflake_dag.py
[2026-05-28T14:55:34.548+0000] {processor.py:830} INFO - Processing file /opt/airflow/dags/minio_to_snowflake_dag.py for tasks to queue
[2026-05-28T14:55:34.549+0000] {logging_mixin.py:188} INFO - [2026-05-28T14:55:34.549+0000] {dagbag.py:545} INFO - Filling up the DagBag from /opt/airflow/dags/minio_to_snowflake_dag.py
[2026-05-28T14:55:34.780+0000] {processor.py:840} INFO - DAG(s) 'minio_to_snowflake_banking' retrieved from /opt/airflow/dags/minio_to_snowflake_dag.py
[2026-05-28T14:55:34.788+0000] {logging_mixin.py:188} INFO - [2026-05-28T14:55:34.788+0000] {dag.py:3089} INFO - Sync 1 DAGs
[2026-05-28T14:55:34.794+0000] {logging_mixin.py:188} INFO - [2026-05-28T14:55:34.794+0000] {dag.py:3947} INFO - Setting next_dagrun for minio_to_snowflake_banking to 2026-05-28 14:30:00+00:00, run_after=2026-05-28 15:00:00+00:00
[2026-05-28T14:55:34.799+0000] {processor.py:183} INFO - Processing /opt/airflow/dags/minio_to_snowflake_dag.py took 0.257 seconds
[2026-05-28T14:56:04.827+0000] {processor.py:161} INFO - Started process (PID=1428) to work on /opt/airflow/dags/minio_to_snowflake_dag.py
[2026-05-28T14:56:04.828+0000] {processor.py:830} INFO - Processing file /opt/airflow/dags/minio_to_snowflake_dag.py for tasks to queue
[2026-05-28T14:56:04.829+0000] {logging_mixin.py:188} INFO - [2026-05-28T14:56:04.828+0000] {dagbag.py:545} INFO - Filling up the DagBag from /opt/airflow/dags/minio_to_snowflake_dag.py
[2026-05-28T14:56:05.056+0000] {processor.py:840} INFO - DAG(s) 'minio_to_snowflake_banking' retrieved from /opt/airflow/dags/minio_to_snowflake_dag.py
[2026-05-28T14:56:05.063+0000] {logging_mixin.py:188} INFO - [2026-05-28T14:56:05.063+0000] {dag.py:3089} INFO - Sync 1 DAGs
[2026-05-28T14:56:05.069+0000] {logging_mixin.py:188} INFO - [2026-05-28T14:56:05.069+0000] {dag.py:3947} INFO - Setting next_dagrun for minio_to_snowflake_banking to 2026-05-28 14:30:00+00:00, run_after=2026-05-28 15:00:00+00:00
[2026-05-28T14:56:05.075+0000] {processor.py:183} INFO - Processing /opt/airflow/dags/minio_to_snowflake_dag.py took 0.253 seconds
[2026-05-28T14:56:35.104+0000] {processor.py:161} INFO - Started process (PID=1433) to work on /opt/airflow/dags/minio_to_snowflake_dag.py
[2026-05-28T14:56:35.105+0000] {processor.py:830} INFO - Processing file /opt/airflow/dags/minio_to_snowflake_dag.py for tasks to queue
[2026-05-28T14:56:35.106+0000] {logging_mixin.py:188} INFO - [2026-05-28T14:56:35.106+0000] {dagbag.py:545} INFO - Filling up the DagBag from /opt/airflow/dags/minio_to_snowflake_dag.py
[2026-05-28T14:56:35.337+0000] {processor.py:840} INFO - DAG(s) 'minio_to_snowflake_banking' retrieved from /opt/airflow/dags/minio_to_snowflake_dag.py
[2026-05-28T14:56:35.345+0000] {logging_mixin.py:188} INFO - [2026-05-28T14:56:35.345+0000] {dag.py:3089} INFO - Sync 1 DAGs
[2026-05-28T14:56:35.350+0000] {logging_mixin.py:188} INFO - [2026-05-28T14:56:35.350+0000] {dag.py:3947} INFO - Setting next_dagrun for minio_to_snowflake_banking to 2026-05-28 14:30:00+00:00, run_after=2026-05-28 15:00:00+00:00
[2026-05-28T14:56:35.356+0000] {processor.py:183} INFO - Processing /opt/airflow/dags/minio_to_snowflake_dag.py took 0.257 seconds
[2026-05-28T14:57:05.390+0000] {processor.py:161} INFO - Started process (PID=1438) to work on /opt/airflow/dags/minio_to_snowflake_dag.py
[2026-05-28T14:57:05.391+0000] {processor.py:830} INFO - Processing file /opt/airflow/dags/minio_to_snowflake_dag.py for tasks to queue
[2026-05-28T14:57:05.391+0000] {logging_mixin.py:188} INFO - [2026-05-28T14:57:05.391+0000] {dagbag.py:545} INFO - Filling up the DagBag from /opt/airflow/dags/minio_to_snowflake_dag.py
[2026-05-28T14:57:05.620+0000] {processor.py:840} INFO - DAG(s) 'minio_to_snowflake_banking' retrieved from /opt/airflow/dags/minio_to_snowflake_dag.py
[2026-05-28T14:57:05.627+0000] {logging_mixin.py:188} INFO - [2026-05-28T14:57:05.627+0000] {dag.py:3089} INFO - Sync 1 DAGs
[2026-05-28T14:57:05.634+0000] {logging_mixin.py:188} INFO - [2026-05-28T14:57:05.634+0000] {dag.py:3947} INFO - Setting next_dagrun for minio_to_snowflake_banking to 2026-05-28 14:30:00+00:00, run_after=2026-05-28 15:00:00+00:00
[2026-05-28T14:57:05.639+0000] {processor.py:183} INFO - Processing /opt/airflow/dags/minio_to_snowflake_dag.py took 0.254 seconds
[2026-05-28T14:57:35.695+0000] {processor.py:161} INFO - Started process (PID=1443) to work on /opt/airflow/dags/minio_to_snowflake_dag.py
[2026-05-28T14:57:35.696+0000] {processor.py:830} INFO - Processing file /opt/airflow/dags/minio_to_snowflake_dag.py for tasks to queue
[2026-05-28T14:57:35.697+0000] {logging_mixin.py:188} INFO - [2026-05-28T14:57:35.697+0000] {dagbag.py:545} INFO - Filling up the DagBag from /opt/airflow/dags/minio_to_snowflake_dag.py
[2026-05-28T14:57:35.965+0000] {processor.py:840} INFO - DAG(s) 'minio_to_snowflake_banking' retrieved from /opt/airflow/dags/minio_to_snowflake_dag.py
[2026-05-28T14:57:35.977+0000] {logging_mixin.py:188} INFO - [2026-05-28T14:57:35.977+0000] {dag.py:3089} INFO - Sync 1 DAGs
[2026-05-28T14:57:35.985+0000] {logging_mixin.py:188} INFO - [2026-05-28T14:57:35.985+0000] {dag.py:3947} INFO - Setting next_dagrun for minio_to_snowflake_banking to 2026-05-28 14:30:00+00:00, run_after=2026-05-28 15:00:00+00:00
[2026-05-28T14:57:35.991+0000] {processor.py:183} INFO - Processing /opt/airflow/dags/minio_to_snowflake_dag.py took 0.301 seconds
[2026-05-28T14:58:06.909+0000] {processor.py:161} INFO - Started process (PID=1448) to work on /opt/airflow/dags/minio_to_snowflake_dag.py
[2026-05-28T14:58:06.910+0000] {processor.py:830} INFO - Processing file /opt/airflow/dags/minio_to_snowflake_dag.py for tasks to queue
[2026-05-28T14:58:06.910+0000] {logging_mixin.py:188} INFO - [2026-05-28T14:58:06.910+0000] {dagbag.py:545} INFO - Filling up the DagBag from /opt/airflow/dags/minio_to_snowflake_dag.py
[2026-05-28T14:58:07.164+0000] {processor.py:840} INFO - DAG(s) 'minio_to_snowflake_banking' retrieved from /opt/airflow/dags/minio_to_snowflake_dag.py
[2026-05-28T14:58:07.172+0000] {logging_mixin.py:188} INFO - [2026-05-28T14:58:07.172+0000] {dag.py:3089} INFO - Sync 1 DAGs
[2026-05-28T14:58:07.178+0000] {logging_mixin.py:188} INFO - [2026-05-28T14:58:07.178+0000] {dag.py:3947} INFO - Setting next_dagrun for minio_to_snowflake_banking to 2026-05-28 14:30:00+00:00, run_after=2026-05-28 15:00:00+00:00
[2026-05-28T14:58:07.183+0000] {processor.py:183} INFO - Processing /opt/airflow/dags/minio_to_snowflake_dag.py took 0.279 seconds
[2026-05-28T14:58:37.225+0000] {processor.py:161} INFO - Started process (PID=1453) to work on /opt/airflow/dags/minio_to_snowflake_dag.py
[2026-05-28T14:58:37.226+0000] {processor.py:830} INFO - Processing file /opt/airflow/dags/minio_to_snowflake_dag.py for tasks to queue
[2026-05-28T14:58:37.227+0000] {logging_mixin.py:188} INFO - [2026-05-28T14:58:37.227+0000] {dagbag.py:545} INFO - Filling up the DagBag from /opt/airflow/dags/minio_to_snowflake_dag.py
[2026-05-28T14:58:37.490+0000] {processor.py:840} INFO - DAG(s) 'minio_to_snowflake_banking' retrieved from /opt/airflow/dags/minio_to_snowflake_dag.py
[2026-05-28T14:58:37.500+0000] {logging_mixin.py:188} INFO - [2026-05-28T14:58:37.500+0000] {dag.py:3089} INFO - Sync 1 DAGs
[2026-05-28T14:58:37.507+0000] {logging_mixin.py:188} INFO - [2026-05-28T14:58:37.507+0000] {dag.py:3947} INFO - Setting next_dagrun for minio_to_snowflake_banking to 2026-05-28 14:30:00+00:00, run_after=2026-05-28 15:00:00+00:00
[2026-05-28T14:58:37.513+0000] {processor.py:183} INFO - Processing /opt/airflow/dags/minio_to_snowflake_dag.py took 0.291 seconds
[2026-05-28T14:59:08.457+0000] {processor.py:161} INFO - Started process (PID=1458) to work on /opt/airflow/dags/minio_to_snowflake_dag.py
[2026-05-28T14:59:08.459+0000] {processor.py:830} INFO - Processing file /opt/airflow/dags/minio_to_snowflake_dag.py for tasks to queue
[2026-05-28T14:59:08.459+0000] {logging_mixin.py:188} INFO - [2026-05-28T14:59:08.459+0000] {dagbag.py:545} INFO - Filling up the DagBag from /opt/airflow/dags/minio_to_snowflake_dag.py
[2026-05-28T14:59:08.730+0000] {processor.py:840} INFO - DAG(s) 'minio_to_snowflake_banking' retrieved from /opt/airflow/dags/minio_to_snowflake_dag.py
[2026-05-28T14:59:08.740+0000] {logging_mixin.py:188} INFO - [2026-05-28T14:59:08.740+0000] {dag.py:3089} INFO - Sync 1 DAGs
[2026-05-28T14:59:08.748+0000] {logging_mixin.py:188} INFO - [2026-05-28T14:59:08.748+0000] {dag.py:3947} INFO - Setting next_dagrun for minio_to_snowflake_banking to 2026-05-28 14:30:00+00:00, run_after=2026-05-28 15:00:00+00:00
[2026-05-28T14:59:08.754+0000] {processor.py:183} INFO - Processing /opt/airflow/dags/minio_to_snowflake_dag.py took 0.301 seconds
[2026-05-28T14:59:39.711+0000] {processor.py:161} INFO - Started process (PID=1463) to work on /opt/airflow/dags/minio_to_snowflake_dag.py
[2026-05-28T14:59:39.711+0000] {processor.py:830} INFO - Processing file /opt/airflow/dags/minio_to_snowflake_dag.py for tasks to queue
[2026-05-28T14:59:39.712+0000] {logging_mixin.py:188} INFO - [2026-05-28T14:59:39.712+0000] {dagbag.py:545} INFO - Filling up the DagBag from /opt/airflow/dags/minio_to_snowflake_dag.py
[2026-05-28T14:59:39.944+0000] {processor.py:840} INFO - DAG(s) 'minio_to_snowflake_banking' retrieved from /opt/airflow/dags/minio_to_snowflake_dag.py
[2026-05-28T14:59:39.953+0000] {logging_mixin.py:188} INFO - [2026-05-28T14:59:39.952+0000] {dag.py:3089} INFO - Sync 1 DAGs
[2026-05-28T14:59:39.958+0000] {logging_mixin.py:188} INFO - [2026-05-28T14:59:39.958+0000] {dag.py:3947} INFO - Setting next_dagrun for minio_to_snowflake_banking to 2026-05-28 14:30:00+00:00, run_after=2026-05-28 15:00:00+00:00
[2026-05-28T14:59:39.964+0000] {processor.py:183} INFO - Processing /opt/airflow/dags/minio_to_snowflake_dag.py took 0.257 seconds
[2026-05-28T15:00:10.929+0000] {processor.py:161} INFO - Started process (PID=1468) to work on /opt/airflow/dags/minio_to_snowflake_dag.py
[2026-05-28T15:00:10.929+0000] {processor.py:830} INFO - Processing file /opt/airflow/dags/minio_to_snowflake_dag.py for tasks to queue
[2026-05-28T15:00:10.930+0000] {logging_mixin.py:188} INFO - [2026-05-28T15:00:10.930+0000] {dagbag.py:545} INFO - Filling up the DagBag from /opt/airflow/dags/minio_to_snowflake_dag.py
[2026-05-28T15:00:11.185+0000] {processor.py:840} INFO - DAG(s) 'minio_to_snowflake_banking' retrieved from /opt/airflow/dags/minio_to_snowflake_dag.py
[2026-05-28T15:00:11.193+0000] {logging_mixin.py:188} INFO - [2026-05-28T15:00:11.193+0000] {dag.py:3089} INFO - Sync 1 DAGs
[2026-05-28T15:00:11.199+0000] {logging_mixin.py:188} INFO - [2026-05-28T15:00:11.199+0000] {dag.py:3947} INFO - Setting next_dagrun for minio_to_snowflake_banking to 2026-05-28 14:30:00+00:00, run_after=2026-05-28 15:00:00+00:00
[2026-05-28T15:00:11.204+0000] {processor.py:183} INFO - Processing /opt/airflow/dags/minio_to_snowflake_dag.py took 0.279 seconds
[2026-05-28T15:00:42.154+0000] {processor.py:161} INFO - Started process (PID=1473) to work on /opt/airflow/dags/minio_to_snowflake_dag.py
[2026-05-28T15:00:42.155+0000] {processor.py:830} INFO - Processing file /opt/airflow/dags/minio_to_snowflake_dag.py for tasks to queue
[2026-05-28T15:00:42.156+0000] {logging_mixin.py:188} INFO - [2026-05-28T15:00:42.155+0000] {dagbag.py:545} INFO - Filling up the DagBag from /opt/airflow/dags/minio_to_snowflake_dag.py
[2026-05-28T15:00:42.395+0000] {processor.py:840} INFO - DAG(s) 'minio_to_snowflake_banking' retrieved from /opt/airflow/dags/minio_to_snowflake_dag.py
[2026-05-28T15:00:42.403+0000] {logging_mixin.py:188} INFO - [2026-05-28T15:00:42.402+0000] {dag.py:3089} INFO - Sync 1 DAGs
[2026-05-28T15:00:42.409+0000] {logging_mixin.py:188} INFO - [2026-05-28T15:00:42.408+0000] {dag.py:3947} INFO - Setting next_dagrun for minio_to_snowflake_banking to 2026-05-28 14:30:00+00:00, run_after=2026-05-28 15:00:00+00:00
[2026-05-28T15:00:42.414+0000] {processor.py:183} INFO - Processing /opt/airflow/dags/minio_to_snowflake_dag.py took 0.266 seconds
[2026-05-28T15:01:12.457+0000] {processor.py:161} INFO - Started process (PID=1478) to work on /opt/airflow/dags/minio_to_snowflake_dag.py
[2026-05-28T15:01:12.458+0000] {processor.py:830} INFO - Processing file /opt/airflow/dags/minio_to_snowflake_dag.py for tasks to queue
[2026-05-28T15:01:12.458+0000] {logging_mixin.py:188} INFO - [2026-05-28T15:01:12.458+0000] {dagbag.py:545} INFO - Filling up the DagBag from /opt/airflow/dags/minio_to_snowflake_dag.py
[2026-05-28T15:01:12.704+0000] {processor.py:840} INFO - DAG(s) 'minio_to_snowflake_banking' retrieved from /opt/airflow/dags/minio_to_snowflake_dag.py
[2026-05-28T15:01:12.714+0000] {logging_mixin.py:188} INFO - [2026-05-28T15:01:12.714+0000] {dag.py:3089} INFO - Sync 1 DAGs
[2026-05-28T15:01:12.721+0000] {logging_mixin.py:188} INFO - [2026-05-28T15:01:12.721+0000] {dag.py:3947} INFO - Setting next_dagrun for minio_to_snowflake_banking to 2026-05-28 14:30:00+00:00, run_after=2026-05-28 15:00:00+00:00
[2026-05-28T15:01:12.726+0000] {processor.py:183} INFO - Processing /opt/airflow/dags/minio_to_snowflake_dag.py took 0.272 seconds
[2026-05-28T15:01:43.658+0000] {processor.py:161} INFO - Started process (PID=1483) to work on /opt/airflow/dags/minio_to_snowflake_dag.py
[2026-05-28T15:01:43.658+0000] {processor.py:830} INFO - Processing file /opt/airflow/dags/minio_to_snowflake_dag.py for tasks to queue
[2026-05-28T15:01:43.659+0000] {logging_mixin.py:188} INFO - [2026-05-28T15:01:43.659+0000] {dagbag.py:545} INFO - Filling up the DagBag from /opt/airflow/dags/minio_to_snowflake_dag.py
[2026-05-28T15:01:43.918+0000] {processor.py:840} INFO - DAG(s) 'minio_to_snowflake_banking' retrieved from /opt/airflow/dags/minio_to_snowflake_dag.py
[2026-05-28T15:01:43.926+0000] {logging_mixin.py:188} INFO - [2026-05-28T15:01:43.926+0000] {dag.py:3089} INFO - Sync 1 DAGs
[2026-05-28T15:01:43.932+0000] {logging_mixin.py:188} INFO - [2026-05-28T15:01:43.932+0000] {dag.py:3947} INFO - Setting next_dagrun for minio_to_snowflake_banking to 2026-05-28 14:30:00+00:00, run_after=2026-05-28 15:00:00+00:00
[2026-05-28T15:01:43.938+0000] {processor.py:183} INFO - Processing /opt/airflow/dags/minio_to_snowflake_dag.py took 0.285 seconds
[2026-05-28T15:02:13.976+0000] {processor.py:161} INFO - Started process (PID=1488) to work on /opt/airflow/dags/minio_to_snowflake_dag.py
[2026-05-28T15:02:13.977+0000] {processor.py:830} INFO - Processing file /opt/airflow/dags/minio_to_snowflake_dag.py for tasks to queue
[2026-05-28T15:02:13.978+0000] {logging_mixin.py:188} INFO - [2026-05-28T15:02:13.977+0000] {dagbag.py:545} INFO - Filling up the DagBag from /opt/airflow/dags/minio_to_snowflake_dag.py
[2026-05-28T15:02:14.218+0000] {processor.py:840} INFO - DAG(s) 'minio_to_snowflake_banking' retrieved from /opt/airflow/dags/minio_to_snowflake_dag.py
[2026-05-28T15:02:14.227+0000] {logging_mixin.py:188} INFO - [2026-05-28T15:02:14.226+0000] {dag.py:3089} INFO - Sync 1 DAGs
[2026-05-28T15:02:14.233+0000] {logging_mixin.py:188} INFO - [2026-05-28T15:02:14.233+0000] {dag.py:3947} INFO - Setting next_dagrun for minio_to_snowflake_banking to 2026-05-28 14:30:00+00:00, run_after=2026-05-28 15:00:00+00:00
[2026-05-28T15:02:14.238+0000] {processor.py:183} INFO - Processing /opt/airflow/dags/minio_to_snowflake_dag.py took 0.268 seconds
[2026-05-28T15:02:44.283+0000] {processor.py:161} INFO - Started process (PID=1493) to work on /opt/airflow/dags/minio_to_snowflake_dag.py
[2026-05-28T15:02:44.284+0000] {processor.py:830} INFO - Processing file /opt/airflow/dags/minio_to_snowflake_dag.py for tasks to queue
[2026-05-28T15:02:44.285+0000] {logging_mixin.py:188} INFO - [2026-05-28T15:02:44.285+0000] {dagbag.py:545} INFO - Filling up the DagBag from /opt/airflow/dags/minio_to_snowflake_dag.py
[2026-05-28T15:02:44.523+0000] {processor.py:840} INFO - DAG(s) 'minio_to_snowflake_banking' retrieved from /opt/airflow/dags/minio_to_snowflake_dag.py
[2026-05-28T15:02:44.531+0000] {logging_mixin.py:188} INFO - [2026-05-28T15:02:44.531+0000] {dag.py:3089} INFO - Sync 1 DAGs
[2026-05-28T15:02:44.537+0000] {logging_mixin.py:188} INFO - [2026-05-28T15:02:44.537+0000] {dag.py:3947} INFO - Setting next_dagrun for minio_to_snowflake_banking to 2026-05-28 14:30:00+00:00, run_after=2026-05-28 15:00:00+00:00
[2026-05-28T15:02:44.542+0000] {processor.py:183} INFO - Processing /opt/airflow/dags/minio_to_snowflake_dag.py took 0.265 seconds
[2026-05-28T15:03:15.528+0000] {processor.py:161} INFO - Started process (PID=1498) to work on /opt/airflow/dags/minio_to_snowflake_dag.py
[2026-05-28T15:03:15.529+0000] {processor.py:830} INFO - Processing file /opt/airflow/dags/minio_to_snowflake_dag.py for tasks to queue
[2026-05-28T15:03:15.530+0000] {logging_mixin.py:188} INFO - [2026-05-28T15:03:15.529+0000] {dagbag.py:545} INFO - Filling up the DagBag from /opt/airflow/dags/minio_to_snowflake_dag.py
[2026-05-28T15:03:15.762+0000] {processor.py:840} INFO - DAG(s) 'minio_to_snowflake_banking' retrieved from /opt/airflow/dags/minio_to_snowflake_dag.py
[2026-05-28T15:03:15.771+0000] {logging_mixin.py:188} INFO - [2026-05-28T15:03:15.771+0000] {dag.py:3089} INFO - Sync 1 DAGs
[2026-05-28T15:03:15.777+0000] {logging_mixin.py:188} INFO - [2026-05-28T15:03:15.777+0000] {dag.py:3947} INFO - Setting next_dagrun for minio_to_snowflake_banking to 2026-05-28 14:30:00+00:00, run_after=2026-05-28 15:00:00+00:00
[2026-05-28T15:03:15.782+0000] {processor.py:183} INFO - Processing /opt/airflow/dags/minio_to_snowflake_dag.py took 0.259 seconds
[2026-05-28T15:03:45.809+0000] {processor.py:161} INFO - Started process (PID=1503) to work on /opt/airflow/dags/minio_to_snowflake_dag.py
[2026-05-28T15:03:45.810+0000] {processor.py:830} INFO - Processing file /opt/airflow/dags/minio_to_snowflake_dag.py for tasks to queue
[2026-05-28T15:03:45.811+0000] {logging_mixin.py:188} INFO - [2026-05-28T15:03:45.811+0000] {dagbag.py:545} INFO - Filling up the DagBag from /opt/airflow/dags/minio_to_snowflake_dag.py
[2026-05-28T15:03:46.052+0000] {processor.py:840} INFO - DAG(s) 'minio_to_snowflake_banking' retrieved from /opt/airflow/dags/minio_to_snowflake_dag.py
[2026-05-28T15:03:46.060+0000] {logging_mixin.py:188} INFO - [2026-05-28T15:03:46.060+0000] {dag.py:3089} INFO - Sync 1 DAGs
[2026-05-28T15:03:46.066+0000] {logging_mixin.py:188} INFO - [2026-05-28T15:03:46.066+0000] {dag.py:3947} INFO - Setting next_dagrun for minio_to_snowflake_banking to 2026-05-28 14:30:00+00:00, run_after=2026-05-28 15:00:00+00:00
[2026-05-28T15:03:46.072+0000] {processor.py:183} INFO - Processing /opt/airflow/dags/minio_to_snowflake_dag.py took 0.267 seconds
[2026-05-28T15:04:17.042+0000] {processor.py:161} INFO - Started process (PID=1508) to work on /opt/airflow/dags/minio_to_snowflake_dag.py
[2026-05-28T15:04:17.043+0000] {processor.py:830} INFO - Processing file /opt/airflow/dags/minio_to_snowflake_dag.py for tasks to queue
[2026-05-28T15:04:17.044+0000] {logging_mixin.py:188} INFO - [2026-05-28T15:04:17.044+0000] {dagbag.py:545} INFO - Filling up the DagBag from /opt/airflow/dags/minio_to_snowflake_dag.py
[2026-05-28T15:04:17.306+0000] {processor.py:840} INFO - DAG(s) 'minio_to_snowflake_banking' retrieved from /opt/airflow/dags/minio_to_snowflake_dag.py
[2026-05-28T15:04:17.317+0000] {logging_mixin.py:188} INFO - [2026-05-28T15:04:17.316+0000] {dag.py:3089} INFO - Sync 1 DAGs
[2026-05-28T15:04:17.325+0000] {logging_mixin.py:188} INFO - [2026-05-28T15:04:17.325+0000] {dag.py:3947} INFO - Setting next_dagrun for minio_to_snowflake_banking to 2026-05-28 14:30:00+00:00, run_after=2026-05-28 15:00:00+00:00
[2026-05-28T15:04:17.332+0000] {processor.py:183} INFO - Processing /opt/airflow/dags/minio_to_snowflake_dag.py took 0.293 seconds
[2026-05-28T15:04:48.326+0000] {processor.py:161} INFO - Started process (PID=1513) to work on /opt/airflow/dags/minio_to_snowflake_dag.py
[2026-05-28T15:04:48.327+0000] {processor.py:830} INFO - Processing file /opt/airflow/dags/minio_to_snowflake_dag.py for tasks to queue
[2026-05-28T15:04:48.329+0000] {logging_mixin.py:188} INFO - [2026-05-28T15:04:48.328+0000] {dagbag.py:545} INFO - Filling up the DagBag from /opt/airflow/dags/minio_to_snowflake_dag.py
[2026-05-28T15:04:48.563+0000] {processor.py:840} INFO - DAG(s) 'minio_to_snowflake_banking' retrieved from /opt/airflow/dags/minio_to_snowflake_dag.py
[2026-05-28T15:04:48.571+0000] {logging_mixin.py:188} INFO - [2026-05-28T15:04:48.571+0000] {dag.py:3089} INFO - Sync 1 DAGs
[2026-05-28T15:04:48.577+0000] {logging_mixin.py:188} INFO - [2026-05-28T15:04:48.577+0000] {dag.py:3947} INFO - Setting next_dagrun for minio_to_snowflake_banking to 2026-05-28 14:30:00+00:00, run_after=2026-05-28 15:00:00+00:00
[2026-05-28T15:04:48.582+0000] {processor.py:183} INFO - Processing /opt/airflow/dags/minio_to_snowflake_dag.py took 0.261 seconds
[2026-05-28T15:05:19.555+0000] {processor.py:161} INFO - Started process (PID=1518) to work on /opt/airflow/dags/minio_to_snowflake_dag.py
[2026-05-28T15:05:19.557+0000] {processor.py:830} INFO - Processing file /opt/airflow/dags/minio_to_snowflake_dag.py for tasks to queue
[2026-05-28T15:05:19.557+0000] {logging_mixin.py:188} INFO - [2026-05-28T15:05:19.557+0000] {dagbag.py:545} INFO - Filling up the DagBag from /opt/airflow/dags/minio_to_snowflake_dag.py
[2026-05-28T15:05:19.814+0000] {processor.py:840} INFO - DAG(s) 'minio_to_snowflake_banking' retrieved from /opt/airflow/dags/minio_to_snowflake_dag.py
[2026-05-28T15:05:19.822+0000] {logging_mixin.py:188} INFO - [2026-05-28T15:05:19.822+0000] {dag.py:3089} INFO - Sync 1 DAGs
[2026-05-28T15:05:19.829+0000] {logging_mixin.py:188} INFO - [2026-05-28T15:05:19.829+0000] {dag.py:3947} INFO - Setting next_dagrun for minio_to_snowflake_banking to 2026-05-28 14:30:00+00:00, run_after=2026-05-28 15:00:00+00:00
[2026-05-28T15:05:19.834+0000] {processor.py:183} INFO - Processing /opt/airflow/dags/minio_to_snowflake_dag.py took 0.283 seconds
[2026-05-28T15:05:50.777+0000] {processor.py:161} INFO - Started process (PID=1523) to work on /opt/airflow/dags/minio_to_snowflake_dag.py
[2026-05-28T15:05:50.777+0000] {processor.py:830} INFO - Processing file /opt/airflow/dags/minio_to_snowflake_dag.py for tasks to queue
[2026-05-28T15:05:50.778+0000] {logging_mixin.py:188} INFO - [2026-05-28T15:05:50.777+0000] {dagbag.py:545} INFO - Filling up the DagBag from /opt/airflow/dags/minio_to_snowflake_dag.py
[2026-05-28T15:05:51.007+0000] {processor.py:840} INFO - DAG(s) 'minio_to_snowflake_banking' retrieved from /opt/airflow/dags/minio_to_snowflake_dag.py
[2026-05-28T15:05:51.014+0000] {logging_mixin.py:188} INFO - [2026-05-28T15:05:51.014+0000] {dag.py:3089} INFO - Sync 1 DAGs
[2026-05-28T15:05:51.021+0000] {logging_mixin.py:188} INFO - [2026-05-28T15:05:51.021+0000] {dag.py:3947} INFO - Setting next_dagrun for minio_to_snowflake_banking to 2026-05-28 14:30:00+00:00, run_after=2026-05-28 15:00:00+00:00
[2026-05-28T15:05:51.026+0000] {processor.py:183} INFO - Processing /opt/airflow/dags/minio_to_snowflake_dag.py took 0.252 seconds
[2026-05-28T15:06:21.051+0000] {processor.py:161} INFO - Started process (PID=1528) to work on /opt/airflow/dags/minio_to_snowflake_dag.py
[2026-05-28T15:06:21.051+0000] {processor.py:830} INFO - Processing file /opt/airflow/dags/minio_to_snowflake_dag.py for tasks to queue
[2026-05-28T15:06:21.051+0000] {logging_mixin.py:188} INFO - [2026-05-28T15:06:21.051+0000] {dagbag.py:545} INFO - Filling up the DagBag from /opt/airflow/dags/minio_to_snowflake_dag.py
[2026-05-28T15:06:21.334+0000] {processor.py:840} INFO - DAG(s) 'minio_to_snowflake_banking' retrieved from /opt/airflow/dags/minio_to_snowflake_dag.py
[2026-05-28T15:06:21.347+0000] {logging_mixin.py:188} INFO - [2026-05-28T15:06:21.347+0000] {dag.py:3089} INFO - Sync 1 DAGs
[2026-05-28T15:06:21.356+0000] {logging_mixin.py:188} INFO - [2026-05-28T15:06:21.356+0000] {dag.py:3947} INFO - Setting next_dagrun for minio_to_snowflake_banking to 2026-05-28 14:30:00+00:00, run_after=2026-05-28 15:00:00+00:00
[2026-05-28T15:06:21.366+0000] {processor.py:183} INFO - Processing /opt/airflow/dags/minio_to_snowflake_dag.py took 0.318 seconds
[2026-05-28T15:06:52.299+0000] {processor.py:161} INFO - Started process (PID=1533) to work on /opt/airflow/dags/minio_to_snowflake_dag.py
[2026-05-28T15:06:52.300+0000] {processor.py:830} INFO - Processing file /opt/airflow/dags/minio_to_snowflake_dag.py for tasks to queue
[2026-05-28T15:06:52.301+0000] {logging_mixin.py:188} INFO - [2026-05-28T15:06:52.300+0000] {dagbag.py:545} INFO - Filling up the DagBag from /opt/airflow/dags/minio_to_snowflake_dag.py
[2026-05-28T15:06:52.535+0000] {processor.py:840} INFO - DAG(s) 'minio_to_snowflake_banking' retrieved from /opt/airflow/dags/minio_to_snowflake_dag.py
[2026-05-28T15:06:52.548+0000] {logging_mixin.py:188} INFO - [2026-05-28T15:06:52.547+0000] {dag.py:3089} INFO - Sync 1 DAGs
[2026-05-28T15:06:52.554+0000] {logging_mixin.py:188} INFO - [2026-05-28T15:06:52.554+0000] {dag.py:3947} INFO - Setting next_dagrun for minio_to_snowflake_banking to 2026-05-28 14:30:00+00:00, run_after=2026-05-28 15:00:00+00:00
[2026-05-28T15:06:52.560+0000] {processor.py:183} INFO - Processing /opt/airflow/dags/minio_to_snowflake_dag.py took 0.266 seconds
[2026-05-28T15:07:23.539+0000] {processor.py:161} INFO - Started process (PID=1538) to work on /opt/airflow/dags/minio_to_snowflake_dag.py
[2026-05-28T15:07:23.540+0000] {processor.py:830} INFO - Processing file /opt/airflow/dags/minio_to_snowflake_dag.py for tasks to queue
[2026-05-28T15:07:23.541+0000] {logging_mixin.py:188} INFO - [2026-05-28T15:07:23.541+0000] {dagbag.py:545} INFO - Filling up the DagBag from /opt/airflow/dags/minio_to_snowflake_dag.py
[2026-05-28T15:07:23.781+0000] {processor.py:840} INFO - DAG(s) 'minio_to_snowflake_banking' retrieved from /opt/airflow/dags/minio_to_snowflake_dag.py
[2026-05-28T15:07:23.789+0000] {logging_mixin.py:188} INFO - [2026-05-28T15:07:23.789+0000] {dag.py:3089} INFO - Sync 1 DAGs
[2026-05-28T15:07:23.795+0000] {logging_mixin.py:188} INFO - [2026-05-28T15:07:23.795+0000] {dag.py:3947} INFO - Setting next_dagrun for minio_to_snowflake_banking to 2026-05-28 14:30:00+00:00, run_after=2026-05-28 15:00:00+00:00
[2026-05-28T15:07:23.801+0000] {processor.py:183} INFO - Processing /opt/airflow/dags/minio_to_snowflake_dag.py took 0.266 seconds
[2026-05-28T15:07:54.789+0000] {processor.py:161} INFO - Started process (PID=1543) to work on /opt/airflow/dags/minio_to_snowflake_dag.py
[2026-05-28T15:07:54.790+0000] {processor.py:830} INFO - Processing file /opt/airflow/dags/minio_to_snowflake_dag.py for tasks to queue
[2026-05-28T15:07:54.790+0000] {logging_mixin.py:188} INFO - [2026-05-28T15:07:54.790+0000] {dagbag.py:545} INFO - Filling up the DagBag from /opt/airflow/dags/minio_to_snowflake_dag.py
[2026-05-28T15:07:55.025+0000] {processor.py:840} INFO - DAG(s) 'minio_to_snowflake_banking' retrieved from /opt/airflow/dags/minio_to_snowflake_dag.py
[2026-05-28T15:07:55.032+0000] {logging_mixin.py:188} INFO - [2026-05-28T15:07:55.032+0000] {dag.py:3089} INFO - Sync 1 DAGs
[2026-05-28T15:07:55.039+0000] {logging_mixin.py:188} INFO - [2026-05-28T15:07:55.039+0000] {dag.py:3947} INFO - Setting next_dagrun for minio_to_snowflake_banking to 2026-05-28 14:30:00+00:00, run_after=2026-05-28 15:00:00+00:00
[2026-05-28T15:07:55.044+0000] {processor.py:183} INFO - Processing /opt/airflow/dags/minio_to_snowflake_dag.py took 0.260 seconds
[2026-05-28T15:08:26.017+0000] {processor.py:161} INFO - Started process (PID=1548) to work on /opt/airflow/dags/minio_to_snowflake_dag.py
[2026-05-28T15:08:26.019+0000] {processor.py:830} INFO - Processing file /opt/airflow/dags/minio_to_snowflake_dag.py for tasks to queue
[2026-05-28T15:08:26.021+0000] {logging_mixin.py:188} INFO - [2026-05-28T15:08:26.021+0000] {dagbag.py:545} INFO - Filling up the DagBag from /opt/airflow/dags/minio_to_snowflake_dag.py
[2026-05-28T15:08:26.258+0000] {processor.py:840} INFO - DAG(s) 'minio_to_snowflake_banking' retrieved from /opt/airflow/dags/minio_to_snowflake_dag.py
[2026-05-28T15:08:26.267+0000] {logging_mixin.py:188} INFO - [2026-05-28T15:08:26.267+0000] {dag.py:3089} INFO - Sync 1 DAGs
[2026-05-28T15:08:26.273+0000] {logging_mixin.py:188} INFO - [2026-05-28T15:08:26.273+0000] {dag.py:3947} INFO - Setting next_dagrun for minio_to_snowflake_banking to 2026-05-28 14:30:00+00:00, run_after=2026-05-28 15:00:00+00:00
[2026-05-28T15:08:26.278+0000] {processor.py:183} INFO - Processing /opt/airflow/dags/minio_to_snowflake_dag.py took 0.266 seconds
[2026-05-28T15:08:56.297+0000] {processor.py:161} INFO - Started process (PID=1553) to work on /opt/airflow/dags/minio_to_snowflake_dag.py
[2026-05-28T15:08:56.298+0000] {processor.py:830} INFO - Processing file /opt/airflow/dags/minio_to_snowflake_dag.py for tasks to queue
[2026-05-28T15:08:56.299+0000] {logging_mixin.py:188} INFO - [2026-05-28T15:08:56.298+0000] {dagbag.py:545} INFO - Filling up the DagBag from /opt/airflow/dags/minio_to_snowflake_dag.py
[2026-05-28T15:08:56.561+0000] {processor.py:840} INFO - DAG(s) 'minio_to_snowflake_banking' retrieved from /opt/airflow/dags/minio_to_snowflake_dag.py
[2026-05-28T15:08:56.569+0000] {logging_mixin.py:188} INFO - [2026-05-28T15:08:56.569+0000] {dag.py:3089} INFO - Sync 1 DAGs
[2026-05-28T15:08:56.575+0000] {logging_mixin.py:188} INFO - [2026-05-28T15:08:56.575+0000] {dag.py:3947} INFO - Setting next_dagrun for minio_to_snowflake_banking to 2026-05-28 14:30:00+00:00, run_after=2026-05-28 15:00:00+00:00
[2026-05-28T15:08:56.580+0000] {processor.py:183} INFO - Processing /opt/airflow/dags/minio_to_snowflake_dag.py took 0.286 seconds
[2026-05-28T15:09:27.535+0000] {processor.py:161} INFO - Started process (PID=1558) to work on /opt/airflow/dags/minio_to_snowflake_dag.py
[2026-05-28T15:09:27.537+0000] {processor.py:830} INFO - Processing file /opt/airflow/dags/minio_to_snowflake_dag.py for tasks to queue
[2026-05-28T15:09:27.538+0000] {logging_mixin.py:188} INFO - [2026-05-28T15:09:27.538+0000] {dagbag.py:545} INFO - Filling up the DagBag from /opt/airflow/dags/minio_to_snowflake_dag.py
[2026-05-28T15:09:27.799+0000] {processor.py:840} INFO - DAG(s) 'minio_to_snowflake_banking' retrieved from /opt/airflow/dags/minio_to_snowflake_dag.py
[2026-05-28T15:09:27.808+0000] {logging_mixin.py:188} INFO - [2026-05-28T15:09:27.808+0000] {dag.py:3089} INFO - Sync 1 DAGs
[2026-05-28T15:09:27.815+0000] {logging_mixin.py:188} INFO - [2026-05-28T15:09:27.815+0000] {dag.py:3947} INFO - Setting next_dagrun for minio_to_snowflake_banking to 2026-05-28 14:30:00+00:00, run_after=2026-05-28 15:00:00+00:00
[2026-05-28T15:09:27.820+0000] {processor.py:183} INFO - Processing /opt/airflow/dags/minio_to_snowflake_dag.py took 0.289 seconds
[2026-05-28T15:09:58.739+0000] {processor.py:161} INFO - Started process (PID=1563) to work on /opt/airflow/dags/minio_to_snowflake_dag.py
[2026-05-28T15:09:58.740+0000] {processor.py:830} INFO - Processing file /opt/airflow/dags/minio_to_snowflake_dag.py for tasks to queue
[2026-05-28T15:09:58.740+0000] {logging_mixin.py:188} INFO - [2026-05-28T15:09:58.740+0000] {dagbag.py:545} INFO - Filling up the DagBag from /opt/airflow/dags/minio_to_snowflake_dag.py
[2026-05-28T15:09:59.001+0000] {processor.py:840} INFO - DAG(s) 'minio_to_snowflake_banking' retrieved from /opt/airflow/dags/minio_to_snowflake_dag.py
[2026-05-28T15:09:59.011+0000] {logging_mixin.py:188} INFO - [2026-05-28T15:09:59.011+0000] {dag.py:3089} INFO - Sync 1 DAGs
[2026-05-28T15:09:59.020+0000] {logging_mixin.py:188} INFO - [2026-05-28T15:09:59.019+0000] {dag.py:3947} INFO - Setting next_dagrun for minio_to_snowflake_banking to 2026-05-28 14:30:00+00:00, run_after=2026-05-28 15:00:00+00:00
[2026-05-28T15:09:59.026+0000] {processor.py:183} INFO - Processing /opt/airflow/dags/minio_to_snowflake_dag.py took 0.290 seconds
[2026-05-28T15:10:30.018+0000] {processor.py:161} INFO - Started process (PID=1568) to work on /opt/airflow/dags/minio_to_snowflake_dag.py
[2026-05-28T15:10:30.019+0000] {processor.py:830} INFO - Processing file /opt/airflow/dags/minio_to_snowflake_dag.py for tasks to queue
[2026-05-28T15:10:30.020+0000] {logging_mixin.py:188} INFO - [2026-05-28T15:10:30.020+0000] {dagbag.py:545} INFO - Filling up the DagBag from /opt/airflow/dags/minio_to_snowflake_dag.py
[2026-05-28T15:10:30.254+0000] {processor.py:840} INFO - DAG(s) 'minio_to_snowflake_banking' retrieved from /opt/airflow/dags/minio_to_snowflake_dag.py
[2026-05-28T15:10:30.263+0000] {logging_mixin.py:188} INFO - [2026-05-28T15:10:30.263+0000] {dag.py:3089} INFO - Sync 1 DAGs
[2026-05-28T15:10:30.269+0000] {logging_mixin.py:188} INFO - [2026-05-28T15:10:30.269+0000] {dag.py:3947} INFO - Setting next_dagrun for minio_to_snowflake_banking to 2026-05-28 14:30:00+00:00, run_after=2026-05-28 15:00:00+00:00
[2026-05-28T15:10:30.274+0000] {processor.py:183} INFO - Processing /opt/airflow/dags/minio_to_snowflake_dag.py took 0.260 seconds
[2026-05-28T15:11:01.267+0000] {processor.py:161} INFO - Started process (PID=1574) to work on /opt/airflow/dags/minio_to_snowflake_dag.py
[2026-05-28T15:11:01.271+0000] {processor.py:830} INFO - Processing file /opt/airflow/dags/minio_to_snowflake_dag.py for tasks to queue
[2026-05-28T15:11:01.271+0000] {logging_mixin.py:188} INFO - [2026-05-28T15:11:01.271+0000] {dagbag.py:545} INFO - Filling up the DagBag from /opt/airflow/dags/minio_to_snowflake_dag.py
[2026-05-28T15:11:01.506+0000] {processor.py:840} INFO - DAG(s) 'minio_to_snowflake_banking' retrieved from /opt/airflow/dags/minio_to_snowflake_dag.py
[2026-05-28T15:11:01.514+0000] {logging_mixin.py:188} INFO - [2026-05-28T15:11:01.514+0000] {dag.py:3089} INFO - Sync 1 DAGs
[2026-05-28T15:11:01.521+0000] {logging_mixin.py:188} INFO - [2026-05-28T15:11:01.521+0000] {dag.py:3947} INFO - Setting next_dagrun for minio_to_snowflake_banking to 2026-05-28 14:30:00+00:00, run_after=2026-05-28 15:00:00+00:00
[2026-05-28T15:11:01.526+0000] {processor.py:183} INFO - Processing /opt/airflow/dags/minio_to_snowflake_dag.py took 0.262 seconds
[2026-05-28T15:11:31.559+0000] {processor.py:161} INFO - Started process (PID=1579) to work on /opt/airflow/dags/minio_to_snowflake_dag.py
[2026-05-28T15:11:31.561+0000] {processor.py:830} INFO - Processing file /opt/airflow/dags/minio_to_snowflake_dag.py for tasks to queue
[2026-05-28T15:11:31.562+0000] {logging_mixin.py:188} INFO - [2026-05-28T15:11:31.562+0000] {dagbag.py:545} INFO - Filling up the DagBag from /opt/airflow/dags/minio_to_snowflake_dag.py
[2026-05-28T15:11:31.803+0000] {processor.py:840} INFO - DAG(s) 'minio_to_snowflake_banking' retrieved from /opt/airflow/dags/minio_to_snowflake_dag.py
[2026-05-28T15:11:31.811+0000] {logging_mixin.py:188} INFO - [2026-05-28T15:11:31.811+0000] {dag.py:3089} INFO - Sync 1 DAGs
[2026-05-28T15:11:31.817+0000] {logging_mixin.py:188} INFO - [2026-05-28T15:11:31.817+0000] {dag.py:3947} INFO - Setting next_dagrun for minio_to_snowflake_banking to 2026-05-28 14:30:00+00:00, run_after=2026-05-28 15:00:00+00:00
[2026-05-28T15:11:31.822+0000] {processor.py:183} INFO - Processing /opt/airflow/dags/minio_to_snowflake_dag.py took 0.267 seconds
[2026-05-28T19:23:29.220+0000] {processor.py:161} INFO - Started process (PID=32) to work on /opt/airflow/dags/minio_to_snowflake_dag.py
[2026-05-28T19:23:29.221+0000] {processor.py:830} INFO - Processing file /opt/airflow/dags/minio_to_snowflake_dag.py for tasks to queue
[2026-05-28T19:23:29.222+0000] {logging_mixin.py:188} INFO - [2026-05-28T19:23:29.222+0000] {dagbag.py:545} INFO - Filling up the DagBag from /opt/airflow/dags/minio_to_snowflake_dag.py
[2026-05-28T19:23:29.652+0000] {processor.py:840} INFO - DAG(s) 'minio_to_snowflake_banking' retrieved from /opt/airflow/dags/minio_to_snowflake_dag.py
[2026-05-28T19:23:29.666+0000] {logging_mixin.py:188} INFO - [2026-05-28T19:23:29.665+0000] {dag.py:3089} INFO - Sync 1 DAGs
[2026-05-28T19:23:29.673+0000] {logging_mixin.py:188} INFO - [2026-05-28T19:23:29.673+0000] {dag.py:3947} INFO - Setting next_dagrun for minio_to_snowflake_banking to 2026-05-28 18:30:00+00:00, run_after=2026-05-28 19:00:00+00:00
[2026-05-28T19:23:29.679+0000] {processor.py:183} INFO - Processing /opt/airflow/dags/minio_to_snowflake_dag.py took 0.461 seconds
