[2026-05-28T14:21:05.663+0000] {processor.py:161} INFO - Started process (PID=618) to work on /opt/airflow/dags/scd_snapshots.py
[2026-05-28T14:21:05.663+0000] {processor.py:830} INFO - Processing file /opt/airflow/dags/scd_snapshots.py for tasks to queue
[2026-05-28T14:21:05.664+0000] {logging_mixin.py:188} INFO - [2026-05-28T14:21:05.664+0000] {dagbag.py:545} INFO - Filling up the DagBag from /opt/airflow/dags/scd_snapshots.py
[2026-05-28T14:21:05.671+0000] {processor.py:840} INFO - DAG(s) 'SCD2_snapshots' retrieved from /opt/airflow/dags/scd_snapshots.py
[2026-05-28T14:21:05.711+0000] {logging_mixin.py:188} INFO - [2026-05-28T14:21:05.711+0000] {override.py:1858} INFO - Created Permission View: can edit on DAG:SCD2_snapshots
[2026-05-28T14:21:05.714+0000] {logging_mixin.py:188} INFO - [2026-05-28T14:21:05.714+0000] {override.py:1858} INFO - Created Permission View: can delete on DAG:SCD2_snapshots
[2026-05-28T14:21:05.716+0000] {logging_mixin.py:188} INFO - [2026-05-28T14:21:05.716+0000] {override.py:1858} INFO - Created Permission View: can read on DAG:SCD2_snapshots
[2026-05-28T14:21:05.716+0000] {logging_mixin.py:188} INFO - [2026-05-28T14:21:05.716+0000] {dag.py:3089} INFO - Sync 1 DAGs
[2026-05-28T14:21:05.720+0000] {logging_mixin.py:188} INFO - [2026-05-28T14:21:05.719+0000] {dag.py:3111} INFO - Creating ORM DAG for SCD2_snapshots
[2026-05-28T14:21:05.724+0000] {logging_mixin.py:188} INFO - [2026-05-28T14:21:05.724+0000] {dag.py:3947} INFO - Setting next_dagrun for SCD2_snapshots to 2026-05-27 00:00:00+00:00, run_after=2026-05-28 00:00:00+00:00
[2026-05-28T14:21:05.731+0000] {processor.py:183} INFO - Processing /opt/airflow/dags/scd_snapshots.py took 0.071 seconds
[2026-05-28T14:21:35.923+0000] {processor.py:161} INFO - Started process (PID=691) to work on /opt/airflow/dags/scd_snapshots.py
[2026-05-28T14:21:35.923+0000] {processor.py:830} INFO - Processing file /opt/airflow/dags/scd_snapshots.py for tasks to queue
[2026-05-28T14:21:35.925+0000] {logging_mixin.py:188} INFO - [2026-05-28T14:21:35.925+0000] {dagbag.py:545} INFO - Filling up the DagBag from /opt/airflow/dags/scd_snapshots.py
[2026-05-28T14:21:35.936+0000] {processor.py:840} INFO - DAG(s) 'SCD2_snapshots' retrieved from /opt/airflow/dags/scd_snapshots.py
[2026-05-28T14:21:35.954+0000] {logging_mixin.py:188} INFO - [2026-05-28T14:21:35.954+0000] {dag.py:3089} INFO - Sync 1 DAGs
[2026-05-28T14:21:35.963+0000] {logging_mixin.py:188} INFO - [2026-05-28T14:21:35.963+0000] {dag.py:3947} INFO - Setting next_dagrun for SCD2_snapshots to 2026-05-28 00:00:00+00:00, run_after=2026-05-29 00:00:00+00:00
[2026-05-28T14:21:35.970+0000] {processor.py:183} INFO - Processing /opt/airflow/dags/scd_snapshots.py took 0.052 seconds
[2026-05-28T14:22:06.194+0000] {processor.py:161} INFO - Started process (PID=696) to work on /opt/airflow/dags/scd_snapshots.py
[2026-05-28T14:22:06.195+0000] {processor.py:830} INFO - Processing file /opt/airflow/dags/scd_snapshots.py for tasks to queue
[2026-05-28T14:22:06.197+0000] {logging_mixin.py:188} INFO - [2026-05-28T14:22:06.197+0000] {dagbag.py:545} INFO - Filling up the DagBag from /opt/airflow/dags/scd_snapshots.py
[2026-05-28T14:22:06.208+0000] {processor.py:840} INFO - DAG(s) 'SCD2_snapshots' retrieved from /opt/airflow/dags/scd_snapshots.py
[2026-05-28T14:22:06.226+0000] {logging_mixin.py:188} INFO - [2026-05-28T14:22:06.226+0000] {dag.py:3089} INFO - Sync 1 DAGs
[2026-05-28T14:22:06.235+0000] {logging_mixin.py:188} INFO - [2026-05-28T14:22:06.235+0000] {dag.py:3947} INFO - Setting next_dagrun for SCD2_snapshots to 2026-05-28 00:00:00+00:00, run_after=2026-05-29 00:00:00+00:00
[2026-05-28T14:22:06.243+0000] {processor.py:183} INFO - Processing /opt/airflow/dags/scd_snapshots.py took 0.053 seconds
[2026-05-28T14:22:36.427+0000] {processor.py:161} INFO - Started process (PID=769) to work on /opt/airflow/dags/scd_snapshots.py
[2026-05-28T14:22:36.428+0000] {processor.py:830} INFO - Processing file /opt/airflow/dags/scd_snapshots.py for tasks to queue
[2026-05-28T14:22:36.429+0000] {logging_mixin.py:188} INFO - [2026-05-28T14:22:36.429+0000] {dagbag.py:545} INFO - Filling up the DagBag from /opt/airflow/dags/scd_snapshots.py
[2026-05-28T14:22:36.439+0000] {processor.py:840} INFO - DAG(s) 'SCD2_snapshots' retrieved from /opt/airflow/dags/scd_snapshots.py
[2026-05-28T14:22:36.457+0000] {logging_mixin.py:188} INFO - [2026-05-28T14:22:36.457+0000] {dag.py:3089} INFO - Sync 1 DAGs
[2026-05-28T14:22:36.466+0000] {logging_mixin.py:188} INFO - [2026-05-28T14:22:36.466+0000] {dag.py:3947} INFO - Setting next_dagrun for SCD2_snapshots to 2026-05-28 00:00:00+00:00, run_after=2026-05-29 00:00:00+00:00
[2026-05-28T14:22:36.472+0000] {processor.py:183} INFO - Processing /opt/airflow/dags/scd_snapshots.py took 0.050 seconds
[2026-05-28T14:23:06.674+0000] {processor.py:161} INFO - Started process (PID=774) to work on /opt/airflow/dags/scd_snapshots.py
[2026-05-28T14:23:06.675+0000] {processor.py:830} INFO - Processing file /opt/airflow/dags/scd_snapshots.py for tasks to queue
[2026-05-28T14:23:06.676+0000] {logging_mixin.py:188} INFO - [2026-05-28T14:23:06.676+0000] {dagbag.py:545} INFO - Filling up the DagBag from /opt/airflow/dags/scd_snapshots.py
[2026-05-28T14:23:06.687+0000] {processor.py:840} INFO - DAG(s) 'SCD2_snapshots' retrieved from /opt/airflow/dags/scd_snapshots.py
[2026-05-28T14:23:06.706+0000] {logging_mixin.py:188} INFO - [2026-05-28T14:23:06.706+0000] {dag.py:3089} INFO - Sync 1 DAGs
[2026-05-28T14:23:06.715+0000] {logging_mixin.py:188} INFO - [2026-05-28T14:23:06.715+0000] {dag.py:3947} INFO - Setting next_dagrun for SCD2_snapshots to 2026-05-28 00:00:00+00:00, run_after=2026-05-29 00:00:00+00:00
[2026-05-28T14:23:06.722+0000] {processor.py:183} INFO - Processing /opt/airflow/dags/scd_snapshots.py took 0.054 seconds
[2026-05-28T14:23:36.944+0000] {processor.py:161} INFO - Started process (PID=779) to work on /opt/airflow/dags/scd_snapshots.py
[2026-05-28T14:23:36.945+0000] {processor.py:830} INFO - Processing file /opt/airflow/dags/scd_snapshots.py for tasks to queue
[2026-05-28T14:23:36.946+0000] {logging_mixin.py:188} INFO - [2026-05-28T14:23:36.946+0000] {dagbag.py:545} INFO - Filling up the DagBag from /opt/airflow/dags/scd_snapshots.py
[2026-05-28T14:23:36.956+0000] {processor.py:840} INFO - DAG(s) 'SCD2_snapshots' retrieved from /opt/airflow/dags/scd_snapshots.py
[2026-05-28T14:23:36.973+0000] {logging_mixin.py:188} INFO - [2026-05-28T14:23:36.973+0000] {dag.py:3089} INFO - Sync 1 DAGs
[2026-05-28T14:23:36.982+0000] {logging_mixin.py:188} INFO - [2026-05-28T14:23:36.982+0000] {dag.py:3947} INFO - Setting next_dagrun for SCD2_snapshots to 2026-05-28 00:00:00+00:00, run_after=2026-05-29 00:00:00+00:00
[2026-05-28T14:23:36.989+0000] {processor.py:183} INFO - Processing /opt/airflow/dags/scd_snapshots.py took 0.049 seconds
[2026-05-28T14:24:07.201+0000] {processor.py:161} INFO - Started process (PID=784) to work on /opt/airflow/dags/scd_snapshots.py
[2026-05-28T14:24:07.202+0000] {processor.py:830} INFO - Processing file /opt/airflow/dags/scd_snapshots.py for tasks to queue
[2026-05-28T14:24:07.204+0000] {logging_mixin.py:188} INFO - [2026-05-28T14:24:07.203+0000] {dagbag.py:545} INFO - Filling up the DagBag from /opt/airflow/dags/scd_snapshots.py
[2026-05-28T14:24:07.214+0000] {processor.py:840} INFO - DAG(s) 'SCD2_snapshots' retrieved from /opt/airflow/dags/scd_snapshots.py
[2026-05-28T14:24:07.233+0000] {logging_mixin.py:188} INFO - [2026-05-28T14:24:07.233+0000] {dag.py:3089} INFO - Sync 1 DAGs
[2026-05-28T14:24:07.242+0000] {logging_mixin.py:188} INFO - [2026-05-28T14:24:07.242+0000] {dag.py:3947} INFO - Setting next_dagrun for SCD2_snapshots to 2026-05-28 00:00:00+00:00, run_after=2026-05-29 00:00:00+00:00
[2026-05-28T14:24:07.250+0000] {processor.py:183} INFO - Processing /opt/airflow/dags/scd_snapshots.py took 0.054 seconds
[2026-05-28T14:24:37.464+0000] {processor.py:161} INFO - Started process (PID=789) to work on /opt/airflow/dags/scd_snapshots.py
[2026-05-28T14:24:37.464+0000] {processor.py:830} INFO - Processing file /opt/airflow/dags/scd_snapshots.py for tasks to queue
[2026-05-28T14:24:37.466+0000] {logging_mixin.py:188} INFO - [2026-05-28T14:24:37.465+0000] {dagbag.py:545} INFO - Filling up the DagBag from /opt/airflow/dags/scd_snapshots.py
[2026-05-28T14:24:37.475+0000] {processor.py:840} INFO - DAG(s) 'SCD2_snapshots' retrieved from /opt/airflow/dags/scd_snapshots.py
[2026-05-28T14:24:37.492+0000] {logging_mixin.py:188} INFO - [2026-05-28T14:24:37.492+0000] {dag.py:3089} INFO - Sync 1 DAGs
[2026-05-28T14:24:37.500+0000] {logging_mixin.py:188} INFO - [2026-05-28T14:24:37.500+0000] {dag.py:3947} INFO - Setting next_dagrun for SCD2_snapshots to 2026-05-28 00:00:00+00:00, run_after=2026-05-29 00:00:00+00:00
[2026-05-28T14:24:37.507+0000] {processor.py:183} INFO - Processing /opt/airflow/dags/scd_snapshots.py took 0.048 seconds
[2026-05-28T14:25:07.687+0000] {processor.py:161} INFO - Started process (PID=794) to work on /opt/airflow/dags/scd_snapshots.py
[2026-05-28T14:25:07.687+0000] {processor.py:830} INFO - Processing file /opt/airflow/dags/scd_snapshots.py for tasks to queue
[2026-05-28T14:25:07.689+0000] {logging_mixin.py:188} INFO - [2026-05-28T14:25:07.689+0000] {dagbag.py:545} INFO - Filling up the DagBag from /opt/airflow/dags/scd_snapshots.py
[2026-05-28T14:25:07.699+0000] {processor.py:840} INFO - DAG(s) 'SCD2_snapshots' retrieved from /opt/airflow/dags/scd_snapshots.py
[2026-05-28T14:25:07.715+0000] {logging_mixin.py:188} INFO - [2026-05-28T14:25:07.715+0000] {dag.py:3089} INFO - Sync 1 DAGs
[2026-05-28T14:25:07.725+0000] {logging_mixin.py:188} INFO - [2026-05-28T14:25:07.725+0000] {dag.py:3947} INFO - Setting next_dagrun for SCD2_snapshots to 2026-05-28 00:00:00+00:00, run_after=2026-05-29 00:00:00+00:00
[2026-05-28T14:25:07.732+0000] {processor.py:183} INFO - Processing /opt/airflow/dags/scd_snapshots.py took 0.051 seconds
[2026-05-28T14:25:37.921+0000] {processor.py:161} INFO - Started process (PID=799) to work on /opt/airflow/dags/scd_snapshots.py
[2026-05-28T14:25:37.922+0000] {processor.py:830} INFO - Processing file /opt/airflow/dags/scd_snapshots.py for tasks to queue
[2026-05-28T14:25:37.923+0000] {logging_mixin.py:188} INFO - [2026-05-28T14:25:37.923+0000] {dagbag.py:545} INFO - Filling up the DagBag from /opt/airflow/dags/scd_snapshots.py
[2026-05-28T14:25:37.934+0000] {processor.py:840} INFO - DAG(s) 'SCD2_snapshots' retrieved from /opt/airflow/dags/scd_snapshots.py
[2026-05-28T14:25:37.952+0000] {logging_mixin.py:188} INFO - [2026-05-28T14:25:37.952+0000] {dag.py:3089} INFO - Sync 1 DAGs
[2026-05-28T14:25:37.962+0000] {logging_mixin.py:188} INFO - [2026-05-28T14:25:37.962+0000] {dag.py:3947} INFO - Setting next_dagrun for SCD2_snapshots to 2026-05-28 00:00:00+00:00, run_after=2026-05-29 00:00:00+00:00
[2026-05-28T14:25:37.969+0000] {processor.py:183} INFO - Processing /opt/airflow/dags/scd_snapshots.py took 0.054 seconds
[2026-05-28T14:26:08.202+0000] {processor.py:161} INFO - Started process (PID=804) to work on /opt/airflow/dags/scd_snapshots.py
[2026-05-28T14:26:08.203+0000] {processor.py:830} INFO - Processing file /opt/airflow/dags/scd_snapshots.py for tasks to queue
[2026-05-28T14:26:08.204+0000] {logging_mixin.py:188} INFO - [2026-05-28T14:26:08.204+0000] {dagbag.py:545} INFO - Filling up the DagBag from /opt/airflow/dags/scd_snapshots.py
[2026-05-28T14:26:08.215+0000] {processor.py:840} INFO - DAG(s) 'SCD2_snapshots' retrieved from /opt/airflow/dags/scd_snapshots.py
[2026-05-28T14:26:08.232+0000] {logging_mixin.py:188} INFO - [2026-05-28T14:26:08.232+0000] {dag.py:3089} INFO - Sync 1 DAGs
[2026-05-28T14:26:08.241+0000] {logging_mixin.py:188} INFO - [2026-05-28T14:26:08.241+0000] {dag.py:3947} INFO - Setting next_dagrun for SCD2_snapshots to 2026-05-28 00:00:00+00:00, run_after=2026-05-29 00:00:00+00:00
[2026-05-28T14:26:08.248+0000] {processor.py:183} INFO - Processing /opt/airflow/dags/scd_snapshots.py took 0.052 seconds
[2026-05-28T14:26:38.447+0000] {processor.py:161} INFO - Started process (PID=809) to work on /opt/airflow/dags/scd_snapshots.py
[2026-05-28T14:26:38.448+0000] {processor.py:830} INFO - Processing file /opt/airflow/dags/scd_snapshots.py for tasks to queue
[2026-05-28T14:26:38.450+0000] {logging_mixin.py:188} INFO - [2026-05-28T14:26:38.449+0000] {dagbag.py:545} INFO - Filling up the DagBag from /opt/airflow/dags/scd_snapshots.py
[2026-05-28T14:26:38.460+0000] {processor.py:840} INFO - DAG(s) 'SCD2_snapshots' retrieved from /opt/airflow/dags/scd_snapshots.py
[2026-05-28T14:26:38.480+0000] {logging_mixin.py:188} INFO - [2026-05-28T14:26:38.480+0000] {dag.py:3089} INFO - Sync 1 DAGs
[2026-05-28T14:26:38.489+0000] {logging_mixin.py:188} INFO - [2026-05-28T14:26:38.489+0000] {dag.py:3947} INFO - Setting next_dagrun for SCD2_snapshots to 2026-05-28 00:00:00+00:00, run_after=2026-05-29 00:00:00+00:00
[2026-05-28T14:26:38.496+0000] {processor.py:183} INFO - Processing /opt/airflow/dags/scd_snapshots.py took 0.055 seconds
[2026-05-28T14:27:08.673+0000] {processor.py:161} INFO - Started process (PID=814) to work on /opt/airflow/dags/scd_snapshots.py
[2026-05-28T14:27:08.674+0000] {processor.py:830} INFO - Processing file /opt/airflow/dags/scd_snapshots.py for tasks to queue
[2026-05-28T14:27:08.676+0000] {logging_mixin.py:188} INFO - [2026-05-28T14:27:08.676+0000] {dagbag.py:545} INFO - Filling up the DagBag from /opt/airflow/dags/scd_snapshots.py
[2026-05-28T14:27:08.686+0000] {processor.py:840} INFO - DAG(s) 'SCD2_snapshots' retrieved from /opt/airflow/dags/scd_snapshots.py
[2026-05-28T14:27:08.705+0000] {logging_mixin.py:188} INFO - [2026-05-28T14:27:08.705+0000] {dag.py:3089} INFO - Sync 1 DAGs
[2026-05-28T14:27:08.715+0000] {logging_mixin.py:188} INFO - [2026-05-28T14:27:08.715+0000] {dag.py:3947} INFO - Setting next_dagrun for SCD2_snapshots to 2026-05-28 00:00:00+00:00, run_after=2026-05-29 00:00:00+00:00
[2026-05-28T14:27:08.722+0000] {processor.py:183} INFO - Processing /opt/airflow/dags/scd_snapshots.py took 0.054 seconds
[2026-05-28T14:27:38.894+0000] {processor.py:161} INFO - Started process (PID=819) to work on /opt/airflow/dags/scd_snapshots.py
[2026-05-28T14:27:38.895+0000] {processor.py:830} INFO - Processing file /opt/airflow/dags/scd_snapshots.py for tasks to queue
[2026-05-28T14:27:38.897+0000] {logging_mixin.py:188} INFO - [2026-05-28T14:27:38.897+0000] {dagbag.py:545} INFO - Filling up the DagBag from /opt/airflow/dags/scd_snapshots.py
[2026-05-28T14:27:38.908+0000] {processor.py:840} INFO - DAG(s) 'SCD2_snapshots' retrieved from /opt/airflow/dags/scd_snapshots.py
[2026-05-28T14:27:38.927+0000] {logging_mixin.py:188} INFO - [2026-05-28T14:27:38.927+0000] {dag.py:3089} INFO - Sync 1 DAGs
[2026-05-28T14:27:38.937+0000] {logging_mixin.py:188} INFO - [2026-05-28T14:27:38.937+0000] {dag.py:3947} INFO - Setting next_dagrun for SCD2_snapshots to 2026-05-28 00:00:00+00:00, run_after=2026-05-29 00:00:00+00:00
[2026-05-28T14:27:38.944+0000] {processor.py:183} INFO - Processing /opt/airflow/dags/scd_snapshots.py took 0.055 seconds
[2026-05-28T14:28:09.121+0000] {processor.py:161} INFO - Started process (PID=824) to work on /opt/airflow/dags/scd_snapshots.py
[2026-05-28T14:28:09.122+0000] {processor.py:830} INFO - Processing file /opt/airflow/dags/scd_snapshots.py for tasks to queue
[2026-05-28T14:28:09.124+0000] {logging_mixin.py:188} INFO - [2026-05-28T14:28:09.124+0000] {dagbag.py:545} INFO - Filling up the DagBag from /opt/airflow/dags/scd_snapshots.py
[2026-05-28T14:28:09.133+0000] {processor.py:840} INFO - DAG(s) 'SCD2_snapshots' retrieved from /opt/airflow/dags/scd_snapshots.py
[2026-05-28T14:28:09.152+0000] {logging_mixin.py:188} INFO - [2026-05-28T14:28:09.152+0000] {dag.py:3089} INFO - Sync 1 DAGs
[2026-05-28T14:28:09.162+0000] {logging_mixin.py:188} INFO - [2026-05-28T14:28:09.162+0000] {dag.py:3947} INFO - Setting next_dagrun for SCD2_snapshots to 2026-05-28 00:00:00+00:00, run_after=2026-05-29 00:00:00+00:00
[2026-05-28T14:28:09.168+0000] {processor.py:183} INFO - Processing /opt/airflow/dags/scd_snapshots.py took 0.052 seconds
[2026-05-28T14:28:39.336+0000] {processor.py:161} INFO - Started process (PID=829) to work on /opt/airflow/dags/scd_snapshots.py
[2026-05-28T14:28:39.337+0000] {processor.py:830} INFO - Processing file /opt/airflow/dags/scd_snapshots.py for tasks to queue
[2026-05-28T14:28:39.338+0000] {logging_mixin.py:188} INFO - [2026-05-28T14:28:39.338+0000] {dagbag.py:545} INFO - Filling up the DagBag from /opt/airflow/dags/scd_snapshots.py
[2026-05-28T14:28:39.348+0000] {processor.py:840} INFO - DAG(s) 'SCD2_snapshots' retrieved from /opt/airflow/dags/scd_snapshots.py
[2026-05-28T14:28:39.364+0000] {logging_mixin.py:188} INFO - [2026-05-28T14:28:39.364+0000] {dag.py:3089} INFO - Sync 1 DAGs
[2026-05-28T14:28:39.372+0000] {logging_mixin.py:188} INFO - [2026-05-28T14:28:39.372+0000] {dag.py:3947} INFO - Setting next_dagrun for SCD2_snapshots to 2026-05-28 00:00:00+00:00, run_after=2026-05-29 00:00:00+00:00
[2026-05-28T14:28:39.379+0000] {processor.py:183} INFO - Processing /opt/airflow/dags/scd_snapshots.py took 0.047 seconds
[2026-05-28T14:29:09.572+0000] {processor.py:161} INFO - Started process (PID=834) to work on /opt/airflow/dags/scd_snapshots.py
[2026-05-28T14:29:09.573+0000] {processor.py:830} INFO - Processing file /opt/airflow/dags/scd_snapshots.py for tasks to queue
[2026-05-28T14:29:09.574+0000] {logging_mixin.py:188} INFO - [2026-05-28T14:29:09.574+0000] {dagbag.py:545} INFO - Filling up the DagBag from /opt/airflow/dags/scd_snapshots.py
[2026-05-28T14:29:09.584+0000] {processor.py:840} INFO - DAG(s) 'SCD2_snapshots' retrieved from /opt/airflow/dags/scd_snapshots.py
[2026-05-28T14:29:09.602+0000] {logging_mixin.py:188} INFO - [2026-05-28T14:29:09.601+0000] {dag.py:3089} INFO - Sync 1 DAGs
[2026-05-28T14:29:09.611+0000] {logging_mixin.py:188} INFO - [2026-05-28T14:29:09.611+0000] {dag.py:3947} INFO - Setting next_dagrun for SCD2_snapshots to 2026-05-28 00:00:00+00:00, run_after=2026-05-29 00:00:00+00:00
[2026-05-28T14:29:09.621+0000] {processor.py:183} INFO - Processing /opt/airflow/dags/scd_snapshots.py took 0.053 seconds
[2026-05-28T14:29:39.784+0000] {processor.py:161} INFO - Started process (PID=839) to work on /opt/airflow/dags/scd_snapshots.py
[2026-05-28T14:29:39.784+0000] {processor.py:830} INFO - Processing file /opt/airflow/dags/scd_snapshots.py for tasks to queue
[2026-05-28T14:29:39.785+0000] {logging_mixin.py:188} INFO - [2026-05-28T14:29:39.785+0000] {dagbag.py:545} INFO - Filling up the DagBag from /opt/airflow/dags/scd_snapshots.py
[2026-05-28T14:29:39.790+0000] {processor.py:840} INFO - DAG(s) 'SCD2_snapshots' retrieved from /opt/airflow/dags/scd_snapshots.py
[2026-05-28T14:29:39.801+0000] {logging_mixin.py:188} INFO - [2026-05-28T14:29:39.801+0000] {dag.py:3089} INFO - Sync 1 DAGs
[2026-05-28T14:29:39.809+0000] {logging_mixin.py:188} INFO - [2026-05-28T14:29:39.809+0000] {dag.py:3947} INFO - Setting next_dagrun for SCD2_snapshots to 2026-05-28 00:00:00+00:00, run_after=2026-05-29 00:00:00+00:00
[2026-05-28T14:29:39.815+0000] {processor.py:183} INFO - Processing /opt/airflow/dags/scd_snapshots.py took 0.034 seconds
[2026-05-28T14:30:10.004+0000] {processor.py:161} INFO - Started process (PID=844) to work on /opt/airflow/dags/scd_snapshots.py
[2026-05-28T14:30:10.006+0000] {processor.py:830} INFO - Processing file /opt/airflow/dags/scd_snapshots.py for tasks to queue
[2026-05-28T14:30:10.007+0000] {logging_mixin.py:188} INFO - [2026-05-28T14:30:10.007+0000] {dagbag.py:545} INFO - Filling up the DagBag from /opt/airflow/dags/scd_snapshots.py
[2026-05-28T14:30:10.018+0000] {processor.py:840} INFO - DAG(s) 'SCD2_snapshots' retrieved from /opt/airflow/dags/scd_snapshots.py
[2026-05-28T14:30:10.036+0000] {logging_mixin.py:188} INFO - [2026-05-28T14:30:10.035+0000] {dag.py:3089} INFO - Sync 1 DAGs
[2026-05-28T14:30:10.044+0000] {logging_mixin.py:188} INFO - [2026-05-28T14:30:10.044+0000] {dag.py:3947} INFO - Setting next_dagrun for SCD2_snapshots to 2026-05-28 00:00:00+00:00, run_after=2026-05-29 00:00:00+00:00
[2026-05-28T14:30:10.052+0000] {processor.py:183} INFO - Processing /opt/airflow/dags/scd_snapshots.py took 0.053 seconds
[2026-05-28T14:30:40.231+0000] {processor.py:161} INFO - Started process (PID=849) to work on /opt/airflow/dags/scd_snapshots.py
[2026-05-28T14:30:40.232+0000] {processor.py:830} INFO - Processing file /opt/airflow/dags/scd_snapshots.py for tasks to queue
[2026-05-28T14:30:40.233+0000] {logging_mixin.py:188} INFO - [2026-05-28T14:30:40.233+0000] {dagbag.py:545} INFO - Filling up the DagBag from /opt/airflow/dags/scd_snapshots.py
[2026-05-28T14:30:40.244+0000] {processor.py:840} INFO - DAG(s) 'SCD2_snapshots' retrieved from /opt/airflow/dags/scd_snapshots.py
[2026-05-28T14:30:40.263+0000] {logging_mixin.py:188} INFO - [2026-05-28T14:30:40.263+0000] {dag.py:3089} INFO - Sync 1 DAGs
[2026-05-28T14:30:40.273+0000] {logging_mixin.py:188} INFO - [2026-05-28T14:30:40.273+0000] {dag.py:3947} INFO - Setting next_dagrun for SCD2_snapshots to 2026-05-28 00:00:00+00:00, run_after=2026-05-29 00:00:00+00:00
[2026-05-28T14:30:40.281+0000] {processor.py:183} INFO - Processing /opt/airflow/dags/scd_snapshots.py took 0.056 seconds
[2026-05-28T14:31:10.490+0000] {processor.py:161} INFO - Started process (PID=854) to work on /opt/airflow/dags/scd_snapshots.py
[2026-05-28T14:31:10.491+0000] {processor.py:830} INFO - Processing file /opt/airflow/dags/scd_snapshots.py for tasks to queue
[2026-05-28T14:31:10.492+0000] {logging_mixin.py:188} INFO - [2026-05-28T14:31:10.492+0000] {dagbag.py:545} INFO - Filling up the DagBag from /opt/airflow/dags/scd_snapshots.py
[2026-05-28T14:31:10.503+0000] {processor.py:840} INFO - DAG(s) 'SCD2_snapshots' retrieved from /opt/airflow/dags/scd_snapshots.py
[2026-05-28T14:31:10.522+0000] {logging_mixin.py:188} INFO - [2026-05-28T14:31:10.522+0000] {dag.py:3089} INFO - Sync 1 DAGs
[2026-05-28T14:31:10.531+0000] {logging_mixin.py:188} INFO - [2026-05-28T14:31:10.531+0000] {dag.py:3947} INFO - Setting next_dagrun for SCD2_snapshots to 2026-05-28 00:00:00+00:00, run_after=2026-05-29 00:00:00+00:00
[2026-05-28T14:31:10.538+0000] {processor.py:183} INFO - Processing /opt/airflow/dags/scd_snapshots.py took 0.054 seconds
[2026-05-28T14:31:40.701+0000] {processor.py:161} INFO - Started process (PID=859) to work on /opt/airflow/dags/scd_snapshots.py
[2026-05-28T14:31:40.702+0000] {processor.py:830} INFO - Processing file /opt/airflow/dags/scd_snapshots.py for tasks to queue
[2026-05-28T14:31:40.704+0000] {logging_mixin.py:188} INFO - [2026-05-28T14:31:40.703+0000] {dagbag.py:545} INFO - Filling up the DagBag from /opt/airflow/dags/scd_snapshots.py
[2026-05-28T14:31:40.714+0000] {processor.py:840} INFO - DAG(s) 'SCD2_snapshots' retrieved from /opt/airflow/dags/scd_snapshots.py
[2026-05-28T14:31:40.730+0000] {logging_mixin.py:188} INFO - [2026-05-28T14:31:40.730+0000] {dag.py:3089} INFO - Sync 1 DAGs
[2026-05-28T14:31:40.739+0000] {logging_mixin.py:188} INFO - [2026-05-28T14:31:40.739+0000] {dag.py:3947} INFO - Setting next_dagrun for SCD2_snapshots to 2026-05-28 00:00:00+00:00, run_after=2026-05-29 00:00:00+00:00
[2026-05-28T14:31:40.746+0000] {processor.py:183} INFO - Processing /opt/airflow/dags/scd_snapshots.py took 0.049 seconds
[2026-05-28T14:32:10.921+0000] {processor.py:161} INFO - Started process (PID=860) to work on /opt/airflow/dags/scd_snapshots.py
[2026-05-28T14:32:10.922+0000] {processor.py:830} INFO - Processing file /opt/airflow/dags/scd_snapshots.py for tasks to queue
[2026-05-28T14:32:10.922+0000] {logging_mixin.py:188} INFO - [2026-05-28T14:32:10.922+0000] {dagbag.py:545} INFO - Filling up the DagBag from /opt/airflow/dags/scd_snapshots.py
[2026-05-28T14:32:10.936+0000] {processor.py:840} INFO - DAG(s) 'SCD2_snapshots' retrieved from /opt/airflow/dags/scd_snapshots.py
[2026-05-28T14:32:10.954+0000] {logging_mixin.py:188} INFO - [2026-05-28T14:32:10.953+0000] {dag.py:3089} INFO - Sync 1 DAGs
[2026-05-28T14:32:10.971+0000] {logging_mixin.py:188} INFO - [2026-05-28T14:32:10.970+0000] {dag.py:3947} INFO - Setting next_dagrun for SCD2_snapshots to 2026-05-28 00:00:00+00:00, run_after=2026-05-29 00:00:00+00:00
[2026-05-28T14:32:10.985+0000] {processor.py:183} INFO - Processing /opt/airflow/dags/scd_snapshots.py took 0.069 seconds
[2026-05-28T14:32:41.200+0000] {processor.py:161} INFO - Started process (PID=865) to work on /opt/airflow/dags/scd_snapshots.py
[2026-05-28T14:32:41.201+0000] {processor.py:830} INFO - Processing file /opt/airflow/dags/scd_snapshots.py for tasks to queue
[2026-05-28T14:32:41.201+0000] {logging_mixin.py:188} INFO - [2026-05-28T14:32:41.201+0000] {dagbag.py:545} INFO - Filling up the DagBag from /opt/airflow/dags/scd_snapshots.py
[2026-05-28T14:32:41.209+0000] {processor.py:840} INFO - DAG(s) 'SCD2_snapshots' retrieved from /opt/airflow/dags/scd_snapshots.py
[2026-05-28T14:32:41.224+0000] {logging_mixin.py:188} INFO - [2026-05-28T14:32:41.224+0000] {dag.py:3089} INFO - Sync 1 DAGs
[2026-05-28T14:32:41.232+0000] {logging_mixin.py:188} INFO - [2026-05-28T14:32:41.232+0000] {dag.py:3947} INFO - Setting next_dagrun for SCD2_snapshots to 2026-05-28 00:00:00+00:00, run_after=2026-05-29 00:00:00+00:00
[2026-05-28T14:32:41.238+0000] {processor.py:183} INFO - Processing /opt/airflow/dags/scd_snapshots.py took 0.042 seconds
[2026-05-28T14:33:11.430+0000] {processor.py:161} INFO - Started process (PID=927) to work on /opt/airflow/dags/scd_snapshots.py
[2026-05-28T14:33:11.430+0000] {processor.py:830} INFO - Processing file /opt/airflow/dags/scd_snapshots.py for tasks to queue
[2026-05-28T14:33:11.431+0000] {logging_mixin.py:188} INFO - [2026-05-28T14:33:11.430+0000] {dagbag.py:545} INFO - Filling up the DagBag from /opt/airflow/dags/scd_snapshots.py
[2026-05-28T14:33:11.439+0000] {processor.py:840} INFO - DAG(s) 'SCD2_snapshots' retrieved from /opt/airflow/dags/scd_snapshots.py
[2026-05-28T14:33:11.456+0000] {logging_mixin.py:188} INFO - [2026-05-28T14:33:11.456+0000] {dag.py:3089} INFO - Sync 1 DAGs
[2026-05-28T14:33:11.466+0000] {logging_mixin.py:188} INFO - [2026-05-28T14:33:11.466+0000] {dag.py:3947} INFO - Setting next_dagrun for SCD2_snapshots to 2026-05-28 00:00:00+00:00, run_after=2026-05-29 00:00:00+00:00
[2026-05-28T14:33:11.474+0000] {processor.py:183} INFO - Processing /opt/airflow/dags/scd_snapshots.py took 0.049 seconds
[2026-05-28T14:33:41.674+0000] {processor.py:161} INFO - Started process (PID=975) to work on /opt/airflow/dags/scd_snapshots.py
[2026-05-28T14:33:41.675+0000] {processor.py:830} INFO - Processing file /opt/airflow/dags/scd_snapshots.py for tasks to queue
[2026-05-28T14:33:41.675+0000] {logging_mixin.py:188} INFO - [2026-05-28T14:33:41.675+0000] {dagbag.py:545} INFO - Filling up the DagBag from /opt/airflow/dags/scd_snapshots.py
[2026-05-28T14:33:41.685+0000] {processor.py:840} INFO - DAG(s) 'SCD2_snapshots' retrieved from /opt/airflow/dags/scd_snapshots.py
[2026-05-28T14:33:41.701+0000] {logging_mixin.py:188} INFO - [2026-05-28T14:33:41.701+0000] {dag.py:3089} INFO - Sync 1 DAGs
[2026-05-28T14:33:41.709+0000] {logging_mixin.py:188} INFO - [2026-05-28T14:33:41.709+0000] {dag.py:3947} INFO - Setting next_dagrun for SCD2_snapshots to 2026-05-28 00:00:00+00:00, run_after=2026-05-29 00:00:00+00:00
[2026-05-28T14:33:41.717+0000] {processor.py:183} INFO - Processing /opt/airflow/dags/scd_snapshots.py took 0.047 seconds
[2026-05-28T14:34:11.904+0000] {processor.py:161} INFO - Started process (PID=980) to work on /opt/airflow/dags/scd_snapshots.py
[2026-05-28T14:34:11.905+0000] {processor.py:830} INFO - Processing file /opt/airflow/dags/scd_snapshots.py for tasks to queue
[2026-05-28T14:34:11.905+0000] {logging_mixin.py:188} INFO - [2026-05-28T14:34:11.905+0000] {dagbag.py:545} INFO - Filling up the DagBag from /opt/airflow/dags/scd_snapshots.py
[2026-05-28T14:34:11.912+0000] {processor.py:840} INFO - DAG(s) 'SCD2_snapshots' retrieved from /opt/airflow/dags/scd_snapshots.py
[2026-05-28T14:34:11.927+0000] {logging_mixin.py:188} INFO - [2026-05-28T14:34:11.927+0000] {dag.py:3089} INFO - Sync 1 DAGs
[2026-05-28T14:34:11.937+0000] {logging_mixin.py:188} INFO - [2026-05-28T14:34:11.937+0000] {dag.py:3947} INFO - Setting next_dagrun for SCD2_snapshots to 2026-05-28 00:00:00+00:00, run_after=2026-05-29 00:00:00+00:00
[2026-05-28T14:34:11.943+0000] {processor.py:183} INFO - Processing /opt/airflow/dags/scd_snapshots.py took 0.043 seconds
[2026-05-28T14:34:42.123+0000] {processor.py:161} INFO - Started process (PID=985) to work on /opt/airflow/dags/scd_snapshots.py
[2026-05-28T14:34:42.124+0000] {processor.py:830} INFO - Processing file /opt/airflow/dags/scd_snapshots.py for tasks to queue
[2026-05-28T14:34:42.125+0000] {logging_mixin.py:188} INFO - [2026-05-28T14:34:42.125+0000] {dagbag.py:545} INFO - Filling up the DagBag from /opt/airflow/dags/scd_snapshots.py
[2026-05-28T14:34:42.134+0000] {processor.py:840} INFO - DAG(s) 'SCD2_snapshots' retrieved from /opt/airflow/dags/scd_snapshots.py
[2026-05-28T14:34:42.151+0000] {logging_mixin.py:188} INFO - [2026-05-28T14:34:42.151+0000] {dag.py:3089} INFO - Sync 1 DAGs
[2026-05-28T14:34:42.160+0000] {logging_mixin.py:188} INFO - [2026-05-28T14:34:42.160+0000] {dag.py:3947} INFO - Setting next_dagrun for SCD2_snapshots to 2026-05-28 00:00:00+00:00, run_after=2026-05-29 00:00:00+00:00
[2026-05-28T14:34:42.168+0000] {processor.py:183} INFO - Processing /opt/airflow/dags/scd_snapshots.py took 0.048 seconds
[2026-05-28T14:35:12.352+0000] {processor.py:161} INFO - Started process (PID=990) to work on /opt/airflow/dags/scd_snapshots.py
[2026-05-28T14:35:12.352+0000] {processor.py:830} INFO - Processing file /opt/airflow/dags/scd_snapshots.py for tasks to queue
[2026-05-28T14:35:12.353+0000] {logging_mixin.py:188} INFO - [2026-05-28T14:35:12.353+0000] {dagbag.py:545} INFO - Filling up the DagBag from /opt/airflow/dags/scd_snapshots.py
[2026-05-28T14:35:12.358+0000] {processor.py:840} INFO - DAG(s) 'SCD2_snapshots' retrieved from /opt/airflow/dags/scd_snapshots.py
[2026-05-28T14:35:12.371+0000] {logging_mixin.py:188} INFO - [2026-05-28T14:35:12.371+0000] {dag.py:3089} INFO - Sync 1 DAGs
[2026-05-28T14:35:12.381+0000] {logging_mixin.py:188} INFO - [2026-05-28T14:35:12.381+0000] {dag.py:3947} INFO - Setting next_dagrun for SCD2_snapshots to 2026-05-28 00:00:00+00:00, run_after=2026-05-29 00:00:00+00:00
[2026-05-28T14:35:12.388+0000] {processor.py:183} INFO - Processing /opt/airflow/dags/scd_snapshots.py took 0.039 seconds
[2026-05-28T14:35:42.597+0000] {processor.py:161} INFO - Started process (PID=995) to work on /opt/airflow/dags/scd_snapshots.py
[2026-05-28T14:35:42.597+0000] {processor.py:830} INFO - Processing file /opt/airflow/dags/scd_snapshots.py for tasks to queue
[2026-05-28T14:35:42.598+0000] {logging_mixin.py:188} INFO - [2026-05-28T14:35:42.598+0000] {dagbag.py:545} INFO - Filling up the DagBag from /opt/airflow/dags/scd_snapshots.py
[2026-05-28T14:35:42.607+0000] {processor.py:840} INFO - DAG(s) 'SCD2_snapshots' retrieved from /opt/airflow/dags/scd_snapshots.py
[2026-05-28T14:35:42.624+0000] {logging_mixin.py:188} INFO - [2026-05-28T14:35:42.624+0000] {dag.py:3089} INFO - Sync 1 DAGs
[2026-05-28T14:35:42.634+0000] {logging_mixin.py:188} INFO - [2026-05-28T14:35:42.634+0000] {dag.py:3947} INFO - Setting next_dagrun for SCD2_snapshots to 2026-05-28 00:00:00+00:00, run_after=2026-05-29 00:00:00+00:00
[2026-05-28T14:35:42.642+0000] {processor.py:183} INFO - Processing /opt/airflow/dags/scd_snapshots.py took 0.050 seconds
[2026-05-28T14:36:12.860+0000] {processor.py:161} INFO - Started process (PID=1137) to work on /opt/airflow/dags/scd_snapshots.py
[2026-05-28T14:36:12.861+0000] {processor.py:830} INFO - Processing file /opt/airflow/dags/scd_snapshots.py for tasks to queue
[2026-05-28T14:36:12.862+0000] {logging_mixin.py:188} INFO - [2026-05-28T14:36:12.861+0000] {dagbag.py:545} INFO - Filling up the DagBag from /opt/airflow/dags/scd_snapshots.py
[2026-05-28T14:36:12.871+0000] {processor.py:840} INFO - DAG(s) 'SCD2_snapshots' retrieved from /opt/airflow/dags/scd_snapshots.py
[2026-05-28T14:36:12.894+0000] {logging_mixin.py:188} INFO - [2026-05-28T14:36:12.894+0000] {dag.py:3089} INFO - Sync 1 DAGs
[2026-05-28T14:36:12.908+0000] {logging_mixin.py:188} INFO - [2026-05-28T14:36:12.908+0000] {dag.py:3947} INFO - Setting next_dagrun for SCD2_snapshots to 2026-05-28 00:00:00+00:00, run_after=2026-05-29 00:00:00+00:00
[2026-05-28T14:36:12.914+0000] {processor.py:183} INFO - Processing /opt/airflow/dags/scd_snapshots.py took 0.058 seconds
[2026-05-28T14:36:43.182+0000] {processor.py:161} INFO - Started process (PID=1151) to work on /opt/airflow/dags/scd_snapshots.py
[2026-05-28T14:36:43.182+0000] {processor.py:830} INFO - Processing file /opt/airflow/dags/scd_snapshots.py for tasks to queue
[2026-05-28T14:36:43.183+0000] {logging_mixin.py:188} INFO - [2026-05-28T14:36:43.183+0000] {dagbag.py:545} INFO - Filling up the DagBag from /opt/airflow/dags/scd_snapshots.py
[2026-05-28T14:36:43.193+0000] {processor.py:840} INFO - DAG(s) 'SCD2_snapshots' retrieved from /opt/airflow/dags/scd_snapshots.py
[2026-05-28T14:36:43.210+0000] {logging_mixin.py:188} INFO - [2026-05-28T14:36:43.210+0000] {dag.py:3089} INFO - Sync 1 DAGs
[2026-05-28T14:36:43.219+0000] {logging_mixin.py:188} INFO - [2026-05-28T14:36:43.219+0000] {dag.py:3947} INFO - Setting next_dagrun for SCD2_snapshots to 2026-05-28 00:00:00+00:00, run_after=2026-05-29 00:00:00+00:00
[2026-05-28T14:36:43.226+0000] {processor.py:183} INFO - Processing /opt/airflow/dags/scd_snapshots.py took 0.050 seconds
[2026-05-28T14:37:13.485+0000] {processor.py:161} INFO - Started process (PID=1156) to work on /opt/airflow/dags/scd_snapshots.py
[2026-05-28T14:37:13.486+0000] {processor.py:830} INFO - Processing file /opt/airflow/dags/scd_snapshots.py for tasks to queue
[2026-05-28T14:37:13.486+0000] {logging_mixin.py:188} INFO - [2026-05-28T14:37:13.486+0000] {dagbag.py:545} INFO - Filling up the DagBag from /opt/airflow/dags/scd_snapshots.py
[2026-05-28T14:37:13.496+0000] {processor.py:840} INFO - DAG(s) 'SCD2_snapshots' retrieved from /opt/airflow/dags/scd_snapshots.py
[2026-05-28T14:37:13.515+0000] {logging_mixin.py:188} INFO - [2026-05-28T14:37:13.515+0000] {dag.py:3089} INFO - Sync 1 DAGs
[2026-05-28T14:37:13.524+0000] {logging_mixin.py:188} INFO - [2026-05-28T14:37:13.524+0000] {dag.py:3947} INFO - Setting next_dagrun for SCD2_snapshots to 2026-05-28 00:00:00+00:00, run_after=2026-05-29 00:00:00+00:00
[2026-05-28T14:37:13.530+0000] {processor.py:183} INFO - Processing /opt/airflow/dags/scd_snapshots.py took 0.050 seconds
[2026-05-28T14:37:43.777+0000] {processor.py:161} INFO - Started process (PID=1161) to work on /opt/airflow/dags/scd_snapshots.py
[2026-05-28T14:37:43.778+0000] {processor.py:830} INFO - Processing file /opt/airflow/dags/scd_snapshots.py for tasks to queue
[2026-05-28T14:37:43.779+0000] {logging_mixin.py:188} INFO - [2026-05-28T14:37:43.778+0000] {dagbag.py:545} INFO - Filling up the DagBag from /opt/airflow/dags/scd_snapshots.py
[2026-05-28T14:37:43.789+0000] {processor.py:840} INFO - DAG(s) 'SCD2_snapshots' retrieved from /opt/airflow/dags/scd_snapshots.py
[2026-05-28T14:37:43.807+0000] {logging_mixin.py:188} INFO - [2026-05-28T14:37:43.807+0000] {dag.py:3089} INFO - Sync 1 DAGs
[2026-05-28T14:37:43.816+0000] {logging_mixin.py:188} INFO - [2026-05-28T14:37:43.816+0000] {dag.py:3947} INFO - Setting next_dagrun for SCD2_snapshots to 2026-05-28 00:00:00+00:00, run_after=2026-05-29 00:00:00+00:00
[2026-05-28T14:37:43.824+0000] {processor.py:183} INFO - Processing /opt/airflow/dags/scd_snapshots.py took 0.052 seconds
[2026-05-28T14:38:14.046+0000] {processor.py:161} INFO - Started process (PID=1166) to work on /opt/airflow/dags/scd_snapshots.py
[2026-05-28T14:38:14.046+0000] {processor.py:830} INFO - Processing file /opt/airflow/dags/scd_snapshots.py for tasks to queue
[2026-05-28T14:38:14.047+0000] {logging_mixin.py:188} INFO - [2026-05-28T14:38:14.047+0000] {dagbag.py:545} INFO - Filling up the DagBag from /opt/airflow/dags/scd_snapshots.py
[2026-05-28T14:38:14.056+0000] {processor.py:840} INFO - DAG(s) 'SCD2_snapshots' retrieved from /opt/airflow/dags/scd_snapshots.py
[2026-05-28T14:38:14.074+0000] {logging_mixin.py:188} INFO - [2026-05-28T14:38:14.074+0000] {dag.py:3089} INFO - Sync 1 DAGs
[2026-05-28T14:38:14.083+0000] {logging_mixin.py:188} INFO - [2026-05-28T14:38:14.083+0000] {dag.py:3947} INFO - Setting next_dagrun for SCD2_snapshots to 2026-05-28 00:00:00+00:00, run_after=2026-05-29 00:00:00+00:00
[2026-05-28T14:38:14.091+0000] {processor.py:183} INFO - Processing /opt/airflow/dags/scd_snapshots.py took 0.050 seconds
[2026-05-28T14:38:44.329+0000] {processor.py:161} INFO - Started process (PID=1228) to work on /opt/airflow/dags/scd_snapshots.py
[2026-05-28T14:38:44.330+0000] {processor.py:830} INFO - Processing file /opt/airflow/dags/scd_snapshots.py for tasks to queue
[2026-05-28T14:38:44.333+0000] {logging_mixin.py:188} INFO - [2026-05-28T14:38:44.333+0000] {dagbag.py:545} INFO - Filling up the DagBag from /opt/airflow/dags/scd_snapshots.py
[2026-05-28T14:38:44.356+0000] {processor.py:840} INFO - DAG(s) 'SCD2_snapshots' retrieved from /opt/airflow/dags/scd_snapshots.py
[2026-05-28T14:38:44.371+0000] {logging_mixin.py:188} INFO - [2026-05-28T14:38:44.369+0000] {dag.py:3089} INFO - Sync 1 DAGs
[2026-05-28T14:38:44.381+0000] {logging_mixin.py:188} INFO - [2026-05-28T14:38:44.381+0000] {dag.py:3947} INFO - Setting next_dagrun for SCD2_snapshots to 2026-05-28 00:00:00+00:00, run_after=2026-05-29 00:00:00+00:00
[2026-05-28T14:38:44.390+0000] {processor.py:183} INFO - Processing /opt/airflow/dags/scd_snapshots.py took 0.066 seconds
[2026-05-28T14:39:14.586+0000] {processor.py:161} INFO - Started process (PID=1262) to work on /opt/airflow/dags/scd_snapshots.py
[2026-05-28T14:39:14.587+0000] {processor.py:830} INFO - Processing file /opt/airflow/dags/scd_snapshots.py for tasks to queue
[2026-05-28T14:39:14.587+0000] {logging_mixin.py:188} INFO - [2026-05-28T14:39:14.587+0000] {dagbag.py:545} INFO - Filling up the DagBag from /opt/airflow/dags/scd_snapshots.py
[2026-05-28T14:39:14.597+0000] {processor.py:840} INFO - DAG(s) 'SCD2_snapshots' retrieved from /opt/airflow/dags/scd_snapshots.py
[2026-05-28T14:39:14.613+0000] {logging_mixin.py:188} INFO - [2026-05-28T14:39:14.613+0000] {dag.py:3089} INFO - Sync 1 DAGs
[2026-05-28T14:39:14.623+0000] {logging_mixin.py:188} INFO - [2026-05-28T14:39:14.623+0000] {dag.py:3947} INFO - Setting next_dagrun for SCD2_snapshots to 2026-05-28 00:00:00+00:00, run_after=2026-05-29 00:00:00+00:00
[2026-05-28T14:39:14.630+0000] {processor.py:183} INFO - Processing /opt/airflow/dags/scd_snapshots.py took 0.048 seconds
[2026-05-28T14:39:44.842+0000] {processor.py:161} INFO - Started process (PID=1267) to work on /opt/airflow/dags/scd_snapshots.py
[2026-05-28T14:39:44.842+0000] {processor.py:830} INFO - Processing file /opt/airflow/dags/scd_snapshots.py for tasks to queue
[2026-05-28T14:39:44.843+0000] {logging_mixin.py:188} INFO - [2026-05-28T14:39:44.843+0000] {dagbag.py:545} INFO - Filling up the DagBag from /opt/airflow/dags/scd_snapshots.py
[2026-05-28T14:39:44.852+0000] {processor.py:840} INFO - DAG(s) 'SCD2_snapshots' retrieved from /opt/airflow/dags/scd_snapshots.py
[2026-05-28T14:39:44.869+0000] {logging_mixin.py:188} INFO - [2026-05-28T14:39:44.869+0000] {dag.py:3089} INFO - Sync 1 DAGs
[2026-05-28T14:39:44.877+0000] {logging_mixin.py:188} INFO - [2026-05-28T14:39:44.877+0000] {dag.py:3947} INFO - Setting next_dagrun for SCD2_snapshots to 2026-05-28 00:00:00+00:00, run_after=2026-05-29 00:00:00+00:00
[2026-05-28T14:39:44.884+0000] {processor.py:183} INFO - Processing /opt/airflow/dags/scd_snapshots.py took 0.047 seconds
[2026-05-28T14:40:15.140+0000] {processor.py:161} INFO - Started process (PID=1272) to work on /opt/airflow/dags/scd_snapshots.py
[2026-05-28T14:40:15.141+0000] {processor.py:830} INFO - Processing file /opt/airflow/dags/scd_snapshots.py for tasks to queue
[2026-05-28T14:40:15.141+0000] {logging_mixin.py:188} INFO - [2026-05-28T14:40:15.141+0000] {dagbag.py:545} INFO - Filling up the DagBag from /opt/airflow/dags/scd_snapshots.py
[2026-05-28T14:40:15.151+0000] {processor.py:840} INFO - DAG(s) 'SCD2_snapshots' retrieved from /opt/airflow/dags/scd_snapshots.py
[2026-05-28T14:40:15.170+0000] {logging_mixin.py:188} INFO - [2026-05-28T14:40:15.170+0000] {dag.py:3089} INFO - Sync 1 DAGs
[2026-05-28T14:40:15.179+0000] {logging_mixin.py:188} INFO - [2026-05-28T14:40:15.179+0000] {dag.py:3947} INFO - Setting next_dagrun for SCD2_snapshots to 2026-05-28 00:00:00+00:00, run_after=2026-05-29 00:00:00+00:00
[2026-05-28T14:40:15.186+0000] {processor.py:183} INFO - Processing /opt/airflow/dags/scd_snapshots.py took 0.053 seconds
[2026-05-28T14:40:45.448+0000] {processor.py:161} INFO - Started process (PID=1277) to work on /opt/airflow/dags/scd_snapshots.py
[2026-05-28T14:40:45.449+0000] {processor.py:830} INFO - Processing file /opt/airflow/dags/scd_snapshots.py for tasks to queue
[2026-05-28T14:40:45.450+0000] {logging_mixin.py:188} INFO - [2026-05-28T14:40:45.450+0000] {dagbag.py:545} INFO - Filling up the DagBag from /opt/airflow/dags/scd_snapshots.py
[2026-05-28T14:40:45.460+0000] {processor.py:840} INFO - DAG(s) 'SCD2_snapshots' retrieved from /opt/airflow/dags/scd_snapshots.py
[2026-05-28T14:40:45.478+0000] {logging_mixin.py:188} INFO - [2026-05-28T14:40:45.478+0000] {dag.py:3089} INFO - Sync 1 DAGs
[2026-05-28T14:40:45.487+0000] {logging_mixin.py:188} INFO - [2026-05-28T14:40:45.487+0000] {dag.py:3947} INFO - Setting next_dagrun for SCD2_snapshots to 2026-05-28 00:00:00+00:00, run_after=2026-05-29 00:00:00+00:00
[2026-05-28T14:40:45.493+0000] {processor.py:183} INFO - Processing /opt/airflow/dags/scd_snapshots.py took 0.051 seconds
[2026-05-28T14:41:15.726+0000] {processor.py:161} INFO - Started process (PID=1282) to work on /opt/airflow/dags/scd_snapshots.py
[2026-05-28T14:41:15.727+0000] {processor.py:830} INFO - Processing file /opt/airflow/dags/scd_snapshots.py for tasks to queue
[2026-05-28T14:41:15.727+0000] {logging_mixin.py:188} INFO - [2026-05-28T14:41:15.727+0000] {dagbag.py:545} INFO - Filling up the DagBag from /opt/airflow/dags/scd_snapshots.py
[2026-05-28T14:41:15.736+0000] {processor.py:840} INFO - DAG(s) 'SCD2_snapshots' retrieved from /opt/airflow/dags/scd_snapshots.py
[2026-05-28T14:41:15.755+0000] {logging_mixin.py:188} INFO - [2026-05-28T14:41:15.755+0000] {dag.py:3089} INFO - Sync 1 DAGs
[2026-05-28T14:41:15.766+0000] {logging_mixin.py:188} INFO - [2026-05-28T14:41:15.766+0000] {dag.py:3947} INFO - Setting next_dagrun for SCD2_snapshots to 2026-05-28 00:00:00+00:00, run_after=2026-05-29 00:00:00+00:00
[2026-05-28T14:41:15.774+0000] {processor.py:183} INFO - Processing /opt/airflow/dags/scd_snapshots.py took 0.051 seconds
[2026-05-28T14:41:46.006+0000] {processor.py:161} INFO - Started process (PID=1287) to work on /opt/airflow/dags/scd_snapshots.py
[2026-05-28T14:41:46.006+0000] {processor.py:830} INFO - Processing file /opt/airflow/dags/scd_snapshots.py for tasks to queue
[2026-05-28T14:41:46.007+0000] {logging_mixin.py:188} INFO - [2026-05-28T14:41:46.007+0000] {dagbag.py:545} INFO - Filling up the DagBag from /opt/airflow/dags/scd_snapshots.py
[2026-05-28T14:41:46.017+0000] {processor.py:840} INFO - DAG(s) 'SCD2_snapshots' retrieved from /opt/airflow/dags/scd_snapshots.py
[2026-05-28T14:41:46.035+0000] {logging_mixin.py:188} INFO - [2026-05-28T14:41:46.035+0000] {dag.py:3089} INFO - Sync 1 DAGs
[2026-05-28T14:41:46.044+0000] {logging_mixin.py:188} INFO - [2026-05-28T14:41:46.044+0000] {dag.py:3947} INFO - Setting next_dagrun for SCD2_snapshots to 2026-05-28 00:00:00+00:00, run_after=2026-05-29 00:00:00+00:00
[2026-05-28T14:41:46.051+0000] {processor.py:183} INFO - Processing /opt/airflow/dags/scd_snapshots.py took 0.051 seconds
[2026-05-28T14:42:16.303+0000] {processor.py:161} INFO - Started process (PID=1292) to work on /opt/airflow/dags/scd_snapshots.py
[2026-05-28T14:42:16.304+0000] {processor.py:830} INFO - Processing file /opt/airflow/dags/scd_snapshots.py for tasks to queue
[2026-05-28T14:42:16.304+0000] {logging_mixin.py:188} INFO - [2026-05-28T14:42:16.304+0000] {dagbag.py:545} INFO - Filling up the DagBag from /opt/airflow/dags/scd_snapshots.py
[2026-05-28T14:42:16.315+0000] {processor.py:840} INFO - DAG(s) 'SCD2_snapshots' retrieved from /opt/airflow/dags/scd_snapshots.py
[2026-05-28T14:42:16.335+0000] {logging_mixin.py:188} INFO - [2026-05-28T14:42:16.335+0000] {dag.py:3089} INFO - Sync 1 DAGs
[2026-05-28T14:42:16.345+0000] {logging_mixin.py:188} INFO - [2026-05-28T14:42:16.345+0000] {dag.py:3947} INFO - Setting next_dagrun for SCD2_snapshots to 2026-05-28 00:00:00+00:00, run_after=2026-05-29 00:00:00+00:00
[2026-05-28T14:42:16.351+0000] {processor.py:183} INFO - Processing /opt/airflow/dags/scd_snapshots.py took 0.053 seconds
[2026-05-28T14:42:46.605+0000] {processor.py:161} INFO - Started process (PID=1297) to work on /opt/airflow/dags/scd_snapshots.py
[2026-05-28T14:42:46.606+0000] {processor.py:830} INFO - Processing file /opt/airflow/dags/scd_snapshots.py for tasks to queue
[2026-05-28T14:42:46.607+0000] {logging_mixin.py:188} INFO - [2026-05-28T14:42:46.607+0000] {dagbag.py:545} INFO - Filling up the DagBag from /opt/airflow/dags/scd_snapshots.py
[2026-05-28T14:42:46.617+0000] {processor.py:840} INFO - DAG(s) 'SCD2_snapshots' retrieved from /opt/airflow/dags/scd_snapshots.py
[2026-05-28T14:42:46.636+0000] {logging_mixin.py:188} INFO - [2026-05-28T14:42:46.636+0000] {dag.py:3089} INFO - Sync 1 DAGs
[2026-05-28T14:42:46.647+0000] {logging_mixin.py:188} INFO - [2026-05-28T14:42:46.646+0000] {dag.py:3947} INFO - Setting next_dagrun for SCD2_snapshots to 2026-05-28 00:00:00+00:00, run_after=2026-05-29 00:00:00+00:00
[2026-05-28T14:42:46.654+0000] {processor.py:183} INFO - Processing /opt/airflow/dags/scd_snapshots.py took 0.054 seconds
[2026-05-28T14:43:16.872+0000] {processor.py:161} INFO - Started process (PID=1302) to work on /opt/airflow/dags/scd_snapshots.py
[2026-05-28T14:43:16.872+0000] {processor.py:830} INFO - Processing file /opt/airflow/dags/scd_snapshots.py for tasks to queue
[2026-05-28T14:43:16.873+0000] {logging_mixin.py:188} INFO - [2026-05-28T14:43:16.873+0000] {dagbag.py:545} INFO - Filling up the DagBag from /opt/airflow/dags/scd_snapshots.py
[2026-05-28T14:43:16.881+0000] {processor.py:840} INFO - DAG(s) 'SCD2_snapshots' retrieved from /opt/airflow/dags/scd_snapshots.py
[2026-05-28T14:43:16.900+0000] {logging_mixin.py:188} INFO - [2026-05-28T14:43:16.900+0000] {dag.py:3089} INFO - Sync 1 DAGs
[2026-05-28T14:43:16.909+0000] {logging_mixin.py:188} INFO - [2026-05-28T14:43:16.909+0000] {dag.py:3947} INFO - Setting next_dagrun for SCD2_snapshots to 2026-05-28 00:00:00+00:00, run_after=2026-05-29 00:00:00+00:00
[2026-05-28T14:43:16.916+0000] {processor.py:183} INFO - Processing /opt/airflow/dags/scd_snapshots.py took 0.048 seconds
[2026-05-28T14:43:47.171+0000] {processor.py:161} INFO - Started process (PID=1307) to work on /opt/airflow/dags/scd_snapshots.py
[2026-05-28T14:43:47.172+0000] {processor.py:830} INFO - Processing file /opt/airflow/dags/scd_snapshots.py for tasks to queue
[2026-05-28T14:43:47.173+0000] {logging_mixin.py:188} INFO - [2026-05-28T14:43:47.173+0000] {dagbag.py:545} INFO - Filling up the DagBag from /opt/airflow/dags/scd_snapshots.py
[2026-05-28T14:43:47.182+0000] {processor.py:840} INFO - DAG(s) 'SCD2_snapshots' retrieved from /opt/airflow/dags/scd_snapshots.py
[2026-05-28T14:43:47.197+0000] {logging_mixin.py:188} INFO - [2026-05-28T14:43:47.197+0000] {dag.py:3089} INFO - Sync 1 DAGs
[2026-05-28T14:43:47.206+0000] {logging_mixin.py:188} INFO - [2026-05-28T14:43:47.206+0000] {dag.py:3947} INFO - Setting next_dagrun for SCD2_snapshots to 2026-05-28 00:00:00+00:00, run_after=2026-05-29 00:00:00+00:00
[2026-05-28T14:43:47.213+0000] {processor.py:183} INFO - Processing /opt/airflow/dags/scd_snapshots.py took 0.046 seconds
[2026-05-28T14:44:17.413+0000] {processor.py:161} INFO - Started process (PID=1312) to work on /opt/airflow/dags/scd_snapshots.py
[2026-05-28T14:44:17.414+0000] {processor.py:830} INFO - Processing file /opt/airflow/dags/scd_snapshots.py for tasks to queue
[2026-05-28T14:44:17.415+0000] {logging_mixin.py:188} INFO - [2026-05-28T14:44:17.414+0000] {dagbag.py:545} INFO - Filling up the DagBag from /opt/airflow/dags/scd_snapshots.py
[2026-05-28T14:44:17.424+0000] {processor.py:840} INFO - DAG(s) 'SCD2_snapshots' retrieved from /opt/airflow/dags/scd_snapshots.py
[2026-05-28T14:44:17.443+0000] {logging_mixin.py:188} INFO - [2026-05-28T14:44:17.443+0000] {dag.py:3089} INFO - Sync 1 DAGs
[2026-05-28T14:44:17.452+0000] {logging_mixin.py:188} INFO - [2026-05-28T14:44:17.452+0000] {dag.py:3947} INFO - Setting next_dagrun for SCD2_snapshots to 2026-05-28 00:00:00+00:00, run_after=2026-05-29 00:00:00+00:00
[2026-05-28T14:44:17.460+0000] {processor.py:183} INFO - Processing /opt/airflow/dags/scd_snapshots.py took 0.051 seconds
[2026-05-28T14:44:47.688+0000] {processor.py:161} INFO - Started process (PID=1317) to work on /opt/airflow/dags/scd_snapshots.py
[2026-05-28T14:44:47.689+0000] {processor.py:830} INFO - Processing file /opt/airflow/dags/scd_snapshots.py for tasks to queue
[2026-05-28T14:44:47.689+0000] {logging_mixin.py:188} INFO - [2026-05-28T14:44:47.689+0000] {dagbag.py:545} INFO - Filling up the DagBag from /opt/airflow/dags/scd_snapshots.py
[2026-05-28T14:44:47.697+0000] {processor.py:840} INFO - DAG(s) 'SCD2_snapshots' retrieved from /opt/airflow/dags/scd_snapshots.py
[2026-05-28T14:44:47.716+0000] {logging_mixin.py:188} INFO - [2026-05-28T14:44:47.716+0000] {dag.py:3089} INFO - Sync 1 DAGs
[2026-05-28T14:44:47.726+0000] {logging_mixin.py:188} INFO - [2026-05-28T14:44:47.725+0000] {dag.py:3947} INFO - Setting next_dagrun for SCD2_snapshots to 2026-05-28 00:00:00+00:00, run_after=2026-05-29 00:00:00+00:00
[2026-05-28T14:44:47.732+0000] {processor.py:183} INFO - Processing /opt/airflow/dags/scd_snapshots.py took 0.049 seconds
[2026-05-28T14:45:17.942+0000] {processor.py:161} INFO - Started process (PID=1322) to work on /opt/airflow/dags/scd_snapshots.py
[2026-05-28T14:45:17.942+0000] {processor.py:830} INFO - Processing file /opt/airflow/dags/scd_snapshots.py for tasks to queue
[2026-05-28T14:45:17.943+0000] {logging_mixin.py:188} INFO - [2026-05-28T14:45:17.942+0000] {dagbag.py:545} INFO - Filling up the DagBag from /opt/airflow/dags/scd_snapshots.py
[2026-05-28T14:45:17.948+0000] {processor.py:840} INFO - DAG(s) 'SCD2_snapshots' retrieved from /opt/airflow/dags/scd_snapshots.py
[2026-05-28T14:45:17.960+0000] {logging_mixin.py:188} INFO - [2026-05-28T14:45:17.960+0000] {dag.py:3089} INFO - Sync 1 DAGs
[2026-05-28T14:45:17.967+0000] {logging_mixin.py:188} INFO - [2026-05-28T14:45:17.967+0000] {dag.py:3947} INFO - Setting next_dagrun for SCD2_snapshots to 2026-05-28 00:00:00+00:00, run_after=2026-05-29 00:00:00+00:00
[2026-05-28T14:45:17.973+0000] {processor.py:183} INFO - Processing /opt/airflow/dags/scd_snapshots.py took 0.034 seconds
[2026-05-28T14:45:48.211+0000] {processor.py:161} INFO - Started process (PID=1327) to work on /opt/airflow/dags/scd_snapshots.py
[2026-05-28T14:45:48.212+0000] {processor.py:830} INFO - Processing file /opt/airflow/dags/scd_snapshots.py for tasks to queue
[2026-05-28T14:45:48.213+0000] {logging_mixin.py:188} INFO - [2026-05-28T14:45:48.212+0000] {dagbag.py:545} INFO - Filling up the DagBag from /opt/airflow/dags/scd_snapshots.py
[2026-05-28T14:45:48.223+0000] {processor.py:840} INFO - DAG(s) 'SCD2_snapshots' retrieved from /opt/airflow/dags/scd_snapshots.py
[2026-05-28T14:45:48.240+0000] {logging_mixin.py:188} INFO - [2026-05-28T14:45:48.240+0000] {dag.py:3089} INFO - Sync 1 DAGs
[2026-05-28T14:45:48.249+0000] {logging_mixin.py:188} INFO - [2026-05-28T14:45:48.249+0000] {dag.py:3947} INFO - Setting next_dagrun for SCD2_snapshots to 2026-05-28 00:00:00+00:00, run_after=2026-05-29 00:00:00+00:00
[2026-05-28T14:45:48.257+0000] {processor.py:183} INFO - Processing /opt/airflow/dags/scd_snapshots.py took 0.051 seconds
[2026-05-28T14:46:18.512+0000] {processor.py:161} INFO - Started process (PID=1332) to work on /opt/airflow/dags/scd_snapshots.py
[2026-05-28T14:46:18.513+0000] {processor.py:830} INFO - Processing file /opt/airflow/dags/scd_snapshots.py for tasks to queue
[2026-05-28T14:46:18.513+0000] {logging_mixin.py:188} INFO - [2026-05-28T14:46:18.513+0000] {dagbag.py:545} INFO - Filling up the DagBag from /opt/airflow/dags/scd_snapshots.py
[2026-05-28T14:46:18.527+0000] {processor.py:840} INFO - DAG(s) 'SCD2_snapshots' retrieved from /opt/airflow/dags/scd_snapshots.py
[2026-05-28T14:46:18.545+0000] {logging_mixin.py:188} INFO - [2026-05-28T14:46:18.545+0000] {dag.py:3089} INFO - Sync 1 DAGs
[2026-05-28T14:46:18.555+0000] {logging_mixin.py:188} INFO - [2026-05-28T14:46:18.555+0000] {dag.py:3947} INFO - Setting next_dagrun for SCD2_snapshots to 2026-05-28 00:00:00+00:00, run_after=2026-05-29 00:00:00+00:00
[2026-05-28T14:46:18.562+0000] {processor.py:183} INFO - Processing /opt/airflow/dags/scd_snapshots.py took 0.055 seconds
[2026-05-28T14:46:48.808+0000] {processor.py:161} INFO - Started process (PID=1337) to work on /opt/airflow/dags/scd_snapshots.py
[2026-05-28T14:46:48.809+0000] {processor.py:830} INFO - Processing file /opt/airflow/dags/scd_snapshots.py for tasks to queue
[2026-05-28T14:46:48.809+0000] {logging_mixin.py:188} INFO - [2026-05-28T14:46:48.809+0000] {dagbag.py:545} INFO - Filling up the DagBag from /opt/airflow/dags/scd_snapshots.py
[2026-05-28T14:46:48.817+0000] {processor.py:840} INFO - DAG(s) 'SCD2_snapshots' retrieved from /opt/airflow/dags/scd_snapshots.py
[2026-05-28T14:46:48.833+0000] {logging_mixin.py:188} INFO - [2026-05-28T14:46:48.832+0000] {dag.py:3089} INFO - Sync 1 DAGs
[2026-05-28T14:46:48.842+0000] {logging_mixin.py:188} INFO - [2026-05-28T14:46:48.842+0000] {dag.py:3947} INFO - Setting next_dagrun for SCD2_snapshots to 2026-05-28 00:00:00+00:00, run_after=2026-05-29 00:00:00+00:00
[2026-05-28T14:46:48.849+0000] {processor.py:183} INFO - Processing /opt/airflow/dags/scd_snapshots.py took 0.044 seconds
[2026-05-28T14:47:19.052+0000] {processor.py:161} INFO - Started process (PID=1342) to work on /opt/airflow/dags/scd_snapshots.py
[2026-05-28T14:47:19.053+0000] {processor.py:830} INFO - Processing file /opt/airflow/dags/scd_snapshots.py for tasks to queue
[2026-05-28T14:47:19.053+0000] {logging_mixin.py:188} INFO - [2026-05-28T14:47:19.053+0000] {dagbag.py:545} INFO - Filling up the DagBag from /opt/airflow/dags/scd_snapshots.py
[2026-05-28T14:47:19.062+0000] {processor.py:840} INFO - DAG(s) 'SCD2_snapshots' retrieved from /opt/airflow/dags/scd_snapshots.py
[2026-05-28T14:47:19.078+0000] {logging_mixin.py:188} INFO - [2026-05-28T14:47:19.078+0000] {dag.py:3089} INFO - Sync 1 DAGs
[2026-05-28T14:47:19.087+0000] {logging_mixin.py:188} INFO - [2026-05-28T14:47:19.087+0000] {dag.py:3947} INFO - Setting next_dagrun for SCD2_snapshots to 2026-05-28 00:00:00+00:00, run_after=2026-05-29 00:00:00+00:00
[2026-05-28T14:47:19.094+0000] {processor.py:183} INFO - Processing /opt/airflow/dags/scd_snapshots.py took 0.045 seconds
[2026-05-28T14:47:49.277+0000] {processor.py:161} INFO - Started process (PID=1347) to work on /opt/airflow/dags/scd_snapshots.py
[2026-05-28T14:47:49.277+0000] {processor.py:830} INFO - Processing file /opt/airflow/dags/scd_snapshots.py for tasks to queue
[2026-05-28T14:47:49.277+0000] {logging_mixin.py:188} INFO - [2026-05-28T14:47:49.277+0000] {dagbag.py:545} INFO - Filling up the DagBag from /opt/airflow/dags/scd_snapshots.py
[2026-05-28T14:47:49.286+0000] {processor.py:840} INFO - DAG(s) 'SCD2_snapshots' retrieved from /opt/airflow/dags/scd_snapshots.py
[2026-05-28T14:47:49.301+0000] {logging_mixin.py:188} INFO - [2026-05-28T14:47:49.301+0000] {dag.py:3089} INFO - Sync 1 DAGs
[2026-05-28T14:47:49.310+0000] {logging_mixin.py:188} INFO - [2026-05-28T14:47:49.310+0000] {dag.py:3947} INFO - Setting next_dagrun for SCD2_snapshots to 2026-05-28 00:00:00+00:00, run_after=2026-05-29 00:00:00+00:00
[2026-05-28T14:47:49.317+0000] {processor.py:183} INFO - Processing /opt/airflow/dags/scd_snapshots.py took 0.044 seconds
[2026-05-28T14:48:19.500+0000] {processor.py:161} INFO - Started process (PID=1352) to work on /opt/airflow/dags/scd_snapshots.py
[2026-05-28T14:48:19.500+0000] {processor.py:830} INFO - Processing file /opt/airflow/dags/scd_snapshots.py for tasks to queue
[2026-05-28T14:48:19.501+0000] {logging_mixin.py:188} INFO - [2026-05-28T14:48:19.501+0000] {dagbag.py:545} INFO - Filling up the DagBag from /opt/airflow/dags/scd_snapshots.py
[2026-05-28T14:48:19.509+0000] {processor.py:840} INFO - DAG(s) 'SCD2_snapshots' retrieved from /opt/airflow/dags/scd_snapshots.py
[2026-05-28T14:48:19.526+0000] {logging_mixin.py:188} INFO - [2026-05-28T14:48:19.526+0000] {dag.py:3089} INFO - Sync 1 DAGs
[2026-05-28T14:48:19.535+0000] {logging_mixin.py:188} INFO - [2026-05-28T14:48:19.535+0000] {dag.py:3947} INFO - Setting next_dagrun for SCD2_snapshots to 2026-05-28 00:00:00+00:00, run_after=2026-05-29 00:00:00+00:00
[2026-05-28T14:48:19.542+0000] {processor.py:183} INFO - Processing /opt/airflow/dags/scd_snapshots.py took 0.047 seconds
[2026-05-28T14:48:49.735+0000] {processor.py:161} INFO - Started process (PID=1357) to work on /opt/airflow/dags/scd_snapshots.py
[2026-05-28T14:48:49.736+0000] {processor.py:830} INFO - Processing file /opt/airflow/dags/scd_snapshots.py for tasks to queue
[2026-05-28T14:48:49.736+0000] {logging_mixin.py:188} INFO - [2026-05-28T14:48:49.736+0000] {dagbag.py:545} INFO - Filling up the DagBag from /opt/airflow/dags/scd_snapshots.py
[2026-05-28T14:48:49.744+0000] {processor.py:840} INFO - DAG(s) 'SCD2_snapshots' retrieved from /opt/airflow/dags/scd_snapshots.py
[2026-05-28T14:48:49.759+0000] {logging_mixin.py:188} INFO - [2026-05-28T14:48:49.759+0000] {dag.py:3089} INFO - Sync 1 DAGs
[2026-05-28T14:48:49.768+0000] {logging_mixin.py:188} INFO - [2026-05-28T14:48:49.768+0000] {dag.py:3947} INFO - Setting next_dagrun for SCD2_snapshots to 2026-05-28 00:00:00+00:00, run_after=2026-05-29 00:00:00+00:00
[2026-05-28T14:48:49.774+0000] {processor.py:183} INFO - Processing /opt/airflow/dags/scd_snapshots.py took 0.043 seconds
[2026-05-28T14:49:19.990+0000] {processor.py:161} INFO - Started process (PID=1362) to work on /opt/airflow/dags/scd_snapshots.py
[2026-05-28T14:49:19.991+0000] {processor.py:830} INFO - Processing file /opt/airflow/dags/scd_snapshots.py for tasks to queue
[2026-05-28T14:49:19.992+0000] {logging_mixin.py:188} INFO - [2026-05-28T14:49:19.992+0000] {dagbag.py:545} INFO - Filling up the DagBag from /opt/airflow/dags/scd_snapshots.py
[2026-05-28T14:49:20.001+0000] {processor.py:840} INFO - DAG(s) 'SCD2_snapshots' retrieved from /opt/airflow/dags/scd_snapshots.py
[2026-05-28T14:49:20.016+0000] {logging_mixin.py:188} INFO - [2026-05-28T14:49:20.016+0000] {dag.py:3089} INFO - Sync 1 DAGs
[2026-05-28T14:49:20.027+0000] {logging_mixin.py:188} INFO - [2026-05-28T14:49:20.027+0000] {dag.py:3947} INFO - Setting next_dagrun for SCD2_snapshots to 2026-05-28 00:00:00+00:00, run_after=2026-05-29 00:00:00+00:00
[2026-05-28T14:49:20.033+0000] {processor.py:183} INFO - Processing /opt/airflow/dags/scd_snapshots.py took 0.047 seconds
[2026-05-28T14:49:50.232+0000] {processor.py:161} INFO - Started process (PID=1367) to work on /opt/airflow/dags/scd_snapshots.py
[2026-05-28T14:49:50.232+0000] {processor.py:830} INFO - Processing file /opt/airflow/dags/scd_snapshots.py for tasks to queue
[2026-05-28T14:49:50.233+0000] {logging_mixin.py:188} INFO - [2026-05-28T14:49:50.233+0000] {dagbag.py:545} INFO - Filling up the DagBag from /opt/airflow/dags/scd_snapshots.py
[2026-05-28T14:49:50.240+0000] {processor.py:840} INFO - DAG(s) 'SCD2_snapshots' retrieved from /opt/airflow/dags/scd_snapshots.py
[2026-05-28T14:49:50.254+0000] {logging_mixin.py:188} INFO - [2026-05-28T14:49:50.254+0000] {dag.py:3089} INFO - Sync 1 DAGs
[2026-05-28T14:49:50.266+0000] {logging_mixin.py:188} INFO - [2026-05-28T14:49:50.266+0000] {dag.py:3947} INFO - Setting next_dagrun for SCD2_snapshots to 2026-05-28 00:00:00+00:00, run_after=2026-05-29 00:00:00+00:00
[2026-05-28T14:49:50.273+0000] {processor.py:183} INFO - Processing /opt/airflow/dags/scd_snapshots.py took 0.044 seconds
[2026-05-28T14:50:20.511+0000] {processor.py:161} INFO - Started process (PID=1372) to work on /opt/airflow/dags/scd_snapshots.py
[2026-05-28T14:50:20.512+0000] {processor.py:830} INFO - Processing file /opt/airflow/dags/scd_snapshots.py for tasks to queue
[2026-05-28T14:50:20.512+0000] {logging_mixin.py:188} INFO - [2026-05-28T14:50:20.512+0000] {dagbag.py:545} INFO - Filling up the DagBag from /opt/airflow/dags/scd_snapshots.py
[2026-05-28T14:50:20.520+0000] {processor.py:840} INFO - DAG(s) 'SCD2_snapshots' retrieved from /opt/airflow/dags/scd_snapshots.py
[2026-05-28T14:50:20.538+0000] {logging_mixin.py:188} INFO - [2026-05-28T14:50:20.538+0000] {dag.py:3089} INFO - Sync 1 DAGs
[2026-05-28T14:50:20.548+0000] {logging_mixin.py:188} INFO - [2026-05-28T14:50:20.548+0000] {dag.py:3947} INFO - Setting next_dagrun for SCD2_snapshots to 2026-05-28 00:00:00+00:00, run_after=2026-05-29 00:00:00+00:00
[2026-05-28T14:50:20.554+0000] {processor.py:183} INFO - Processing /opt/airflow/dags/scd_snapshots.py took 0.048 seconds
[2026-05-28T14:50:50.804+0000] {processor.py:161} INFO - Started process (PID=1377) to work on /opt/airflow/dags/scd_snapshots.py
[2026-05-28T14:50:50.805+0000] {processor.py:830} INFO - Processing file /opt/airflow/dags/scd_snapshots.py for tasks to queue
[2026-05-28T14:50:50.806+0000] {logging_mixin.py:188} INFO - [2026-05-28T14:50:50.806+0000] {dagbag.py:545} INFO - Filling up the DagBag from /opt/airflow/dags/scd_snapshots.py
[2026-05-28T14:50:50.816+0000] {processor.py:840} INFO - DAG(s) 'SCD2_snapshots' retrieved from /opt/airflow/dags/scd_snapshots.py
[2026-05-28T14:50:50.834+0000] {logging_mixin.py:188} INFO - [2026-05-28T14:50:50.834+0000] {dag.py:3089} INFO - Sync 1 DAGs
[2026-05-28T14:50:50.843+0000] {logging_mixin.py:188} INFO - [2026-05-28T14:50:50.843+0000] {dag.py:3947} INFO - Setting next_dagrun for SCD2_snapshots to 2026-05-28 00:00:00+00:00, run_after=2026-05-29 00:00:00+00:00
[2026-05-28T14:50:50.850+0000] {processor.py:183} INFO - Processing /opt/airflow/dags/scd_snapshots.py took 0.051 seconds
[2026-05-28T14:51:21.106+0000] {processor.py:161} INFO - Started process (PID=1382) to work on /opt/airflow/dags/scd_snapshots.py
[2026-05-28T14:51:21.106+0000] {processor.py:830} INFO - Processing file /opt/airflow/dags/scd_snapshots.py for tasks to queue
[2026-05-28T14:51:21.107+0000] {logging_mixin.py:188} INFO - [2026-05-28T14:51:21.107+0000] {dagbag.py:545} INFO - Filling up the DagBag from /opt/airflow/dags/scd_snapshots.py
[2026-05-28T14:51:21.117+0000] {processor.py:840} INFO - DAG(s) 'SCD2_snapshots' retrieved from /opt/airflow/dags/scd_snapshots.py
[2026-05-28T14:51:21.134+0000] {logging_mixin.py:188} INFO - [2026-05-28T14:51:21.134+0000] {dag.py:3089} INFO - Sync 1 DAGs
[2026-05-28T14:51:21.143+0000] {logging_mixin.py:188} INFO - [2026-05-28T14:51:21.143+0000] {dag.py:3947} INFO - Setting next_dagrun for SCD2_snapshots to 2026-05-28 00:00:00+00:00, run_after=2026-05-29 00:00:00+00:00
[2026-05-28T14:51:21.151+0000] {processor.py:183} INFO - Processing /opt/airflow/dags/scd_snapshots.py took 0.049 seconds
[2026-05-28T14:51:51.402+0000] {processor.py:161} INFO - Started process (PID=1387) to work on /opt/airflow/dags/scd_snapshots.py
[2026-05-28T14:51:51.402+0000] {processor.py:830} INFO - Processing file /opt/airflow/dags/scd_snapshots.py for tasks to queue
[2026-05-28T14:51:51.403+0000] {logging_mixin.py:188} INFO - [2026-05-28T14:51:51.403+0000] {dagbag.py:545} INFO - Filling up the DagBag from /opt/airflow/dags/scd_snapshots.py
[2026-05-28T14:51:51.413+0000] {processor.py:840} INFO - DAG(s) 'SCD2_snapshots' retrieved from /opt/airflow/dags/scd_snapshots.py
[2026-05-28T14:51:51.432+0000] {logging_mixin.py:188} INFO - [2026-05-28T14:51:51.432+0000] {dag.py:3089} INFO - Sync 1 DAGs
[2026-05-28T14:51:51.441+0000] {logging_mixin.py:188} INFO - [2026-05-28T14:51:51.441+0000] {dag.py:3947} INFO - Setting next_dagrun for SCD2_snapshots to 2026-05-28 00:00:00+00:00, run_after=2026-05-29 00:00:00+00:00
[2026-05-28T14:51:51.449+0000] {processor.py:183} INFO - Processing /opt/airflow/dags/scd_snapshots.py took 0.052 seconds
[2026-05-28T14:52:21.705+0000] {processor.py:161} INFO - Started process (PID=1392) to work on /opt/airflow/dags/scd_snapshots.py
[2026-05-28T14:52:21.705+0000] {processor.py:830} INFO - Processing file /opt/airflow/dags/scd_snapshots.py for tasks to queue
[2026-05-28T14:52:21.706+0000] {logging_mixin.py:188} INFO - [2026-05-28T14:52:21.706+0000] {dagbag.py:545} INFO - Filling up the DagBag from /opt/airflow/dags/scd_snapshots.py
[2026-05-28T14:52:21.717+0000] {processor.py:840} INFO - DAG(s) 'SCD2_snapshots' retrieved from /opt/airflow/dags/scd_snapshots.py
[2026-05-28T14:52:21.734+0000] {logging_mixin.py:188} INFO - [2026-05-28T14:52:21.734+0000] {dag.py:3089} INFO - Sync 1 DAGs
[2026-05-28T14:52:21.743+0000] {logging_mixin.py:188} INFO - [2026-05-28T14:52:21.743+0000] {dag.py:3947} INFO - Setting next_dagrun for SCD2_snapshots to 2026-05-28 00:00:00+00:00, run_after=2026-05-29 00:00:00+00:00
[2026-05-28T14:52:21.750+0000] {processor.py:183} INFO - Processing /opt/airflow/dags/scd_snapshots.py took 0.051 seconds
[2026-05-28T14:52:51.992+0000] {processor.py:161} INFO - Started process (PID=1397) to work on /opt/airflow/dags/scd_snapshots.py
[2026-05-28T14:52:51.993+0000] {processor.py:830} INFO - Processing file /opt/airflow/dags/scd_snapshots.py for tasks to queue
[2026-05-28T14:52:51.994+0000] {logging_mixin.py:188} INFO - [2026-05-28T14:52:51.993+0000] {dagbag.py:545} INFO - Filling up the DagBag from /opt/airflow/dags/scd_snapshots.py
[2026-05-28T14:52:52.004+0000] {processor.py:840} INFO - DAG(s) 'SCD2_snapshots' retrieved from /opt/airflow/dags/scd_snapshots.py
[2026-05-28T14:52:52.024+0000] {logging_mixin.py:188} INFO - [2026-05-28T14:52:52.024+0000] {dag.py:3089} INFO - Sync 1 DAGs
[2026-05-28T14:52:52.033+0000] {logging_mixin.py:188} INFO - [2026-05-28T14:52:52.033+0000] {dag.py:3947} INFO - Setting next_dagrun for SCD2_snapshots to 2026-05-28 00:00:00+00:00, run_after=2026-05-29 00:00:00+00:00
[2026-05-28T14:52:52.040+0000] {processor.py:183} INFO - Processing /opt/airflow/dags/scd_snapshots.py took 0.053 seconds
[2026-05-28T14:53:22.259+0000] {processor.py:161} INFO - Started process (PID=1402) to work on /opt/airflow/dags/scd_snapshots.py
[2026-05-28T14:53:22.260+0000] {processor.py:830} INFO - Processing file /opt/airflow/dags/scd_snapshots.py for tasks to queue
[2026-05-28T14:53:22.260+0000] {logging_mixin.py:188} INFO - [2026-05-28T14:53:22.260+0000] {dagbag.py:545} INFO - Filling up the DagBag from /opt/airflow/dags/scd_snapshots.py
[2026-05-28T14:53:22.266+0000] {processor.py:840} INFO - DAG(s) 'SCD2_snapshots' retrieved from /opt/airflow/dags/scd_snapshots.py
[2026-05-28T14:53:22.279+0000] {logging_mixin.py:188} INFO - [2026-05-28T14:53:22.279+0000] {dag.py:3089} INFO - Sync 1 DAGs
[2026-05-28T14:53:22.287+0000] {logging_mixin.py:188} INFO - [2026-05-28T14:53:22.287+0000] {dag.py:3947} INFO - Setting next_dagrun for SCD2_snapshots to 2026-05-28 00:00:00+00:00, run_after=2026-05-29 00:00:00+00:00
[2026-05-28T14:53:22.294+0000] {processor.py:183} INFO - Processing /opt/airflow/dags/scd_snapshots.py took 0.038 seconds
[2026-05-28T14:53:52.535+0000] {processor.py:161} INFO - Started process (PID=1407) to work on /opt/airflow/dags/scd_snapshots.py
[2026-05-28T14:53:52.536+0000] {processor.py:830} INFO - Processing file /opt/airflow/dags/scd_snapshots.py for tasks to queue
[2026-05-28T14:53:52.536+0000] {logging_mixin.py:188} INFO - [2026-05-28T14:53:52.536+0000] {dagbag.py:545} INFO - Filling up the DagBag from /opt/airflow/dags/scd_snapshots.py
[2026-05-28T14:53:52.547+0000] {processor.py:840} INFO - DAG(s) 'SCD2_snapshots' retrieved from /opt/airflow/dags/scd_snapshots.py
[2026-05-28T14:53:52.565+0000] {logging_mixin.py:188} INFO - [2026-05-28T14:53:52.565+0000] {dag.py:3089} INFO - Sync 1 DAGs
[2026-05-28T14:53:52.574+0000] {logging_mixin.py:188} INFO - [2026-05-28T14:53:52.574+0000] {dag.py:3947} INFO - Setting next_dagrun for SCD2_snapshots to 2026-05-28 00:00:00+00:00, run_after=2026-05-29 00:00:00+00:00
[2026-05-28T14:53:52.582+0000] {processor.py:183} INFO - Processing /opt/airflow/dags/scd_snapshots.py took 0.052 seconds
[2026-05-28T14:54:22.867+0000] {processor.py:161} INFO - Started process (PID=1412) to work on /opt/airflow/dags/scd_snapshots.py
[2026-05-28T14:54:22.868+0000] {processor.py:830} INFO - Processing file /opt/airflow/dags/scd_snapshots.py for tasks to queue
[2026-05-28T14:54:22.869+0000] {logging_mixin.py:188} INFO - [2026-05-28T14:54:22.869+0000] {dagbag.py:545} INFO - Filling up the DagBag from /opt/airflow/dags/scd_snapshots.py
[2026-05-28T14:54:22.878+0000] {processor.py:840} INFO - DAG(s) 'SCD2_snapshots' retrieved from /opt/airflow/dags/scd_snapshots.py
[2026-05-28T14:54:22.895+0000] {logging_mixin.py:188} INFO - [2026-05-28T14:54:22.895+0000] {dag.py:3089} INFO - Sync 1 DAGs
[2026-05-28T14:54:22.905+0000] {logging_mixin.py:188} INFO - [2026-05-28T14:54:22.905+0000] {dag.py:3947} INFO - Setting next_dagrun for SCD2_snapshots to 2026-05-28 00:00:00+00:00, run_after=2026-05-29 00:00:00+00:00
[2026-05-28T14:54:22.912+0000] {processor.py:183} INFO - Processing /opt/airflow/dags/scd_snapshots.py took 0.049 seconds
[2026-05-28T14:54:53.151+0000] {processor.py:161} INFO - Started process (PID=1417) to work on /opt/airflow/dags/scd_snapshots.py
[2026-05-28T14:54:53.152+0000] {processor.py:830} INFO - Processing file /opt/airflow/dags/scd_snapshots.py for tasks to queue
[2026-05-28T14:54:53.153+0000] {logging_mixin.py:188} INFO - [2026-05-28T14:54:53.152+0000] {dagbag.py:545} INFO - Filling up the DagBag from /opt/airflow/dags/scd_snapshots.py
[2026-05-28T14:54:53.164+0000] {processor.py:840} INFO - DAG(s) 'SCD2_snapshots' retrieved from /opt/airflow/dags/scd_snapshots.py
[2026-05-28T14:54:53.183+0000] {logging_mixin.py:188} INFO - [2026-05-28T14:54:53.183+0000] {dag.py:3089} INFO - Sync 1 DAGs
[2026-05-28T14:54:53.193+0000] {logging_mixin.py:188} INFO - [2026-05-28T14:54:53.193+0000] {dag.py:3947} INFO - Setting next_dagrun for SCD2_snapshots to 2026-05-28 00:00:00+00:00, run_after=2026-05-29 00:00:00+00:00
[2026-05-28T14:54:53.200+0000] {processor.py:183} INFO - Processing /opt/airflow/dags/scd_snapshots.py took 0.053 seconds
[2026-05-28T14:55:23.454+0000] {processor.py:161} INFO - Started process (PID=1422) to work on /opt/airflow/dags/scd_snapshots.py
[2026-05-28T14:55:23.455+0000] {processor.py:830} INFO - Processing file /opt/airflow/dags/scd_snapshots.py for tasks to queue
[2026-05-28T14:55:23.456+0000] {logging_mixin.py:188} INFO - [2026-05-28T14:55:23.455+0000] {dagbag.py:545} INFO - Filling up the DagBag from /opt/airflow/dags/scd_snapshots.py
[2026-05-28T14:55:23.465+0000] {processor.py:840} INFO - DAG(s) 'SCD2_snapshots' retrieved from /opt/airflow/dags/scd_snapshots.py
[2026-05-28T14:55:23.482+0000] {logging_mixin.py:188} INFO - [2026-05-28T14:55:23.482+0000] {dag.py:3089} INFO - Sync 1 DAGs
[2026-05-28T14:55:23.492+0000] {logging_mixin.py:188} INFO - [2026-05-28T14:55:23.492+0000] {dag.py:3947} INFO - Setting next_dagrun for SCD2_snapshots to 2026-05-28 00:00:00+00:00, run_after=2026-05-29 00:00:00+00:00
[2026-05-28T14:55:23.499+0000] {processor.py:183} INFO - Processing /opt/airflow/dags/scd_snapshots.py took 0.050 seconds
[2026-05-28T14:55:53.717+0000] {processor.py:161} INFO - Started process (PID=1427) to work on /opt/airflow/dags/scd_snapshots.py
[2026-05-28T14:55:53.717+0000] {processor.py:830} INFO - Processing file /opt/airflow/dags/scd_snapshots.py for tasks to queue
[2026-05-28T14:55:53.718+0000] {logging_mixin.py:188} INFO - [2026-05-28T14:55:53.718+0000] {dagbag.py:545} INFO - Filling up the DagBag from /opt/airflow/dags/scd_snapshots.py
[2026-05-28T14:55:53.728+0000] {processor.py:840} INFO - DAG(s) 'SCD2_snapshots' retrieved from /opt/airflow/dags/scd_snapshots.py
[2026-05-28T14:55:53.747+0000] {logging_mixin.py:188} INFO - [2026-05-28T14:55:53.747+0000] {dag.py:3089} INFO - Sync 1 DAGs
[2026-05-28T14:55:53.756+0000] {logging_mixin.py:188} INFO - [2026-05-28T14:55:53.756+0000] {dag.py:3947} INFO - Setting next_dagrun for SCD2_snapshots to 2026-05-28 00:00:00+00:00, run_after=2026-05-29 00:00:00+00:00
[2026-05-28T14:55:53.763+0000] {processor.py:183} INFO - Processing /opt/airflow/dags/scd_snapshots.py took 0.051 seconds
[2026-05-28T14:56:24.012+0000] {processor.py:161} INFO - Started process (PID=1432) to work on /opt/airflow/dags/scd_snapshots.py
[2026-05-28T14:56:24.013+0000] {processor.py:830} INFO - Processing file /opt/airflow/dags/scd_snapshots.py for tasks to queue
[2026-05-28T14:56:24.014+0000] {logging_mixin.py:188} INFO - [2026-05-28T14:56:24.013+0000] {dagbag.py:545} INFO - Filling up the DagBag from /opt/airflow/dags/scd_snapshots.py
[2026-05-28T14:56:24.024+0000] {processor.py:840} INFO - DAG(s) 'SCD2_snapshots' retrieved from /opt/airflow/dags/scd_snapshots.py
[2026-05-28T14:56:24.041+0000] {logging_mixin.py:188} INFO - [2026-05-28T14:56:24.041+0000] {dag.py:3089} INFO - Sync 1 DAGs
[2026-05-28T14:56:24.051+0000] {logging_mixin.py:188} INFO - [2026-05-28T14:56:24.051+0000] {dag.py:3947} INFO - Setting next_dagrun for SCD2_snapshots to 2026-05-28 00:00:00+00:00, run_after=2026-05-29 00:00:00+00:00
[2026-05-28T14:56:24.058+0000] {processor.py:183} INFO - Processing /opt/airflow/dags/scd_snapshots.py took 0.051 seconds
[2026-05-28T14:56:54.297+0000] {processor.py:161} INFO - Started process (PID=1437) to work on /opt/airflow/dags/scd_snapshots.py
[2026-05-28T14:56:54.298+0000] {processor.py:830} INFO - Processing file /opt/airflow/dags/scd_snapshots.py for tasks to queue
[2026-05-28T14:56:54.299+0000] {logging_mixin.py:188} INFO - [2026-05-28T14:56:54.299+0000] {dagbag.py:545} INFO - Filling up the DagBag from /opt/airflow/dags/scd_snapshots.py
[2026-05-28T14:56:54.310+0000] {processor.py:840} INFO - DAG(s) 'SCD2_snapshots' retrieved from /opt/airflow/dags/scd_snapshots.py
[2026-05-28T14:56:54.329+0000] {logging_mixin.py:188} INFO - [2026-05-28T14:56:54.329+0000] {dag.py:3089} INFO - Sync 1 DAGs
[2026-05-28T14:56:54.338+0000] {logging_mixin.py:188} INFO - [2026-05-28T14:56:54.338+0000] {dag.py:3947} INFO - Setting next_dagrun for SCD2_snapshots to 2026-05-28 00:00:00+00:00, run_after=2026-05-29 00:00:00+00:00
[2026-05-28T14:56:54.345+0000] {processor.py:183} INFO - Processing /opt/airflow/dags/scd_snapshots.py took 0.053 seconds
[2026-05-28T14:57:24.562+0000] {processor.py:161} INFO - Started process (PID=1442) to work on /opt/airflow/dags/scd_snapshots.py
[2026-05-28T14:57:24.563+0000] {processor.py:830} INFO - Processing file /opt/airflow/dags/scd_snapshots.py for tasks to queue
[2026-05-28T14:57:24.563+0000] {logging_mixin.py:188} INFO - [2026-05-28T14:57:24.563+0000] {dagbag.py:545} INFO - Filling up the DagBag from /opt/airflow/dags/scd_snapshots.py
[2026-05-28T14:57:24.573+0000] {processor.py:840} INFO - DAG(s) 'SCD2_snapshots' retrieved from /opt/airflow/dags/scd_snapshots.py
[2026-05-28T14:57:24.593+0000] {logging_mixin.py:188} INFO - [2026-05-28T14:57:24.593+0000] {dag.py:3089} INFO - Sync 1 DAGs
[2026-05-28T14:57:24.602+0000] {logging_mixin.py:188} INFO - [2026-05-28T14:57:24.602+0000] {dag.py:3947} INFO - Setting next_dagrun for SCD2_snapshots to 2026-05-28 00:00:00+00:00, run_after=2026-05-29 00:00:00+00:00
[2026-05-28T14:57:24.609+0000] {processor.py:183} INFO - Processing /opt/airflow/dags/scd_snapshots.py took 0.051 seconds
[2026-05-28T14:57:54.812+0000] {processor.py:161} INFO - Started process (PID=1447) to work on /opt/airflow/dags/scd_snapshots.py
[2026-05-28T14:57:54.813+0000] {processor.py:830} INFO - Processing file /opt/airflow/dags/scd_snapshots.py for tasks to queue
[2026-05-28T14:57:54.813+0000] {logging_mixin.py:188} INFO - [2026-05-28T14:57:54.813+0000] {dagbag.py:545} INFO - Filling up the DagBag from /opt/airflow/dags/scd_snapshots.py
[2026-05-28T14:57:54.824+0000] {processor.py:840} INFO - DAG(s) 'SCD2_snapshots' retrieved from /opt/airflow/dags/scd_snapshots.py
[2026-05-28T14:57:54.845+0000] {logging_mixin.py:188} INFO - [2026-05-28T14:57:54.845+0000] {dag.py:3089} INFO - Sync 1 DAGs
[2026-05-28T14:57:54.855+0000] {logging_mixin.py:188} INFO - [2026-05-28T14:57:54.855+0000] {dag.py:3947} INFO - Setting next_dagrun for SCD2_snapshots to 2026-05-28 00:00:00+00:00, run_after=2026-05-29 00:00:00+00:00
[2026-05-28T14:57:54.864+0000] {processor.py:183} INFO - Processing /opt/airflow/dags/scd_snapshots.py took 0.057 seconds
[2026-05-28T14:58:25.089+0000] {processor.py:161} INFO - Started process (PID=1452) to work on /opt/airflow/dags/scd_snapshots.py
[2026-05-28T14:58:25.089+0000] {processor.py:830} INFO - Processing file /opt/airflow/dags/scd_snapshots.py for tasks to queue
[2026-05-28T14:58:25.090+0000] {logging_mixin.py:188} INFO - [2026-05-28T14:58:25.090+0000] {dagbag.py:545} INFO - Filling up the DagBag from /opt/airflow/dags/scd_snapshots.py
[2026-05-28T14:58:25.100+0000] {processor.py:840} INFO - DAG(s) 'SCD2_snapshots' retrieved from /opt/airflow/dags/scd_snapshots.py
[2026-05-28T14:58:25.117+0000] {logging_mixin.py:188} INFO - [2026-05-28T14:58:25.117+0000] {dag.py:3089} INFO - Sync 1 DAGs
[2026-05-28T14:58:25.126+0000] {logging_mixin.py:188} INFO - [2026-05-28T14:58:25.126+0000] {dag.py:3947} INFO - Setting next_dagrun for SCD2_snapshots to 2026-05-28 00:00:00+00:00, run_after=2026-05-29 00:00:00+00:00
[2026-05-28T14:58:25.135+0000] {processor.py:183} INFO - Processing /opt/airflow/dags/scd_snapshots.py took 0.050 seconds
[2026-05-28T14:58:55.356+0000] {processor.py:161} INFO - Started process (PID=1457) to work on /opt/airflow/dags/scd_snapshots.py
[2026-05-28T14:58:55.357+0000] {processor.py:830} INFO - Processing file /opt/airflow/dags/scd_snapshots.py for tasks to queue
[2026-05-28T14:58:55.357+0000] {logging_mixin.py:188} INFO - [2026-05-28T14:58:55.357+0000] {dagbag.py:545} INFO - Filling up the DagBag from /opt/airflow/dags/scd_snapshots.py
[2026-05-28T14:58:55.363+0000] {processor.py:840} INFO - DAG(s) 'SCD2_snapshots' retrieved from /opt/airflow/dags/scd_snapshots.py
[2026-05-28T14:58:55.376+0000] {logging_mixin.py:188} INFO - [2026-05-28T14:58:55.376+0000] {dag.py:3089} INFO - Sync 1 DAGs
[2026-05-28T14:58:55.384+0000] {logging_mixin.py:188} INFO - [2026-05-28T14:58:55.384+0000] {dag.py:3947} INFO - Setting next_dagrun for SCD2_snapshots to 2026-05-28 00:00:00+00:00, run_after=2026-05-29 00:00:00+00:00
[2026-05-28T14:58:55.391+0000] {processor.py:183} INFO - Processing /opt/airflow/dags/scd_snapshots.py took 0.037 seconds
[2026-05-28T14:59:25.607+0000] {processor.py:161} INFO - Started process (PID=1462) to work on /opt/airflow/dags/scd_snapshots.py
[2026-05-28T14:59:25.608+0000] {processor.py:830} INFO - Processing file /opt/airflow/dags/scd_snapshots.py for tasks to queue
[2026-05-28T14:59:25.609+0000] {logging_mixin.py:188} INFO - [2026-05-28T14:59:25.608+0000] {dagbag.py:545} INFO - Filling up the DagBag from /opt/airflow/dags/scd_snapshots.py
[2026-05-28T14:59:25.618+0000] {processor.py:840} INFO - DAG(s) 'SCD2_snapshots' retrieved from /opt/airflow/dags/scd_snapshots.py
[2026-05-28T14:59:25.634+0000] {logging_mixin.py:188} INFO - [2026-05-28T14:59:25.634+0000] {dag.py:3089} INFO - Sync 1 DAGs
[2026-05-28T14:59:25.643+0000] {logging_mixin.py:188} INFO - [2026-05-28T14:59:25.643+0000] {dag.py:3947} INFO - Setting next_dagrun for SCD2_snapshots to 2026-05-28 00:00:00+00:00, run_after=2026-05-29 00:00:00+00:00
[2026-05-28T14:59:25.650+0000] {processor.py:183} INFO - Processing /opt/airflow/dags/scd_snapshots.py took 0.047 seconds
[2026-05-28T14:59:55.830+0000] {processor.py:161} INFO - Started process (PID=1467) to work on /opt/airflow/dags/scd_snapshots.py
[2026-05-28T14:59:55.831+0000] {processor.py:830} INFO - Processing file /opt/airflow/dags/scd_snapshots.py for tasks to queue
[2026-05-28T14:59:55.831+0000] {logging_mixin.py:188} INFO - [2026-05-28T14:59:55.831+0000] {dagbag.py:545} INFO - Filling up the DagBag from /opt/airflow/dags/scd_snapshots.py
[2026-05-28T14:59:55.840+0000] {processor.py:840} INFO - DAG(s) 'SCD2_snapshots' retrieved from /opt/airflow/dags/scd_snapshots.py
[2026-05-28T14:59:55.854+0000] {logging_mixin.py:188} INFO - [2026-05-28T14:59:55.854+0000] {dag.py:3089} INFO - Sync 1 DAGs
[2026-05-28T14:59:55.863+0000] {logging_mixin.py:188} INFO - [2026-05-28T14:59:55.863+0000] {dag.py:3947} INFO - Setting next_dagrun for SCD2_snapshots to 2026-05-28 00:00:00+00:00, run_after=2026-05-29 00:00:00+00:00
[2026-05-28T14:59:55.869+0000] {processor.py:183} INFO - Processing /opt/airflow/dags/scd_snapshots.py took 0.043 seconds
[2026-05-28T15:00:26.040+0000] {processor.py:161} INFO - Started process (PID=1472) to work on /opt/airflow/dags/scd_snapshots.py
[2026-05-28T15:00:26.041+0000] {processor.py:830} INFO - Processing file /opt/airflow/dags/scd_snapshots.py for tasks to queue
[2026-05-28T15:00:26.041+0000] {logging_mixin.py:188} INFO - [2026-05-28T15:00:26.041+0000] {dagbag.py:545} INFO - Filling up the DagBag from /opt/airflow/dags/scd_snapshots.py
[2026-05-28T15:00:26.048+0000] {processor.py:840} INFO - DAG(s) 'SCD2_snapshots' retrieved from /opt/airflow/dags/scd_snapshots.py
[2026-05-28T15:00:26.064+0000] {logging_mixin.py:188} INFO - [2026-05-28T15:00:26.064+0000] {dag.py:3089} INFO - Sync 1 DAGs
[2026-05-28T15:00:26.075+0000] {logging_mixin.py:188} INFO - [2026-05-28T15:00:26.075+0000] {dag.py:3947} INFO - Setting next_dagrun for SCD2_snapshots to 2026-05-28 00:00:00+00:00, run_after=2026-05-29 00:00:00+00:00
[2026-05-28T15:00:26.084+0000] {processor.py:183} INFO - Processing /opt/airflow/dags/scd_snapshots.py took 0.047 seconds
[2026-05-28T15:00:56.285+0000] {processor.py:161} INFO - Started process (PID=1477) to work on /opt/airflow/dags/scd_snapshots.py
[2026-05-28T15:00:56.286+0000] {processor.py:830} INFO - Processing file /opt/airflow/dags/scd_snapshots.py for tasks to queue
[2026-05-28T15:00:56.287+0000] {logging_mixin.py:188} INFO - [2026-05-28T15:00:56.286+0000] {dagbag.py:545} INFO - Filling up the DagBag from /opt/airflow/dags/scd_snapshots.py
[2026-05-28T15:00:56.297+0000] {processor.py:840} INFO - DAG(s) 'SCD2_snapshots' retrieved from /opt/airflow/dags/scd_snapshots.py
[2026-05-28T15:00:56.319+0000] {logging_mixin.py:188} INFO - [2026-05-28T15:00:56.319+0000] {dag.py:3089} INFO - Sync 1 DAGs
[2026-05-28T15:00:56.331+0000] {logging_mixin.py:188} INFO - [2026-05-28T15:00:56.331+0000] {dag.py:3947} INFO - Setting next_dagrun for SCD2_snapshots to 2026-05-28 00:00:00+00:00, run_after=2026-05-29 00:00:00+00:00
[2026-05-28T15:00:56.339+0000] {processor.py:183} INFO - Processing /opt/airflow/dags/scd_snapshots.py took 0.058 seconds
[2026-05-28T15:01:26.553+0000] {processor.py:161} INFO - Started process (PID=1482) to work on /opt/airflow/dags/scd_snapshots.py
[2026-05-28T15:01:26.554+0000] {processor.py:830} INFO - Processing file /opt/airflow/dags/scd_snapshots.py for tasks to queue
[2026-05-28T15:01:26.555+0000] {logging_mixin.py:188} INFO - [2026-05-28T15:01:26.554+0000] {dagbag.py:545} INFO - Filling up the DagBag from /opt/airflow/dags/scd_snapshots.py
[2026-05-28T15:01:26.564+0000] {processor.py:840} INFO - DAG(s) 'SCD2_snapshots' retrieved from /opt/airflow/dags/scd_snapshots.py
[2026-05-28T15:01:26.584+0000] {logging_mixin.py:188} INFO - [2026-05-28T15:01:26.584+0000] {dag.py:3089} INFO - Sync 1 DAGs
[2026-05-28T15:01:26.594+0000] {logging_mixin.py:188} INFO - [2026-05-28T15:01:26.594+0000] {dag.py:3947} INFO - Setting next_dagrun for SCD2_snapshots to 2026-05-28 00:00:00+00:00, run_after=2026-05-29 00:00:00+00:00
[2026-05-28T15:01:26.601+0000] {processor.py:183} INFO - Processing /opt/airflow/dags/scd_snapshots.py took 0.051 seconds
[2026-05-28T15:01:56.795+0000] {processor.py:161} INFO - Started process (PID=1487) to work on /opt/airflow/dags/scd_snapshots.py
[2026-05-28T15:01:56.796+0000] {processor.py:830} INFO - Processing file /opt/airflow/dags/scd_snapshots.py for tasks to queue
[2026-05-28T15:01:56.796+0000] {logging_mixin.py:188} INFO - [2026-05-28T15:01:56.796+0000] {dagbag.py:545} INFO - Filling up the DagBag from /opt/airflow/dags/scd_snapshots.py
[2026-05-28T15:01:56.807+0000] {processor.py:840} INFO - DAG(s) 'SCD2_snapshots' retrieved from /opt/airflow/dags/scd_snapshots.py
[2026-05-28T15:01:56.826+0000] {logging_mixin.py:188} INFO - [2026-05-28T15:01:56.826+0000] {dag.py:3089} INFO - Sync 1 DAGs
[2026-05-28T15:01:56.837+0000] {logging_mixin.py:188} INFO - [2026-05-28T15:01:56.836+0000] {dag.py:3947} INFO - Setting next_dagrun for SCD2_snapshots to 2026-05-28 00:00:00+00:00, run_after=2026-05-29 00:00:00+00:00
[2026-05-28T15:01:56.845+0000] {processor.py:183} INFO - Processing /opt/airflow/dags/scd_snapshots.py took 0.055 seconds
[2026-05-28T15:02:27.105+0000] {processor.py:161} INFO - Started process (PID=1492) to work on /opt/airflow/dags/scd_snapshots.py
[2026-05-28T15:02:27.106+0000] {processor.py:830} INFO - Processing file /opt/airflow/dags/scd_snapshots.py for tasks to queue
[2026-05-28T15:02:27.107+0000] {logging_mixin.py:188} INFO - [2026-05-28T15:02:27.107+0000] {dagbag.py:545} INFO - Filling up the DagBag from /opt/airflow/dags/scd_snapshots.py
[2026-05-28T15:02:27.117+0000] {processor.py:840} INFO - DAG(s) 'SCD2_snapshots' retrieved from /opt/airflow/dags/scd_snapshots.py
[2026-05-28T15:02:27.135+0000] {logging_mixin.py:188} INFO - [2026-05-28T15:02:27.135+0000] {dag.py:3089} INFO - Sync 1 DAGs
[2026-05-28T15:02:27.145+0000] {logging_mixin.py:188} INFO - [2026-05-28T15:02:27.145+0000] {dag.py:3947} INFO - Setting next_dagrun for SCD2_snapshots to 2026-05-28 00:00:00+00:00, run_after=2026-05-29 00:00:00+00:00
[2026-05-28T15:02:27.152+0000] {processor.py:183} INFO - Processing /opt/airflow/dags/scd_snapshots.py took 0.052 seconds
[2026-05-28T15:02:57.385+0000] {processor.py:161} INFO - Started process (PID=1497) to work on /opt/airflow/dags/scd_snapshots.py
[2026-05-28T15:02:57.386+0000] {processor.py:830} INFO - Processing file /opt/airflow/dags/scd_snapshots.py for tasks to queue
[2026-05-28T15:02:57.387+0000] {logging_mixin.py:188} INFO - [2026-05-28T15:02:57.386+0000] {dagbag.py:545} INFO - Filling up the DagBag from /opt/airflow/dags/scd_snapshots.py
[2026-05-28T15:02:57.398+0000] {processor.py:840} INFO - DAG(s) 'SCD2_snapshots' retrieved from /opt/airflow/dags/scd_snapshots.py
[2026-05-28T15:02:57.417+0000] {logging_mixin.py:188} INFO - [2026-05-28T15:02:57.416+0000] {dag.py:3089} INFO - Sync 1 DAGs
[2026-05-28T15:02:57.426+0000] {logging_mixin.py:188} INFO - [2026-05-28T15:02:57.426+0000] {dag.py:3947} INFO - Setting next_dagrun for SCD2_snapshots to 2026-05-28 00:00:00+00:00, run_after=2026-05-29 00:00:00+00:00
[2026-05-28T15:02:57.434+0000] {processor.py:183} INFO - Processing /opt/airflow/dags/scd_snapshots.py took 0.054 seconds
[2026-05-28T15:03:27.640+0000] {processor.py:161} INFO - Started process (PID=1502) to work on /opt/airflow/dags/scd_snapshots.py
[2026-05-28T15:03:27.640+0000] {processor.py:830} INFO - Processing file /opt/airflow/dags/scd_snapshots.py for tasks to queue
[2026-05-28T15:03:27.641+0000] {logging_mixin.py:188} INFO - [2026-05-28T15:03:27.641+0000] {dagbag.py:545} INFO - Filling up the DagBag from /opt/airflow/dags/scd_snapshots.py
[2026-05-28T15:03:27.648+0000] {processor.py:840} INFO - DAG(s) 'SCD2_snapshots' retrieved from /opt/airflow/dags/scd_snapshots.py
[2026-05-28T15:03:27.665+0000] {logging_mixin.py:188} INFO - [2026-05-28T15:03:27.665+0000] {dag.py:3089} INFO - Sync 1 DAGs
[2026-05-28T15:03:27.675+0000] {logging_mixin.py:188} INFO - [2026-05-28T15:03:27.675+0000] {dag.py:3947} INFO - Setting next_dagrun for SCD2_snapshots to 2026-05-28 00:00:00+00:00, run_after=2026-05-29 00:00:00+00:00
[2026-05-28T15:03:27.682+0000] {processor.py:183} INFO - Processing /opt/airflow/dags/scd_snapshots.py took 0.047 seconds
[2026-05-28T15:03:57.904+0000] {processor.py:161} INFO - Started process (PID=1507) to work on /opt/airflow/dags/scd_snapshots.py
[2026-05-28T15:03:57.905+0000] {processor.py:830} INFO - Processing file /opt/airflow/dags/scd_snapshots.py for tasks to queue
[2026-05-28T15:03:57.906+0000] {logging_mixin.py:188} INFO - [2026-05-28T15:03:57.905+0000] {dagbag.py:545} INFO - Filling up the DagBag from /opt/airflow/dags/scd_snapshots.py
[2026-05-28T15:03:57.918+0000] {processor.py:840} INFO - DAG(s) 'SCD2_snapshots' retrieved from /opt/airflow/dags/scd_snapshots.py
[2026-05-28T15:03:57.935+0000] {logging_mixin.py:188} INFO - [2026-05-28T15:03:57.935+0000] {dag.py:3089} INFO - Sync 1 DAGs
[2026-05-28T15:03:57.944+0000] {logging_mixin.py:188} INFO - [2026-05-28T15:03:57.944+0000] {dag.py:3947} INFO - Setting next_dagrun for SCD2_snapshots to 2026-05-28 00:00:00+00:00, run_after=2026-05-29 00:00:00+00:00
[2026-05-28T15:03:57.951+0000] {processor.py:183} INFO - Processing /opt/airflow/dags/scd_snapshots.py took 0.053 seconds
[2026-05-28T15:04:28.153+0000] {processor.py:161} INFO - Started process (PID=1512) to work on /opt/airflow/dags/scd_snapshots.py
[2026-05-28T15:04:28.154+0000] {processor.py:830} INFO - Processing file /opt/airflow/dags/scd_snapshots.py for tasks to queue
[2026-05-28T15:04:28.155+0000] {logging_mixin.py:188} INFO - [2026-05-28T15:04:28.155+0000] {dagbag.py:545} INFO - Filling up the DagBag from /opt/airflow/dags/scd_snapshots.py
[2026-05-28T15:04:28.165+0000] {processor.py:840} INFO - DAG(s) 'SCD2_snapshots' retrieved from /opt/airflow/dags/scd_snapshots.py
[2026-05-28T15:04:28.183+0000] {logging_mixin.py:188} INFO - [2026-05-28T15:04:28.183+0000] {dag.py:3089} INFO - Sync 1 DAGs
[2026-05-28T15:04:28.192+0000] {logging_mixin.py:188} INFO - [2026-05-28T15:04:28.192+0000] {dag.py:3947} INFO - Setting next_dagrun for SCD2_snapshots to 2026-05-28 00:00:00+00:00, run_after=2026-05-29 00:00:00+00:00
[2026-05-28T15:04:28.199+0000] {processor.py:183} INFO - Processing /opt/airflow/dags/scd_snapshots.py took 0.051 seconds
[2026-05-28T15:04:58.407+0000] {processor.py:161} INFO - Started process (PID=1517) to work on /opt/airflow/dags/scd_snapshots.py
[2026-05-28T15:04:58.408+0000] {processor.py:830} INFO - Processing file /opt/airflow/dags/scd_snapshots.py for tasks to queue
[2026-05-28T15:04:58.409+0000] {logging_mixin.py:188} INFO - [2026-05-28T15:04:58.409+0000] {dagbag.py:545} INFO - Filling up the DagBag from /opt/airflow/dags/scd_snapshots.py
[2026-05-28T15:04:58.418+0000] {processor.py:840} INFO - DAG(s) 'SCD2_snapshots' retrieved from /opt/airflow/dags/scd_snapshots.py
[2026-05-28T15:04:58.437+0000] {logging_mixin.py:188} INFO - [2026-05-28T15:04:58.437+0000] {dag.py:3089} INFO - Sync 1 DAGs
[2026-05-28T15:04:58.447+0000] {logging_mixin.py:188} INFO - [2026-05-28T15:04:58.447+0000] {dag.py:3947} INFO - Setting next_dagrun for SCD2_snapshots to 2026-05-28 00:00:00+00:00, run_after=2026-05-29 00:00:00+00:00
[2026-05-28T15:04:58.454+0000] {processor.py:183} INFO - Processing /opt/airflow/dags/scd_snapshots.py took 0.051 seconds
[2026-05-28T15:05:28.630+0000] {processor.py:161} INFO - Started process (PID=1522) to work on /opt/airflow/dags/scd_snapshots.py
[2026-05-28T15:05:28.631+0000] {processor.py:830} INFO - Processing file /opt/airflow/dags/scd_snapshots.py for tasks to queue
[2026-05-28T15:05:28.631+0000] {logging_mixin.py:188} INFO - [2026-05-28T15:05:28.631+0000] {dagbag.py:545} INFO - Filling up the DagBag from /opt/airflow/dags/scd_snapshots.py
[2026-05-28T15:05:28.641+0000] {processor.py:840} INFO - DAG(s) 'SCD2_snapshots' retrieved from /opt/airflow/dags/scd_snapshots.py
[2026-05-28T15:05:28.661+0000] {logging_mixin.py:188} INFO - [2026-05-28T15:05:28.661+0000] {dag.py:3089} INFO - Sync 1 DAGs
[2026-05-28T15:05:28.670+0000] {logging_mixin.py:188} INFO - [2026-05-28T15:05:28.670+0000] {dag.py:3947} INFO - Setting next_dagrun for SCD2_snapshots to 2026-05-28 00:00:00+00:00, run_after=2026-05-29 00:00:00+00:00
[2026-05-28T15:05:28.677+0000] {processor.py:183} INFO - Processing /opt/airflow/dags/scd_snapshots.py took 0.052 seconds
[2026-05-28T15:05:58.863+0000] {processor.py:161} INFO - Started process (PID=1527) to work on /opt/airflow/dags/scd_snapshots.py
[2026-05-28T15:05:58.863+0000] {processor.py:830} INFO - Processing file /opt/airflow/dags/scd_snapshots.py for tasks to queue
[2026-05-28T15:05:58.864+0000] {logging_mixin.py:188} INFO - [2026-05-28T15:05:58.864+0000] {dagbag.py:545} INFO - Filling up the DagBag from /opt/airflow/dags/scd_snapshots.py
[2026-05-28T15:05:58.872+0000] {processor.py:840} INFO - DAG(s) 'SCD2_snapshots' retrieved from /opt/airflow/dags/scd_snapshots.py
[2026-05-28T15:05:58.886+0000] {logging_mixin.py:188} INFO - [2026-05-28T15:05:58.886+0000] {dag.py:3089} INFO - Sync 1 DAGs
[2026-05-28T15:05:58.896+0000] {logging_mixin.py:188} INFO - [2026-05-28T15:05:58.895+0000] {dag.py:3947} INFO - Setting next_dagrun for SCD2_snapshots to 2026-05-28 00:00:00+00:00, run_after=2026-05-29 00:00:00+00:00
[2026-05-28T15:05:58.903+0000] {processor.py:183} INFO - Processing /opt/airflow/dags/scd_snapshots.py took 0.044 seconds
[2026-05-28T15:06:29.113+0000] {processor.py:161} INFO - Started process (PID=1532) to work on /opt/airflow/dags/scd_snapshots.py
[2026-05-28T15:06:29.114+0000] {processor.py:830} INFO - Processing file /opt/airflow/dags/scd_snapshots.py for tasks to queue
[2026-05-28T15:06:29.115+0000] {logging_mixin.py:188} INFO - [2026-05-28T15:06:29.115+0000] {dagbag.py:545} INFO - Filling up the DagBag from /opt/airflow/dags/scd_snapshots.py
[2026-05-28T15:06:29.123+0000] {processor.py:840} INFO - DAG(s) 'SCD2_snapshots' retrieved from /opt/airflow/dags/scd_snapshots.py
[2026-05-28T15:06:29.139+0000] {logging_mixin.py:188} INFO - [2026-05-28T15:06:29.139+0000] {dag.py:3089} INFO - Sync 1 DAGs
[2026-05-28T15:06:29.148+0000] {logging_mixin.py:188} INFO - [2026-05-28T15:06:29.148+0000] {dag.py:3947} INFO - Setting next_dagrun for SCD2_snapshots to 2026-05-28 00:00:00+00:00, run_after=2026-05-29 00:00:00+00:00
[2026-05-28T15:06:29.155+0000] {processor.py:183} INFO - Processing /opt/airflow/dags/scd_snapshots.py took 0.046 seconds
[2026-05-28T15:06:59.358+0000] {processor.py:161} INFO - Started process (PID=1537) to work on /opt/airflow/dags/scd_snapshots.py
[2026-05-28T15:06:59.358+0000] {processor.py:830} INFO - Processing file /opt/airflow/dags/scd_snapshots.py for tasks to queue
[2026-05-28T15:06:59.359+0000] {logging_mixin.py:188} INFO - [2026-05-28T15:06:59.359+0000] {dagbag.py:545} INFO - Filling up the DagBag from /opt/airflow/dags/scd_snapshots.py
[2026-05-28T15:06:59.368+0000] {processor.py:840} INFO - DAG(s) 'SCD2_snapshots' retrieved from /opt/airflow/dags/scd_snapshots.py
[2026-05-28T15:06:59.386+0000] {logging_mixin.py:188} INFO - [2026-05-28T15:06:59.386+0000] {dag.py:3089} INFO - Sync 1 DAGs
[2026-05-28T15:06:59.396+0000] {logging_mixin.py:188} INFO - [2026-05-28T15:06:59.396+0000] {dag.py:3947} INFO - Setting next_dagrun for SCD2_snapshots to 2026-05-28 00:00:00+00:00, run_after=2026-05-29 00:00:00+00:00
[2026-05-28T15:06:59.404+0000] {processor.py:183} INFO - Processing /opt/airflow/dags/scd_snapshots.py took 0.051 seconds
[2026-05-28T15:07:29.589+0000] {processor.py:161} INFO - Started process (PID=1542) to work on /opt/airflow/dags/scd_snapshots.py
[2026-05-28T15:07:29.589+0000] {processor.py:830} INFO - Processing file /opt/airflow/dags/scd_snapshots.py for tasks to queue
[2026-05-28T15:07:29.590+0000] {logging_mixin.py:188} INFO - [2026-05-28T15:07:29.590+0000] {dagbag.py:545} INFO - Filling up the DagBag from /opt/airflow/dags/scd_snapshots.py
[2026-05-28T15:07:29.595+0000] {processor.py:840} INFO - DAG(s) 'SCD2_snapshots' retrieved from /opt/airflow/dags/scd_snapshots.py
[2026-05-28T15:07:29.608+0000] {logging_mixin.py:188} INFO - [2026-05-28T15:07:29.607+0000] {dag.py:3089} INFO - Sync 1 DAGs
[2026-05-28T15:07:29.615+0000] {logging_mixin.py:188} INFO - [2026-05-28T15:07:29.615+0000] {dag.py:3947} INFO - Setting next_dagrun for SCD2_snapshots to 2026-05-28 00:00:00+00:00, run_after=2026-05-29 00:00:00+00:00
[2026-05-28T15:07:29.621+0000] {processor.py:183} INFO - Processing /opt/airflow/dags/scd_snapshots.py took 0.035 seconds
[2026-05-28T15:07:59.835+0000] {processor.py:161} INFO - Started process (PID=1547) to work on /opt/airflow/dags/scd_snapshots.py
[2026-05-28T15:07:59.836+0000] {processor.py:830} INFO - Processing file /opt/airflow/dags/scd_snapshots.py for tasks to queue
[2026-05-28T15:07:59.836+0000] {logging_mixin.py:188} INFO - [2026-05-28T15:07:59.836+0000] {dagbag.py:545} INFO - Filling up the DagBag from /opt/airflow/dags/scd_snapshots.py
[2026-05-28T15:07:59.848+0000] {processor.py:840} INFO - DAG(s) 'SCD2_snapshots' retrieved from /opt/airflow/dags/scd_snapshots.py
[2026-05-28T15:07:59.868+0000] {logging_mixin.py:188} INFO - [2026-05-28T15:07:59.867+0000] {dag.py:3089} INFO - Sync 1 DAGs
[2026-05-28T15:07:59.876+0000] {logging_mixin.py:188} INFO - [2026-05-28T15:07:59.876+0000] {dag.py:3947} INFO - Setting next_dagrun for SCD2_snapshots to 2026-05-28 00:00:00+00:00, run_after=2026-05-29 00:00:00+00:00
[2026-05-28T15:07:59.884+0000] {processor.py:183} INFO - Processing /opt/airflow/dags/scd_snapshots.py took 0.054 seconds
[2026-05-28T15:08:30.064+0000] {processor.py:161} INFO - Started process (PID=1552) to work on /opt/airflow/dags/scd_snapshots.py
[2026-05-28T15:08:30.065+0000] {processor.py:830} INFO - Processing file /opt/airflow/dags/scd_snapshots.py for tasks to queue
[2026-05-28T15:08:30.066+0000] {logging_mixin.py:188} INFO - [2026-05-28T15:08:30.066+0000] {dagbag.py:545} INFO - Filling up the DagBag from /opt/airflow/dags/scd_snapshots.py
[2026-05-28T15:08:30.077+0000] {processor.py:840} INFO - DAG(s) 'SCD2_snapshots' retrieved from /opt/airflow/dags/scd_snapshots.py
[2026-05-28T15:08:30.098+0000] {logging_mixin.py:188} INFO - [2026-05-28T15:08:30.097+0000] {dag.py:3089} INFO - Sync 1 DAGs
[2026-05-28T15:08:30.107+0000] {logging_mixin.py:188} INFO - [2026-05-28T15:08:30.107+0000] {dag.py:3947} INFO - Setting next_dagrun for SCD2_snapshots to 2026-05-28 00:00:00+00:00, run_after=2026-05-29 00:00:00+00:00
[2026-05-28T15:08:30.115+0000] {processor.py:183} INFO - Processing /opt/airflow/dags/scd_snapshots.py took 0.056 seconds
[2026-05-28T15:09:00.338+0000] {processor.py:161} INFO - Started process (PID=1557) to work on /opt/airflow/dags/scd_snapshots.py
[2026-05-28T15:09:00.338+0000] {processor.py:830} INFO - Processing file /opt/airflow/dags/scd_snapshots.py for tasks to queue
[2026-05-28T15:09:00.339+0000] {logging_mixin.py:188} INFO - [2026-05-28T15:09:00.339+0000] {dagbag.py:545} INFO - Filling up the DagBag from /opt/airflow/dags/scd_snapshots.py
[2026-05-28T15:09:00.350+0000] {processor.py:840} INFO - DAG(s) 'SCD2_snapshots' retrieved from /opt/airflow/dags/scd_snapshots.py
[2026-05-28T15:09:00.369+0000] {logging_mixin.py:188} INFO - [2026-05-28T15:09:00.369+0000] {dag.py:3089} INFO - Sync 1 DAGs
[2026-05-28T15:09:00.378+0000] {logging_mixin.py:188} INFO - [2026-05-28T15:09:00.378+0000] {dag.py:3947} INFO - Setting next_dagrun for SCD2_snapshots to 2026-05-28 00:00:00+00:00, run_after=2026-05-29 00:00:00+00:00
[2026-05-28T15:09:00.385+0000] {processor.py:183} INFO - Processing /opt/airflow/dags/scd_snapshots.py took 0.053 seconds
[2026-05-28T15:09:30.566+0000] {processor.py:161} INFO - Started process (PID=1562) to work on /opt/airflow/dags/scd_snapshots.py
[2026-05-28T15:09:30.567+0000] {processor.py:830} INFO - Processing file /opt/airflow/dags/scd_snapshots.py for tasks to queue
[2026-05-28T15:09:30.568+0000] {logging_mixin.py:188} INFO - [2026-05-28T15:09:30.567+0000] {dagbag.py:545} INFO - Filling up the DagBag from /opt/airflow/dags/scd_snapshots.py
[2026-05-28T15:09:30.577+0000] {processor.py:840} INFO - DAG(s) 'SCD2_snapshots' retrieved from /opt/airflow/dags/scd_snapshots.py
[2026-05-28T15:09:30.598+0000] {logging_mixin.py:188} INFO - [2026-05-28T15:09:30.598+0000] {dag.py:3089} INFO - Sync 1 DAGs
[2026-05-28T15:09:30.607+0000] {logging_mixin.py:188} INFO - [2026-05-28T15:09:30.607+0000] {dag.py:3947} INFO - Setting next_dagrun for SCD2_snapshots to 2026-05-28 00:00:00+00:00, run_after=2026-05-29 00:00:00+00:00
[2026-05-28T15:09:30.615+0000] {processor.py:183} INFO - Processing /opt/airflow/dags/scd_snapshots.py took 0.052 seconds
[2026-05-28T15:10:00.791+0000] {processor.py:161} INFO - Started process (PID=1567) to work on /opt/airflow/dags/scd_snapshots.py
[2026-05-28T15:10:00.791+0000] {processor.py:830} INFO - Processing file /opt/airflow/dags/scd_snapshots.py for tasks to queue
[2026-05-28T15:10:00.792+0000] {logging_mixin.py:188} INFO - [2026-05-28T15:10:00.791+0000] {dagbag.py:545} INFO - Filling up the DagBag from /opt/airflow/dags/scd_snapshots.py
[2026-05-28T15:10:00.798+0000] {processor.py:840} INFO - DAG(s) 'SCD2_snapshots' retrieved from /opt/airflow/dags/scd_snapshots.py
[2026-05-28T15:10:00.816+0000] {logging_mixin.py:188} INFO - [2026-05-28T15:10:00.816+0000] {dag.py:3089} INFO - Sync 1 DAGs
[2026-05-28T15:10:00.823+0000] {logging_mixin.py:188} INFO - [2026-05-28T15:10:00.823+0000] {dag.py:3947} INFO - Setting next_dagrun for SCD2_snapshots to 2026-05-28 00:00:00+00:00, run_after=2026-05-29 00:00:00+00:00
[2026-05-28T15:10:00.829+0000] {processor.py:183} INFO - Processing /opt/airflow/dags/scd_snapshots.py took 0.042 seconds
[2026-05-28T15:10:31.030+0000] {processor.py:161} INFO - Started process (PID=1572) to work on /opt/airflow/dags/scd_snapshots.py
[2026-05-28T15:10:31.031+0000] {processor.py:830} INFO - Processing file /opt/airflow/dags/scd_snapshots.py for tasks to queue
[2026-05-28T15:10:31.032+0000] {logging_mixin.py:188} INFO - [2026-05-28T15:10:31.032+0000] {dagbag.py:545} INFO - Filling up the DagBag from /opt/airflow/dags/scd_snapshots.py
[2026-05-28T15:10:31.041+0000] {processor.py:840} INFO - DAG(s) 'SCD2_snapshots' retrieved from /opt/airflow/dags/scd_snapshots.py
[2026-05-28T15:10:31.059+0000] {logging_mixin.py:188} INFO - [2026-05-28T15:10:31.059+0000] {dag.py:3089} INFO - Sync 1 DAGs
[2026-05-28T15:10:31.069+0000] {logging_mixin.py:188} INFO - [2026-05-28T15:10:31.069+0000] {dag.py:3947} INFO - Setting next_dagrun for SCD2_snapshots to 2026-05-28 00:00:00+00:00, run_after=2026-05-29 00:00:00+00:00
[2026-05-28T15:10:31.077+0000] {processor.py:183} INFO - Processing /opt/airflow/dags/scd_snapshots.py took 0.051 seconds
[2026-05-28T15:11:01.264+0000] {processor.py:161} INFO - Started process (PID=1573) to work on /opt/airflow/dags/scd_snapshots.py
[2026-05-28T15:11:01.265+0000] {processor.py:830} INFO - Processing file /opt/airflow/dags/scd_snapshots.py for tasks to queue
[2026-05-28T15:11:01.265+0000] {logging_mixin.py:188} INFO - [2026-05-28T15:11:01.265+0000] {dagbag.py:545} INFO - Filling up the DagBag from /opt/airflow/dags/scd_snapshots.py
[2026-05-28T15:11:01.275+0000] {processor.py:840} INFO - DAG(s) 'SCD2_snapshots' retrieved from /opt/airflow/dags/scd_snapshots.py
[2026-05-28T15:11:01.296+0000] {logging_mixin.py:188} INFO - [2026-05-28T15:11:01.296+0000] {dag.py:3089} INFO - Sync 1 DAGs
[2026-05-28T15:11:01.305+0000] {logging_mixin.py:188} INFO - [2026-05-28T15:11:01.305+0000] {dag.py:3947} INFO - Setting next_dagrun for SCD2_snapshots to 2026-05-28 00:00:00+00:00, run_after=2026-05-29 00:00:00+00:00
[2026-05-28T15:11:01.318+0000] {processor.py:183} INFO - Processing /opt/airflow/dags/scd_snapshots.py took 0.058 seconds
[2026-05-28T15:11:31.555+0000] {processor.py:161} INFO - Started process (PID=1578) to work on /opt/airflow/dags/scd_snapshots.py
[2026-05-28T15:11:31.556+0000] {processor.py:830} INFO - Processing file /opt/airflow/dags/scd_snapshots.py for tasks to queue
[2026-05-28T15:11:31.556+0000] {logging_mixin.py:188} INFO - [2026-05-28T15:11:31.556+0000] {dagbag.py:545} INFO - Filling up the DagBag from /opt/airflow/dags/scd_snapshots.py
[2026-05-28T15:11:31.565+0000] {processor.py:840} INFO - DAG(s) 'SCD2_snapshots' retrieved from /opt/airflow/dags/scd_snapshots.py
[2026-05-28T15:11:31.588+0000] {logging_mixin.py:188} INFO - [2026-05-28T15:11:31.588+0000] {dag.py:3089} INFO - Sync 1 DAGs
[2026-05-28T15:11:31.598+0000] {logging_mixin.py:188} INFO - [2026-05-28T15:11:31.598+0000] {dag.py:3947} INFO - Setting next_dagrun for SCD2_snapshots to 2026-05-28 00:00:00+00:00, run_after=2026-05-29 00:00:00+00:00
[2026-05-28T15:11:31.605+0000] {processor.py:183} INFO - Processing /opt/airflow/dags/scd_snapshots.py took 0.055 seconds
[2026-05-28T19:23:29.194+0000] {processor.py:161} INFO - Started process (PID=31) to work on /opt/airflow/dags/scd_snapshots.py
[2026-05-28T19:23:29.195+0000] {processor.py:830} INFO - Processing file /opt/airflow/dags/scd_snapshots.py for tasks to queue
[2026-05-28T19:23:29.197+0000] {logging_mixin.py:188} INFO - [2026-05-28T19:23:29.196+0000] {dagbag.py:545} INFO - Filling up the DagBag from /opt/airflow/dags/scd_snapshots.py
[2026-05-28T19:23:29.213+0000] {processor.py:840} INFO - DAG(s) 'SCD2_snapshots' retrieved from /opt/airflow/dags/scd_snapshots.py
[2026-05-28T19:23:29.245+0000] {logging_mixin.py:188} INFO - [2026-05-28T19:23:29.245+0000] {dag.py:3089} INFO - Sync 1 DAGs
[2026-05-28T19:23:29.256+0000] {logging_mixin.py:188} INFO - [2026-05-28T19:23:29.256+0000] {dag.py:3947} INFO - Setting next_dagrun for SCD2_snapshots to 2026-05-28 00:00:00+00:00, run_after=2026-05-29 00:00:00+00:00
[2026-05-28T19:23:29.271+0000] {processor.py:183} INFO - Processing /opt/airflow/dags/scd_snapshots.py took 0.079 seconds
